customer_id,age,income,tenure_months,contract_type,internet_service,monthly_charges,total_charges,num_support_tickets,satisfaction_score,has_partner,has_dependents,churn
1001,44,53564,20,Two year,Fiber optic,64.29,1285.8,2,2.8,0,1,0
1002,38,50745,12,Month-to-month,DSL,34.87,418.44,1,4.3,1,0,1
1003,46,48349,14,Month-to-month,Fiber optic,77.01,1078.14,0,3.7,1,1,1
1004,55,55102,34,One year,No,20.24,688.16,3,3.9,0,1,1
1005,37,33318,18,Month-to-month,DSL,45.17,813.06,3,3.7,0,0,1
1006,37,35396,6,Two year,Fiber optic,64.29,385.74,2,3.5,0,0,0
1007,55,83592,42,Month-to-month,DSL,44.83,1882.86,2,3.5,1,0,0
1008,47,61957,29,Month-to-month,Fiber optic,72.44,2100.76,0,3.0,1,0,1
1009,35,30000,7,Month-to-month,DSL,43.49,304.43,0,3.7,0,0,1
1010,45,39420,23,One year,Fiber optic,75.46,1735.58,2,2.9,0,1,0
1011,35,43854,21,Month-to-month,DSL,45.92,964.32,1,3.9,0,1,1
1012,35,44378,16,Month-to-month,Fiber optic,78.05,1248.8,0,3.5,0,0,1
1013,42,51391,20,Month-to-month,Fiber optic,73.84,1476.8,2,2.6,0,1,1
1014,25,30000,1,Month-to-month,DSL,43.29,43.29,3,3.6,1,0,1
1015,25,30000,1,Month-to-month,Fiber optic,69.23,69.23,1,3.8,0,0,1
1016,34,41623,7,One year,Fiber optic,69.4,485.8,1,3.8,1,1,0
1017,29,34687,1,One year,DSL,26.14,26.14,0,3.9,0,1,1
1018,43,30245,33,Month-to-month,Fiber optic,72.05,2377.65,1,3.4,1,0,0
1019,30,33161,6,Month-to-month,No,19.59,117.54,1,3.8,1,0,1
1020,25,30000,2,One year,Fiber optic,74.07,148.14,3,3.5,0,0,1
1021,54,60401,34,Month-to-month,No,18.66,634.44,1,4.1,1,0,1
1022,37,65882,9,Month-to-month,No,21.74,195.66,0,4.2,0,1,0
1023,40,47939,16,Month-to-month,DSL,34.1,545.6,1,3.7,1,1,1
1024,25,30000,1,One year,Fiber optic,70.97,70.97,2,3.2,1,1,1
1025,34,46374,24,Two year,Fiber optic,59.1,1418.4,0,3.9,0,0,0
1026,41,49861,11,One year,Fiber optic,65.21,717.31,1,2.9,1,1,1
1027,28,36360,1,Month-to-month,DSL,44.06,44.06,3,3.8,1,0,0
1028,43,52854,18,Month-to-month,No,26.38,474.84,1,4.1,1,1,0
1029,33,54452,17,Two year,Fiber optic,69.36,1179.12,3,3.4,1,0,1
1030,37,32952,14,Month-to-month,Fiber optic,75.09,1051.26,2,3.6,0,1,1
1031,33,41789,2,Two year,DSL,40.4,80.8,0,4.0,1,1,0
1032,58,55588,47,Two year,DSL,36.93,1735.71,0,4.3,1,1,0
1033,39,48444,21,Month-to-month,DSL,42.28,887.88,4,3.0,1,0,1
1034,29,30000,8,Two year,DSL,42.64,341.12,2,3.4,1,1,0
1035,48,49661,31,Month-to-month,Fiber optic,68.07,2110.17,2,3.7,0,1,1
1036,27,30000,16,One year,DSL,45.72,731.52,1,3.5,0,1,1
1037,42,54806,33,Month-to-month,Fiber optic,73.06,2410.98,0,3.6,1,0,1
1038,25,37347,1,Month-to-month,DSL,49.13,49.13,3,3.0,1,0,1
1039,26,30000,10,One year,DSL,47.56,475.6,1,3.5,0,0,0
1040,41,46439,21,One year,Fiber optic,62.88,1320.48,1,3.3,1,0,1
1041,47,46323,29,Month-to-month,Fiber optic,72.09,2090.61,2,3.6,1,1,1
1042,41,35931,9,Month-to-month,DSL,40.72,366.48,0,4.1,1,1,0
1043,38,41263,14,Month-to-month,Fiber optic,65.94,923.16,3,3.3,1,0,1
1044,36,38532,8,Month-to-month,DSL,39.84,318.72,0,3.5,1,1,0
1045,25,49413,4,Month-to-month,Fiber optic,87.21,348.84,3,2.7,1,0,1
1046,32,40463,14,Month-to-month,DSL,48.05,672.7,1,3.6,1,0,0
1047,35,30000,1,Month-to-month,Fiber optic,84.59,84.59,3,2.9,0,0,1
1048,50,50481,29,Month-to-month,No,24.15,700.35,1,4.8,0,1,0
1049,43,56171,28,Month-to-month,DSL,41.29,1156.12,1,3.1,0,1,1
1050,25,46707,1,Month-to-month,Fiber optic,73.09,73.09,0,3.6,0,0,1
1051,43,35312,25,Month-to-month,Fiber optic,77.94,1948.5,2,3.7,0,1,1
1052,36,30000,15,Two year,No,20.19,302.85,0,4.1,1,0,0
1053,33,52967,11,Month-to-month,DSL,42.11,463.21,2,3.6,1,0,1
1054,46,54116,23,Two year,DSL,32.95,757.85,1,4.1,0,0,1
1055,50,48053,22,One year,Fiber optic,87.69,1929.18,3,2.0,1,0,1
1056,49,58277,22,One year,Fiber optic,70.54,1551.88,2,3.2,0,1,0
1057,31,30000,11,One year,Fiber optic,69.62,765.82,0,3.3,0,1,0
1058,36,41027,13,One year,DSL,43.32,563.16,0,4.6,1,0,0
1059,43,50622,20,Month-to-month,Fiber optic,73.79,1475.8,2,3.0,0,0,1
1060,49,61394,26,Month-to-month,DSL,45.61,1185.86,1,3.5,1,0,1
1061,35,31888,10,One year,No,25.43,254.3,0,4.5,0,0,1
1062,38,43685,21,Month-to-month,Fiber optic,74.38,1561.98,3,3.0,1,0,1
1063,28,30000,1,One year,Fiber optic,65.44,65.44,2,3.5,1,0,1
1064,28,35043,1,Month-to-month,Fiber optic,74.19,74.19,3,3.5,0,1,0
1065,48,45837,32,One year,Fiber optic,68.93,2205.76,2,3.0,1,0,0
1066,53,54735,32,Month-to-month,Fiber optic,82.12,2627.84,3,3.3,0,0,0
1067,39,36033,16,Month-to-month,Fiber optic,80.86,1293.76,2,3.6,1,1,1
1068,50,60209,39,Month-to-month,DSL,45.54,1776.06,0,3.7,1,0,1
1069,43,54867,21,One year,DSL,36.36,763.56,0,3.9,1,0,1
1070,33,36123,11,Two year,Fiber optic,61.37,675.07,2,3.3,0,0,1
1071,43,48305,14,Month-to-month,Fiber optic,75.08,1051.12,3,2.8,0,0,0
1072,55,48411,34,One year,DSL,44.43,1510.62,2,4.0,1,0,0
1073,39,41602,20,Month-to-month,DSL,43.13,862.6,3,3.1,0,0,1
1074,55,59598,26,Month-to-month,DSL,42.6,1107.6,1,3.8,0,1,1
1075,25,50966,1,Month-to-month,No,17.04,17.04,0,4.1,1,1,1
1076,48,44104,28,Month-to-month,Fiber optic,74.88,2096.64,1,3.3,1,1,1
1077,40,56713,18,Month-to-month,DSL,33.09,595.62,1,4.5,0,0,0
1078,37,49974,20,Month-to-month,Fiber optic,69.49,1389.8,0,4.1,0,0,1
1079,40,47245,20,One year,No,15.86,317.2,0,4.5,1,0,0
1080,25,44068,8,One year,DSL,48.79,390.32,0,4.1,1,0,1
1081,37,44976,8,Month-to-month,No,15.93,127.44,2,4.1,1,0,1
1082,43,51113,22,Month-to-month,Fiber optic,75.9,1669.8,1,3.2,0,0,1
1083,54,58575,35,Month-to-month,Fiber optic,76.13,2664.55,2,3.6,0,0,1
1084,34,48788,4,Month-to-month,Fiber optic,81.49,325.96,2,3.4,0,0,1
1085,31,44771,12,Month-to-month,No,26.31,315.72,0,4.3,1,0,1
1086,34,33994,24,Month-to-month,DSL,44.71,1073.04,2,3.5,0,0,1
1087,49,43446,28,Two year,No,15.62,437.36,0,4.3,1,0,0
1088,43,46376,24,One year,DSL,39.43,946.32,0,4.1,1,0,1
1089,34,32599,11,Month-to-month,Fiber optic,73.79,811.69,1,3.3,1,0,1
1090,45,49491,19,Month-to-month,Fiber optic,72.83,1383.77,1,3.6,0,0,1
1091,40,54899,7,Month-to-month,Fiber optic,77.77,544.39,3,3.0,1,0,1
1092,49,50341,24,One year,DSL,44.85,1076.4,0,3.6,1,0,0
1093,32,36657,1,Month-to-month,DSL,47.96,47.96,3,2.9,0,0,1
1094,36,41464,23,Month-to-month,DSL,51.3,1179.9,1,3.9,0,1,0
1095,36,47787,12,One year,No,28.31,339.72,2,3.4,1,0,1
1096,25,30000,1,Month-to-month,Fiber optic,75.62,75.62,2,3.0,0,0,1
1097,42,42146,25,Month-to-month,Fiber optic,80.5,2012.5,4,2.5,0,0,1
1098,42,48690,13,Month-to-month,No,18.24,237.12,1,3.8,0,0,1
1099,40,54600,13,Month-to-month,No,25.93,337.09,0,4.3,0,0,1
1100,37,38064,14,Month-to-month,Fiber optic,80.31,1124.34,2,3.0,1,1,1
1101,25,30000,6,Month-to-month,Fiber optic,80.04,480.24,1,3.0,1,1,1
1102,35,44957,15,Month-to-month,Fiber optic,75.47,1132.05,1,3.9,1,0,1
1103,36,35917,14,Month-to-month,DSL,41.66,583.24,1,3.0,1,1,0
1104,31,30000,7,One year,DSL,35.78,250.46,2,3.4,1,0,1
1105,38,38005,18,Month-to-month,Fiber optic,74.8,1346.4,1,3.1,1,0,1
1106,44,47523,24,Month-to-month,Fiber optic,82.67,1984.08,2,2.6,0,1,1
1107,58,58162,33,One year,DSL,41.2,1359.6,1,4.5,1,0,0
1108,41,30000,19,One year,Fiber optic,75.18,1428.42,3,3.5,0,0,1
1109,42,54176,13,One year,Fiber optic,75.47,981.11,1,3.1,0,1,0
1110,39,54199,17,Month-to-month,DSL,43.58,740.86,3,3.7,0,0,1
1111,25,35212,1,Month-to-month,DSL,51.58,51.58,3,3.4,0,1,1
1112,39,34898,32,One year,No,15.0,480.0,0,4.9,0,1,0
1113,40,43388,17,One year,No,15.0,255.0,1,4.1,0,1,0
1114,64,68947,38,Month-to-month,Fiber optic,70.42,2675.96,0,3.7,1,0,0
1115,38,47790,14,Two year,DSL,36.4,509.6,1,4.3,0,0,0
1116,43,53346,24,Month-to-month,Fiber optic,76.68,1840.32,2,3.4,1,1,0
1117,39,38126,26,Two year,Fiber optic,68.95,1792.7,2,3.2,1,1,0
1118,28,33655,1,Two year,No,19.97,19.97,0,4.0,1,0,1
1119,51,59658,21,One year,DSL,45.73,960.33,0,3.7,0,1,1
1120,47,63646,31,Two year,Fiber optic,62.75,1945.25,2,2.7,1,0,1
1121,47,57636,18,One year,Fiber optic,65.16,1172.88,0,3.9,0,0,1
1122,30,41312,3,Month-to-month,Fiber optic,76.98,230.94,2,3.1,1,0,1
1123,54,59670,33,Month-to-month,DSL,41.85,1381.05,1,3.9,1,0,1
1124,25,41283,1,Month-to-month,DSL,37.15,37.15,2,3.6,0,1,1
1125,45,53278,28,Month-to-month,Fiber optic,79.86,2236.08,1,2.9,0,0,1
1126,61,59111,39,One year,Fiber optic,78.23,3050.97,0,3.5,0,1,1
1127,30,46226,4,Month-to-month,DSL,52.79,211.16,3,3.4,1,0,1
1128,34,44583,10,Month-to-month,Fiber optic,75.94,759.4,1,3.0,1,0,0
1129,40,41455,18,Month-to-month,DSL,48.13,866.34,3,3.3,1,1,1
1130,34,35164,11,Two year,Fiber optic,74.35,817.85,3,2.7,0,0,1
1131,25,32372,2,Month-to-month,Fiber optic,71.79,143.58,2,3.1,0,1,1
1132,40,48705,23,Month-to-month,DSL,50.55,1162.65,1,3.3,0,0,0
1133,29,35578,7,Month-to-month,Fiber optic,76.38,534.66,2,3.0,1,0,1
1134,44,51490,25,One year,DSL,47.32,1183.0,2,4.0,0,0,0
1135,30,48599,1,Month-to-month,DSL,45.93,45.93,3,3.2,0,1,1
1136,55,68572,36,One year,No,25.48,917.28,0,4.0,1,0,0
1137,32,38525,11,Month-to-month,No,21.12,232.32,1,3.9,1,1,0
1138,36,48530,17,Month-to-month,DSL,37.58,638.86,0,4.0,1,1,0
1139,48,44739,23,Two year,Fiber optic,74.76,1719.48,3,3.4,0,0,1
1140,27,35183,1,Month-to-month,Fiber optic,70.26,70.26,1,3.8,0,1,1
1141,42,61474,16,Month-to-month,No,26.27,420.32,0,4.2,1,0,0
1142,53,56255,36,Month-to-month,Fiber optic,74.55,2683.8,1,3.1,1,0,1
1143,25,30000,6,Month-to-month,Fiber optic,80.88,485.28,3,2.3,0,0,1
1144,41,40783,16,Month-to-month,Fiber optic,80.67,1290.72,2,2.7,0,0,1
1145,42,38282,25,Month-to-month,Fiber optic,77.15,1928.75,2,2.5,0,0,1
1146,47,45721,27,Month-to-month,No,22.54,608.58,0,4.5,1,0,1
1147,27,30000,1,Month-to-month,DSL,47.11,47.11,1,4.1,0,0,1
1148,26,30000,1,One year,Fiber optic,61.18,61.18,2,3.2,1,1,0
1149,45,50124,28,One year,No,19.59,548.52,1,4.2,1,0,0
1150,42,54218,22,Month-to-month,No,15.0,330.0,1,3.8,1,1,0
1151,42,39737,34,Month-to-month,No,20.86,709.24,2,3.3,0,0,0
1152,43,60154,16,Month-to-month,DSL,39.29,628.64,3,3.4,1,1,0
1153,33,42086,12,Month-to-month,DSL,39.08,468.96,2,3.7,1,0,1
1154,42,55244,17,Month-to-month,DSL,53.02,901.34,2,3.9,0,0,1
1155,42,41737,15,Month-to-month,No,25.35,380.25,0,4.8,1,0,1
1156,32,43836,8,Month-to-month,Fiber optic,74.98,599.84,4,2.6,0,0,1
1157,58,54264,40,Month-to-month,Fiber optic,75.92,3036.8,3,3.1,1,0,1
1158,44,56121,40,Month-to-month,DSL,43.76,1750.4,0,4.0,0,1,0
1159,28,34374,2,Two year,No,20.85,41.7,0,4.3,1,1,0
1160,46,55426,18,Month-to-month,No,16.62,299.16,3,3.7,1,1,1
1161,30,30000,7,One year,DSL,47.72,334.04,4,3.0,0,0,1
1162,47,44839,13,One year,No,17.73,230.49,0,4.3,1,0,0
1163,51,60777,30,Month-to-month,DSL,42.9,1287.0,4,3.7,1,1,1
1164,31,30000,7,Month-to-month,Fiber optic,75.11,525.77,3,2.9,1,0,1
1165,49,57705,33,Month-to-month,DSL,42.04,1387.32,0,4.5,0,1,0
1166,44,38062,28,Month-to-month,DSL,46.64,1305.92,3,3.0,0,0,1
1167,48,59785,24,Month-to-month,DSL,42.31,1015.44,0,3.1,1,1,1
1168,58,53139,38,One year,Fiber optic,73.59,2796.42,1,3.2,0,1,1
1169,37,46418,9,Month-to-month,Fiber optic,81.08,729.72,4,2.3,1,1,1
1170,32,42005,1,Month-to-month,Fiber optic,71.4,71.4,3,2.5,0,0,1
1171,31,30425,9,One year,Fiber optic,70.6,635.4,1,3.7,0,0,1
1172,31,40656,1,One year,DSL,45.06,45.06,5,2.5,1,1,0
1173,39,46083,14,Month-to-month,DSL,42.82,599.48,7,2.7,1,1,1
1174,43,43689,15,One year,Fiber optic,73.57,1103.55,2,3.7,1,0,0
1175,42,38931,23,Month-to-month,No,22.78,523.94,0,3.9,1,0,1
1176,48,37298,38,Month-to-month,Fiber optic,80.42,3055.96,2,2.9,1,1,1
1177,40,47797,10,Month-to-month,Fiber optic,71.97,719.7,4,3.1,1,0,1
1178,54,46481,23,Month-to-month,Fiber optic,70.29,1616.67,1,3.2,1,1,1
1179,37,42762,13,Two year,No,16.46,213.98,0,4.5,1,1,0
1180,65,67892,48,Month-to-month,Fiber optic,70.16,3367.68,2,3.3,1,1,1
1181,46,56433,26,Month-to-month,DSL,47.82,1243.32,1,3.7,0,0,0
1182,31,33583,4,Month-to-month,No,15.0,60.0,0,4.2,1,0,1
1183,29,31364,3,Month-to-month,DSL,56.67,170.01,2,3.1,0,0,1
1184,44,54854,25,Month-to-month,Fiber optic,81.48,2037.0,1,2.8,0,1,1
1185,37,44680,20,Month-to-month,DSL,45.06,901.2,1,3.9,0,0,0
1186,47,54529,14,One year,DSL,47.09,659.26,0,3.7,0,0,0
1187,44,52754,20,Month-to-month,No,15.0,300.0,1,4.5,0,0,1
1188,39,31715,18,Month-to-month,Fiber optic,87.62,1577.16,2,3.4,1,0,1
1189,31,42054,1,Month-to-month,Fiber optic,72.05,72.05,0,3.2,1,1,0
1190,25,34899,10,Month-to-month,Fiber optic,74.4,744.0,1,3.5,0,1,1
1191,35,31866,8,Month-to-month,DSL,35.72,285.76,0,4.7,1,1,0
1192,48,51047,27,One year,DSL,45.18,1219.86,1,3.5,1,0,1
1193,42,46685,23,Two year,Fiber optic,61.97,1425.31,0,4.0,1,1,1
1194,27,30924,1,Month-to-month,DSL,45.51,45.51,4,3.3,0,0,1
1195,41,48670,8,Month-to-month,Fiber optic,72.28,578.24,3,3.2,1,1,1
1196,43,59450,19,One year,Fiber optic,65.86,1251.34,0,3.4,0,0,0
1197,31,44654,13,Month-to-month,DSL,40.98,532.74,4,3.8,0,0,1
1198,41,35502,17,Month-to-month,DSL,46.13,784.21,1,3.5,0,0,1
1199,40,49976,12,Month-to-month,Fiber optic,68.59,823.08,1,3.6,1,0,1
1200,28,43631,9,One year,No,15.26,137.34,2,4.0,1,1,0
1201,43,51094,19,Month-to-month,DSL,48.32,918.08,2,3.6,0,0,1
1202,45,58727,20,One year,Fiber optic,84.26,1685.2,2,2.6,0,0,0
1203,50,71098,30,One year,DSL,45.14,1354.2,0,3.6,1,1,0
1204,50,63189,34,Month-to-month,Fiber optic,70.41,2393.94,2,3.2,1,0,1
1205,26,32994,15,One year,No,17.16,257.4,3,3.6,0,0,0
1206,30,43360,10,One year,Fiber optic,71.41,714.1,0,3.4,1,0,1
1207,45,51159,30,Month-to-month,No,18.25,547.5,0,4.5,1,1,0
1208,45,50191,20,Month-to-month,No,24.52,490.4,0,3.8,0,0,1
1209,45,47188,17,Month-to-month,Fiber optic,76.09,1293.53,2,3.4,1,1,0
1210,65,82507,48,Month-to-month,Fiber optic,79.54,3817.92,4,2.6,0,0,1
1211,45,43452,24,Month-to-month,DSL,43.43,1042.32,2,3.8,1,0,1
1212,51,68258,24,Month-to-month,DSL,51.63,1239.12,1,3.8,0,0,0
1213,49,57998,27,Month-to-month,Fiber optic,74.17,2002.59,1,3.5,0,1,1
1214,46,39805,27,Two year,DSL,35.64,962.28,0,3.7,1,0,1
1215,36,43941,15,Month-to-month,Fiber optic,85.89,1288.35,3,3.1,1,1,1
1216,47,35199,29,Month-to-month,Fiber optic,65.88,1910.52,2,3.3,0,0,1
1217,32,42004,10,Month-to-month,Fiber optic,71.31,713.1,1,3.2,0,0,1
1218,37,49081,11,Month-to-month,DSL,41.86,460.46,0,3.9,0,1,1
1219,35,35261,8,Month-to-month,DSL,57.54,460.32,0,3.8,1,1,1
1220,40,45988,10,Month-to-month,Fiber optic,84.03,840.3,2,3.0,1,0,1
1221,63,83633,56,Month-to-month,No,27.47,1538.32,0,4.4,1,1,1
1222,25,30000,1,One year,DSL,41.1,41.1,1,4.3,1,1,0
1223,46,42528,23,One year,No,31.13,715.99,2,3.4,1,0,0
1224,25,41853,1,Month-to-month,No,21.84,21.84,0,4.5,1,0,0
1225,35,55700,29,One year,No,23.89,692.81,2,3.8,1,0,1
1226,50,55029,23,One year,DSL,43.65,1003.95,4,3.5,1,0,1
1227,40,53091,15,Month-to-month,Fiber optic,74.75,1121.25,0,4.0,1,1,0
1228,29,44731,7,Two year,DSL,39.24,274.68,0,4.1,0,0,0
1229,32,31060,12,One year,DSL,41.7,500.4,3,3.6,0,0,0
1230,46,47117,30,Month-to-month,No,23.04,691.2,0,4.6,0,0,1
1231,32,46846,19,Month-to-month,Fiber optic,76.84,1459.96,0,3.7,1,1,1
1232,42,60480,23,Month-to-month,DSL,44.84,1031.32,2,3.9,0,1,1
1233,40,49503,11,Month-to-month,Fiber optic,82.55,908.05,2,2.9,0,0,1
1234,33,30961,8,One year,Fiber optic,56.42,451.36,0,3.6,1,0,1
1235,61,81896,45,Month-to-month,No,22.55,1014.75,1,3.7,1,0,0
1236,46,46752,37,One year,DSL,46.34,1714.58,2,3.4,1,1,0
1237,25,30000,1,One year,DSL,48.48,48.48,3,3.2,0,0,1
1238,41,48738,26,One year,Fiber optic,70.93,1844.18,1,3.3,1,1,1
1239,33,50433,10,One year,Fiber optic,72.29,722.9,2,3.3,0,0,1
1240,48,59831,32,Month-to-month,Fiber optic,79.93,2557.76,0,3.6,0,0,0
1241,32,40318,7,Month-to-month,DSL,52.46,367.22,1,3.6,0,1,0
1242,38,46706,10,One year,Fiber optic,69.75,697.5,0,3.7,1,1,1
1243,45,50348,28,Month-to-month,No,21.33,597.24,0,4.5,0,0,0
1244,48,57465,31,Month-to-month,No,28.39,880.09,0,3.9,1,1,1
1245,27,30000,8,Two year,Fiber optic,56.88,455.04,1,3.8,1,0,1
1246,36,38627,13,One year,Fiber optic,67.8,881.4,0,3.4,0,0,1
1247,35,41930,8,Month-to-month,No,27.33,218.64,0,4.6,0,1,1
1248,33,30000,1,One year,No,24.46,24.46,0,4.3,0,1,0
1249,57,65090,43,One year,No,21.61,929.23,0,4.3,1,1,0
1250,44,47364,25,Month-to-month,No,17.76,444.0,0,3.8,0,0,1
1251,27,46043,1,Month-to-month,DSL,40.59,40.59,0,4.2,0,1,0
1252,49,66584,25,Two year,Fiber optic,64.54,1613.5,0,3.7,0,0,1
1253,61,62273,40,Month-to-month,Fiber optic,82.74,3309.6,4,2.6,1,0,1
1254,50,53793,21,Month-to-month,Fiber optic,71.86,1509.06,0,3.5,0,1,0
1255,25,30000,1,Month-to-month,Fiber optic,75.51,75.51,2,3.3,0,0,1
1256,35,36386,5,One year,DSL,38.98,194.9,0,4.3,0,1,0
1257,52,58560,29,Month-to-month,Fiber optic,79.21,2297.09,0,3.6,1,0,1
1258,32,30933,3,Month-to-month,Fiber optic,72.31,216.93,4,3.1,0,0,1
1259,44,39955,13,Month-to-month,DSL,44.51,578.63,0,3.7,1,1,1
1260,47,56981,38,Two year,Fiber optic,59.08,2245.04,1,3.3,0,1,1
1261,30,40036,13,Month-to-month,DSL,36.93,480.09,1,4.0,1,0,0
1262,39,37565,12,Month-to-month,Fiber optic,75.04,900.48,2,3.3,1,0,1
1263,25,37162,1,Two year,Fiber optic,60.87,60.87,1,3.6,1,1,1
1264,29,30000,7,Month-to-month,DSL,55.53,388.71,2,3.0,0,0,1
1265,37,44025,21,Two year,Fiber optic,57.19,1200.99,0,3.4,0,0,1
1266,27,38562,1,Two year,No,15.0,15.0,2,3.9,0,1,1
1267,56,60731,43,Two year,Fiber optic,67.58,2905.94,2,2.6,1,0,1
1268,25,33637,1,Month-to-month,DSL,43.17,43.17,2,3.6,1,1,0
1269,35,35868,3,One year,No,15.0,45.0,2,4.0,0,1,0
1270,41,44428,23,One year,DSL,37.96,873.08,0,3.8,1,1,1
1271,54,57353,42,Two year,Fiber optic,62.55,2627.1,2,3.1,0,0,1
1272,25,30000,15,Month-to-month,No,18.57,278.55,0,4.4,1,1,0
1273,51,54585,24,One year,Fiber optic,81.01,1944.24,4,2.1,0,0,1
1274,40,32611,22,Month-to-month,No,20.39,448.58,1,3.9,0,0,1
1275,30,31070,3,Month-to-month,Fiber optic,80.91,242.73,3,2.7,0,0,1
1276,44,46720,27,Month-to-month,Fiber optic,77.53,2093.31,0,3.3,1,0,1
1277,41,43950,10,One year,DSL,48.32,483.2,2,3.4,1,0,1
1278,33,36068,2,Month-to-month,DSL,31.0,62.0,1,4.3,0,0,1
1279,40,44505,13,Month-to-month,Fiber optic,73.48,955.24,1,3.6,1,0,1
1280,36,44835,13,Two year,Fiber optic,74.04,962.52,1,3.1,0,0,1
1281,41,52996,15,Month-to-month,Fiber optic,72.14,1082.1,1,3.0,0,1,0
1282,46,45801,29,One year,DSL,51.56,1495.24,1,3.5,0,0,1
1283,55,50374,42,Month-to-month,DSL,52.42,2201.64,0,4.2,1,1,1
1284,27,30000,5,Month-to-month,Fiber optic,72.65,363.25,3,2.3,1,0,1
1285,61,62102,52,One year,DSL,40.23,2091.96,1,3.8,1,1,0
1286,25,30000,2,Two year,DSL,35.43,70.86,1,3.8,1,0,1
1287,38,36840,8,Month-to-month,DSL,41.85,334.8,1,4.1,0,1,1
1288,45,39631,32,One year,Fiber optic,65.09,2082.88,3,3.3,1,0,1
1289,42,43351,16,Month-to-month,Fiber optic,77.14,1234.24,5,2.0,0,1,1
1290,33,39451,15,Month-to-month,DSL,37.72,565.8,1,4.2,1,0,1
1291,37,46760,23,Month-to-month,No,23.02,529.46,0,3.6,0,1,0
1292,35,35540,14,Month-to-month,No,23.14,323.96,0,4.4,1,1,1
1293,34,35696,1,Month-to-month,DSL,36.69,36.69,0,4.3,1,0,1
1294,48,45586,22,Month-to-month,DSL,52.75,1160.5,0,4.3,0,0,1
1295,43,47748,29,Month-to-month,Fiber optic,77.57,2249.53,0,3.5,1,1,1
1296,33,31212,8,Month-to-month,DSL,48.75,390.0,2,3.3,0,0,1
1297,48,57585,28,Month-to-month,DSL,41.21,1153.88,1,3.5,0,0,1
1298,43,33713,26,Month-to-month,Fiber optic,78.11,2030.86,2,3.5,1,1,0
1299,48,50122,31,Two year,DSL,46.13,1430.03,5,3.4,1,0,0
1300,46,53408,26,One year,Fiber optic,70.76,1839.76,4,2.6,0,1,1
1301,31,37470,5,Month-to-month,No,30.01,150.05,0,4.2,0,0,0
1302,34,60544,8,Two year,DSL,40.72,325.76,0,4.4,1,0,0
1303,47,54798,31,One year,Fiber optic,76.95,2385.45,2,3.3,1,0,1
1304,46,42967,28,Month-to-month,Fiber optic,76.47,2141.16,2,3.0,0,1,1
1305,39,43236,15,Month-to-month,DSL,47.93,718.95,2,3.3,1,1,1
1306,41,31790,25,One year,Fiber optic,62.89,1572.25,1,3.2,1,0,0
1307,52,56355,31,Month-to-month,Fiber optic,76.86,2382.66,1,3.5,0,0,1
1308,34,32335,5,One year,DSL,39.08,195.4,1,3.7,0,0,0
1309,45,57323,19,One year,DSL,38.52,731.88,0,3.9,0,1,0
1310,37,37603,8,One year,Fiber optic,79.97,639.76,4,2.8,1,0,1
1311,37,41065,12,Two year,No,16.93,203.16,0,4.4,0,0,0
1312,50,49915,37,Month-to-month,Fiber optic,69.98,2589.26,3,3.1,1,0,1
1313,48,66910,22,Month-to-month,Fiber optic,73.2,1610.4,6,2.2,0,0,1
1314,48,50430,28,One year,Fiber optic,64.75,1813.0,4,2.7,1,0,1
1315,53,72660,29,Month-to-month,DSL,52.17,1512.93,2,3.2,0,0,1
1316,40,51513,16,One year,DSL,39.27,628.32,1,4.0,1,1,0
1317,46,54856,16,Two year,Fiber optic,70.15,1122.4,1,3.4,1,1,0
1318,36,43949,11,One year,DSL,49.53,544.83,2,3.5,0,1,0
1319,43,51150,20,Month-to-month,DSL,42.5,850.0,2,3.3,1,0,1
1320,38,30000,18,Month-to-month,No,22.66,407.88,1,4.3,0,0,1
1321,40,42768,19,Month-to-month,No,15.0,285.0,1,4.3,1,0,1
1322,45,56761,16,Month-to-month,Fiber optic,87.23,1395.68,3,2.9,1,1,1
1323,31,35608,13,One year,DSL,47.43,616.59,0,4.0,1,0,1
1324,60,53758,43,One year,Fiber optic,70.29,3022.47,1,3.4,1,1,0
1325,29,33580,5,One year,No,15.14,75.7,0,3.8,1,0,1
1326,27,45632,2,Month-to-month,Fiber optic,74.43,148.86,1,3.6,1,1,1
1327,51,65975,28,Month-to-month,DSL,43.3,1212.4,2,3.2,0,1,1
1328,47,51503,27,One year,Fiber optic,81.01,2187.27,2,3.3,0,0,1
1329,46,58611,28,Month-to-month,Fiber optic,68.87,1928.36,1,3.3,1,1,1
1330,46,48067,14,Month-to-month,No,20.67,289.38,1,3.6,1,1,1
1331,39,30369,13,One year,Fiber optic,71.16,925.08,2,3.1,1,1,1
1332,31,30000,5,One year,No,18.41,92.05,1,3.7,0,1,0
1333,40,57503,19,Month-to-month,Fiber optic,74.46,1414.74,0,3.8,1,0,1
1334,33,35808,16,Two year,Fiber optic,66.92,1070.72,1,3.2,1,1,1
1335,49,52052,24,Month-to-month,Fiber optic,79.37,1904.88,2,2.7,0,1,1
1336,38,40601,12,Two year,Fiber optic,70.54,846.48,3,3.1,0,0,1
1337,31,51233,4,Month-to-month,DSL,47.09,188.36,1,3.7,0,0,1
1338,36,54007,8,Month-to-month,No,15.0,120.0,2,4.1,0,0,0
1339,44,66750,20,Two year,No,19.5,390.0,1,4.1,1,0,1
1340,34,37727,15,Month-to-month,DSL,36.72,550.8,0,4.4,1,1,1
1341,31,38364,1,One year,Fiber optic,74.48,74.48,2,3.0,0,0,1
1342,42,34866,22,One year,No,26.37,580.14,0,3.7,1,0,0
1343,42,58815,10,Two year,Fiber optic,62.87,628.7,2,2.9,1,0,1
1344,34,30000,7,Two year,DSL,39.19,274.33,1,3.9,0,0,1
1345,35,41734,10,Month-to-month,DSL,42.0,420.0,0,3.8,1,0,1
1346,42,38221,30,One year,Fiber optic,77.43,2322.9,0,3.8,1,0,1
1347,25,30000,1,Month-to-month,DSL,45.48,45.48,2,3.2,1,0,0
1348,25,30000,1,Month-to-month,Fiber optic,83.64,83.64,3,3.1,0,1,1
1349,32,32136,1,One year,No,21.07,21.07,1,4.0,1,0,0
1350,37,37687,14,Month-to-month,Fiber optic,76.21,1066.94,2,3.4,0,0,1
1351,43,43613,25,Month-to-month,No,20.34,508.5,3,3.8,0,0,0
1352,54,65666,37,Month-to-month,No,24.09,891.33,0,4.3,0,0,1
1353,48,44161,28,One year,Fiber optic,62.56,1751.68,1,3.7,0,0,1
1354,38,44764,22,Two year,Fiber optic,67.93,1494.46,1,3.7,0,0,1
1355,39,53743,13,Month-to-month,DSL,44.65,580.45,3,3.3,0,0,0
1356,29,30000,10,Month-to-month,DSL,48.63,486.3,0,3.3,1,0,1
1357,39,38256,7,Two year,DSL,39.56,276.92,1,4.2,1,0,1
1358,37,40155,8,Month-to-month,DSL,39.81,318.48,0,3.9,0,1,0
1359,43,57437,10,Month-to-month,Fiber optic,75.04,750.4,1,4.0,0,0,1
1360,31,37552,5,Month-to-month,Fiber optic,69.59,347.95,2,3.0,1,1,1
1361,45,45750,23,Month-to-month,No,15.0,345.0,1,4.1,0,1,0
1362,55,63871,36,Month-to-month,DSL,48.64,1751.04,4,3.3,0,1,0
1363,38,34181,15,One year,Fiber optic,74.15,1112.25,2,3.3,1,0,1
1364,44,54450,17,Month-to-month,DSL,47.34,804.78,1,3.8,0,1,1
1365,46,54268,24,Two year,Fiber optic,74.01,1776.24,3,2.7,0,0,0
1366,35,37537,3,One year,No,15.67,47.01,1,3.8,0,0,0
1367,42,40291,28,One year,Fiber optic,64.09,1794.52,4,2.6,0,0,1
1368,40,37906,16,Month-to-month,No,19.65,314.4,0,3.9,1,1,0
1369,40,49278,15,Month-to-month,Fiber optic,73.26,1098.9,1,3.9,0,0,1
1370,32,46831,17,Month-to-month,DSL,40.79,693.43,4,2.9,1,1,1
1371,40,39901,10,Two year,DSL,40.1,401.0,0,3.9,1,0,1
1372,44,52667,16,Month-to-month,Fiber optic,71.94,1151.04,1,3.5,0,1,1
1373,54,42303,28,Month-to-month,No,15.0,420.0,0,4.4,0,1,0
1374,49,49323,28,Month-to-month,DSL,42.79,1198.12,3,3.2,1,1,1
1375,61,65751,45,Month-to-month,DSL,39.32,1769.4,0,4.0,1,0,1
1376,32,30000,12,Month-to-month,DSL,46.16,553.92,1,3.5,0,1,1
1377,48,45507,43,Month-to-month,Fiber optic,71.72,3083.96,2,3.0,0,1,1
1378,41,40657,5,Month-to-month,Fiber optic,80.56,402.8,4,2.7,1,0,1
1379,61,68337,46,Month-to-month,No,28.02,1288.92,0,3.9,0,0,0
1380,31,34501,3,Month-to-month,Fiber optic,78.4,235.2,1,3.5,0,1,1
1381,31,30000,3,One year,DSL,34.99,104.97,2,3.7,0,0,1
1382,34,30000,7,Month-to-month,Fiber optic,82.53,577.71,1,3.0,0,1,1
1383,25,30000,1,Month-to-month,DSL,52.88,52.88,1,3.5,0,0,1
1384,34,42661,20,Month-to-month,Fiber optic,75.09,1501.8,1,3.6,0,0,1
1385,32,30000,13,Month-to-month,DSL,51.61,670.93,0,4.1,1,0,1
1386,41,42002,19,Two year,DSL,37.74,717.06,0,4.1,1,0,0
1387,43,43790,29,Month-to-month,DSL,35.67,1034.43,1,3.7,0,0,1
1388,58,74106,30,One year,DSL,38.95,1168.5,2,3.8,0,1,0
1389,49,50919,20,Two year,Fiber optic,76.15,1523.0,2,3.1,1,0,1
1390,34,42063,1,One year,DSL,35.29,35.29,2,4.2,0,1,0
1391,31,37130,3,Month-to-month,Fiber optic,75.0,225.0,0,3.5,0,1,0
1392,44,31955,23,Month-to-month,DSL,45.17,1038.91,2,4.0,0,0,1
1393,26,37145,1,One year,Fiber optic,68.69,68.69,3,3.0,0,0,1
1394,58,64723,40,Month-to-month,Fiber optic,72.78,2911.2,0,3.2,1,0,1
1395,51,60066,22,One year,Fiber optic,71.61,1575.42,3,3.9,1,0,1
1396,35,71409,16,One year,Fiber optic,68.44,1095.04,2,2.7,0,0,1
1397,25,30000,1,One year,Fiber optic,64.14,64.14,2,2.6,1,0,0
1398,53,71797,37,Month-to-month,DSL,46.08,1704.96,5,2.3,0,1,1
1399,38,40700,4,One year,Fiber optic,76.62,306.48,2,3.9,0,0,1
1400,52,59298,34,One year,No,23.35,793.9,0,4.9,0,0,1
1401,25,30000,1,One year,DSL,38.7,38.7,1,3.9,1,1,0
1402,34,35606,8,Month-to-month,DSL,38.74,309.92,5,3.1,0,1,1
1403,40,40441,21,Month-to-month,Fiber optic,73.58,1545.18,1,3.4,0,1,1
1404,40,47636,18,Month-to-month,DSL,52.84,951.12,2,2.9,0,1,1
1405,35,30000,6,Month-to-month,DSL,48.23,289.38,0,4.3,0,0,1
1406,46,57004,25,Month-to-month,DSL,48.52,1213.0,5,3.3,1,1,1
1407,29,30670,1,Two year,Fiber optic,71.95,71.95,3,2.6,1,1,1
1408,38,33959,22,Month-to-month,No,22.1,486.2,4,3.6,1,0,0
1409,41,42399,17,One year,No,19.6,333.2,1,4.1,1,0,0
1410,45,60057,30,Month-to-month,DSL,48.31,1449.3,0,3.8,1,0,1
1411,47,47717,23,Month-to-month,Fiber optic,72.27,1662.21,0,3.3,0,0,1
1412,28,35867,1,Month-to-month,Fiber optic,67.93,67.93,1,3.3,0,0,1
1413,25,30000,1,Month-to-month,Fiber optic,78.61,78.61,1,3.1,0,1,1
1414,52,63063,37,Two year,Fiber optic,73.69,2726.53,3,3.2,0,0,1
1415,43,53484,17,Month-to-month,DSL,39.41,669.97,0,4.0,0,0,1
1416,32,51788,12,One year,Fiber optic,75.36,904.32,2,2.9,0,0,1
1417,55,58595,33,Month-to-month,No,28.4,937.2,2,3.8,0,1,1
1418,41,51349,7,Two year,No,17.99,125.93,0,4.3,1,0,1
1419,51,56784,27,Month-to-month,No,15.91,429.57,0,4.3,1,0,0
1420,40,55366,10,Month-to-month,Fiber optic,75.62,756.2,4,2.9,0,1,1
1421,60,59249,42,Month-to-month,Fiber optic,72.25,3034.5,2,3.0,0,0,1
1422,57,67960,31,Month-to-month,DSL,41.92,1299.52,2,3.4,1,0,0
1423,37,40442,19,Month-to-month,Fiber optic,77.17,1466.23,2,2.6,0,0,1
1424,49,53486,28,Two year,DSL,32.48,909.44,2,3.7,0,1,1
1425,46,51734,24,One year,No,15.0,360.0,0,4.7,0,1,0
1426,53,60017,37,One year,DSL,42.85,1585.45,0,3.9,1,0,1
1427,30,34070,11,Month-to-month,Fiber optic,74.89,823.79,0,3.3,1,0,1
1428,46,52717,25,Month-to-month,Fiber optic,76.72,1918.0,4,2.4,1,1,1
1429,50,67624,25,Month-to-month,DSL,54.38,1359.5,2,2.9,0,1,0
1430,25,37883,1,Two year,Fiber optic,68.02,68.02,2,3.5,0,1,0
1431,28,39953,1,One year,DSL,45.74,45.74,1,3.9,0,1,0
1432,25,30000,1,Two year,Fiber optic,62.62,62.62,2,3.5,1,0,1
1433,37,34886,15,One year,Fiber optic,75.09,1126.35,1,3.3,1,1,1
1434,47,59642,24,Month-to-month,No,17.37,416.88,0,4.1,0,1,0
1435,55,67008,40,Month-to-month,Fiber optic,75.36,3014.4,1,3.2,1,1,1
1436,40,56781,14,Month-to-month,Fiber optic,74.46,1042.44,1,3.1,0,1,1
1437,56,56168,36,Month-to-month,DSL,50.16,1805.76,0,3.7,1,0,1
1438,26,30000,8,Month-to-month,Fiber optic,68.45,547.6,1,3.3,1,1,1
1439,25,30000,2,Month-to-month,DSL,33.58,67.16,0,4.4,0,1,0
1440,39,40860,16,One year,DSL,41.68,666.88,2,4.2,1,1,0
1441,43,55972,17,Two year,No,20.34,345.78,0,4.0,0,0,1
1442,39,40268,13,One year,DSL,43.51,565.63,3,3.3,0,1,1
1443,25,35123,1,Two year,Fiber optic,73.66,73.66,2,3.2,1,1,0
1444,39,42475,13,Month-to-month,Fiber optic,77.19,1003.47,3,2.5,1,0,1
1445,26,33592,5,Month-to-month,Fiber optic,72.18,360.9,2,3.1,0,1,1
1446,46,41818,23,One year,DSL,31.12,715.76,3,3.6,1,1,0
1447,43,48681,13,Month-to-month,No,18.81,244.53,0,4.3,1,0,1
1448,30,30000,16,Month-to-month,No,25.14,402.24,2,4.0,0,0,1
1449,34,37504,12,Month-to-month,DSL,43.04,516.48,4,3.2,0,0,1
1450,29,30000,1,Month-to-month,Fiber optic,75.14,75.14,2,2.2,1,0,1
1451,39,53647,14,Month-to-month,Fiber optic,77.11,1079.54,5,2.2,0,0,1
1452,49,60219,29,Month-to-month,DSL,39.92,1157.68,1,4.2,1,0,1
1453,30,38733,16,Month-to-month,Fiber optic,78.12,1249.92,1,3.4,0,0,1
1454,45,62168,17,One year,Fiber optic,79.44,1350.48,2,2.2,0,0,1
1455,34,31408,16,Month-to-month,No,19.14,306.24,2,3.5,0,0,1
1456,32,50978,16,Month-to-month,Fiber optic,69.35,1109.6,0,3.8,1,1,1
1457,38,50457,11,Month-to-month,DSL,44.67,491.37,1,3.6,1,0,1
1458,29,32107,3,Month-to-month,No,15.0,45.0,0,3.6,0,1,1
1459,34,48084,4,One year,DSL,44.43,177.72,1,4.1,0,0,1
1460,28,30000,2,One year,DSL,45.01,90.02,2,3.7,1,0,0
1461,59,57403,40,One year,DSL,51.13,2045.2,4,2.8,0,0,0
1462,40,40131,21,Month-to-month,DSL,44.03,924.63,4,3.5,0,1,0
1463,33,33768,16,Month-to-month,No,22.04,352.64,2,3.6,0,1,1
1464,42,38547,15,Month-to-month,Fiber optic,70.69,1060.35,2,3.0,0,1,1
1465,38,52784,3,Month-to-month,Fiber optic,73.22,219.66,6,2.2,0,0,1
1466,37,39929,14,Month-to-month,Fiber optic,67.37,943.18,4,2.2,0,1,1
1467,46,53820,26,Month-to-month,DSL,44.03,1144.78,0,4.1,0,0,1
1468,47,47437,27,Month-to-month,DSL,43.47,1173.69,1,3.9,1,1,1
1469,34,30000,8,One year,DSL,44.25,354.0,1,3.6,0,0,1
1470,34,41160,11,Month-to-month,No,16.88,185.68,1,4.4,1,0,1
1471,37,30000,23,One year,Fiber optic,71.67,1648.41,1,2.8,1,0,1
1472,25,30000,2,Month-to-month,Fiber optic,73.33,146.66,0,3.7,0,1,1
1473,25,30000,1,Month-to-month,Fiber optic,73.34,73.34,0,3.6,1,0,0
1474,53,73898,30,Two year,Fiber optic,67.9,2037.0,1,3.2,0,0,1
1475,56,68290,36,Two year,DSL,40.7,1465.2,1,3.9,0,0,0
1476,37,42846,24,Month-to-month,DSL,48.81,1171.44,0,3.6,1,1,1
1477,45,60109,22,Month-to-month,Fiber optic,74.4,1636.8,1,3.6,1,0,1
1478,43,41229,21,Month-to-month,DSL,43.25,908.25,2,3.7,1,1,0
1479,65,74347,45,Month-to-month,DSL,44.1,1984.5,2,3.6,1,1,0
1480,51,57598,37,One year,DSL,39.18,1449.66,1,3.7,0,1,1
1481,38,45112,27,Two year,DSL,38.7,1044.9,0,4.3,0,1,1
1482,30,45178,8,One year,No,29.16,233.28,1,4.3,0,1,1
1483,25,35859,1,Month-to-month,Fiber optic,70.44,70.44,2,3.6,1,0,1
1484,42,49309,20,One year,Fiber optic,69.86,1397.2,2,3.0,1,0,0
1485,32,30000,1,Month-to-month,DSL,43.06,43.06,1,4.0,1,1,0
1486,25,30000,4,Two year,No,16.76,67.04,1,4.6,0,0,0
1487,33,37018,10,Two year,Fiber optic,65.84,658.4,3,2.9,0,0,1
1488,29,34746,7,Month-to-month,DSL,46.4,324.8,1,4.1,1,1,1
1489,56,51958,32,Month-to-month,DSL,36.45,1166.4,1,3.9,1,0,0
1490,48,72293,25,Month-to-month,No,25.19,629.75,0,3.9,0,1,0
1491,39,56131,14,Month-to-month,DSL,48.16,674.24,3,3.1,0,1,1
1492,54,63816,40,One year,Fiber optic,65.04,2601.6,1,3.0,0,0,0
1493,40,45576,15,Month-to-month,Fiber optic,63.65,954.75,4,2.8,0,0,1
1494,31,34302,19,Month-to-month,DSL,40.11,762.09,2,3.6,1,0,0
1495,55,52384,38,Month-to-month,DSL,43.79,1664.02,2,3.6,0,1,0
1496,45,50619,16,One year,No,31.9,510.4,0,4.5,1,0,1
1497,29,36062,4,Month-to-month,No,22.72,90.88,0,4.3,0,0,1
1498,38,33065,11,Two year,Fiber optic,58.46,643.06,2,3.2,0,1,0
1499,31,38673,1,Two year,Fiber optic,64.05,64.05,3,3.0,0,0,1
1500,26,30000,10,Two year,DSL,40.23,402.3,1,3.2,1,0,1
1501,49,38737,33,Month-to-month,Fiber optic,76.27,2516.91,3,3.1,1,0,1
1502,59,57116,43,Month-to-month,Fiber optic,68.43,2942.49,2,3.1,0,0,1
1503,26,30000,2,Month-to-month,Fiber optic,74.33,148.66,2,3.1,0,0,0
1504,45,65101,15,Month-to-month,No,16.41,246.15,0,4.3,0,1,0
1505,33,42452,6,Month-to-month,No,15.0,90.0,1,4.2,0,0,0
1506,35,30000,17,One year,Fiber optic,72.55,1233.35,1,2.9,1,0,1
1507,34,42888,4,Month-to-month,DSL,48.87,195.48,2,3.5,1,0,1
1508,31,30000,1,Two year,Fiber optic,71.71,71.71,3,2.7,0,0,1
1509,40,53661,16,Month-to-month,Fiber optic,77.87,1245.92,2,3.0,1,1,1
1510,31,32231,6,One year,Fiber optic,68.76,412.56,1,3.1,1,0,0
1511,42,46250,21,One year,DSL,46.32,972.72,1,3.8,0,1,1
1512,39,54606,21,One year,Fiber optic,72.8,1528.8,0,3.5,0,0,1
1513,37,31702,18,Two year,DSL,41.17,741.06,0,3.6,1,1,1
1514,30,30000,7,One year,Fiber optic,68.19,477.33,2,3.5,1,0,1
1515,34,34331,17,Two year,No,15.52,263.84,0,4.2,0,0,0
1516,47,60307,17,Month-to-month,DSL,45.37,771.29,2,3.4,1,0,1
1517,45,37845,27,Month-to-month,Fiber optic,87.2,2354.4,3,2.9,0,1,1
1518,30,30000,9,Month-to-month,DSL,46.51,418.59,0,4.2,1,0,0
1519,40,41390,10,Month-to-month,DSL,41.94,419.4,2,3.4,1,0,1
1520,47,56413,17,Month-to-month,Fiber optic,70.84,1204.28,2,3.2,1,1,1
1521,25,39602,1,Month-to-month,DSL,42.54,42.54,1,4.0,1,0,1
1522,45,46294,20,Month-to-month,Fiber optic,85.89,1717.8,2,3.3,0,0,1
1523,33,34708,14,Month-to-month,No,18.0,252.0,0,4.4,1,1,1
1524,45,59231,20,Month-to-month,Fiber optic,79.53,1590.6,3,2.9,1,0,1
1525,32,30000,3,Two year,Fiber optic,65.62,196.86,1,3.1,0,1,0
1526,25,30000,1,Month-to-month,DSL,46.31,46.31,2,3.1,1,0,1
1527,25,31523,6,One year,No,22.96,137.76,0,4.4,1,0,0
1528,40,48593,18,Month-to-month,Fiber optic,72.14,1298.52,0,3.3,0,0,1
1529,42,42921,19,Two year,No,15.0,285.0,0,4.1,0,1,0
1530,30,35275,5,Two year,No,26.29,131.45,2,4.0,1,1,1
1531,46,31093,32,One year,Fiber optic,76.17,2437.44,0,3.4,1,1,1
1532,25,30000,1,One year,No,22.95,22.95,0,4.3,1,0,0
1533,39,47628,24,Month-to-month,No,23.94,574.56,1,3.7,1,1,0
1534,27,30000,3,Two year,Fiber optic,69.8,209.4,0,3.3,1,0,0
1535,33,38471,8,Two year,No,28.09,224.72,0,4.7,1,0,1
1536,40,48574,33,Two year,DSL,40.72,1343.76,1,3.6,0,1,0
1537,31,33259,1,One year,No,21.89,21.89,0,4.2,1,0,1
1538,36,42363,11,Month-to-month,Fiber optic,67.75,745.25,0,3.7,0,0,1
1539,50,47298,22,Two year,Fiber optic,63.38,1394.36,0,3.3,0,0,0
1540,34,37347,16,Month-to-month,Fiber optic,69.0,1104.0,3,3.4,0,1,1
1541,48,57881,37,Month-to-month,DSL,51.37,1900.69,1,3.6,0,0,1
1542,28,34255,13,Month-to-month,No,15.0,195.0,0,4.3,0,0,1
1543,45,45307,31,Two year,No,15.99,495.69,0,4.7,0,1,0
1544,54,60793,33,Month-to-month,DSL,30.03,990.99,2,4.0,0,0,1
1545,25,35716,1,Month-to-month,Fiber optic,70.84,70.84,1,3.9,0,0,1
1546,32,30000,1,Month-to-month,DSL,42.55,42.55,3,3.2,0,1,1
1547,45,59272,36,One year,DSL,49.67,1788.12,2,4.1,1,1,1
1548,37,39309,17,One year,No,20.98,356.66,1,4.3,1,0,0
1549,43,51403,18,Month-to-month,Fiber optic,70.83,1274.94,0,4.0,1,1,1
1550,33,47577,17,Month-to-month,Fiber optic,80.33,1365.61,2,3.3,0,0,1
1551,40,34026,12,One year,Fiber optic,71.34,856.08,1,3.1,1,0,0
1552,38,37324,18,Two year,Fiber optic,67.69,1218.42,0,3.3,0,0,1
1553,51,53691,30,One year,DSL,36.74,1102.2,4,2.7,0,0,1
1554,42,40729,24,Month-to-month,No,15.05,361.2,0,3.8,1,0,1
1555,43,61879,21,Two year,DSL,36.37,763.77,3,3.3,1,1,1
1556,35,33145,3,Month-to-month,Fiber optic,75.23,225.69,0,3.9,1,1,1
1557,35,35555,12,Month-to-month,Fiber optic,75.39,904.68,0,3.3,1,1,1
1558,35,41635,18,Month-to-month,DSL,52.72,948.96,0,3.6,0,1,1
1559,43,38382,21,Month-to-month,Fiber optic,76.93,1615.53,0,3.7,1,0,1
1560,35,36834,16,One year,Fiber optic,57.71,923.36,1,3.3,1,0,1
1561,42,49539,14,Month-to-month,Fiber optic,76.31,1068.34,0,4.0,1,1,0
1562,60,62337,41,Month-to-month,Fiber optic,67.75,2777.75,1,3.3,1,1,1
1563,48,52252,23,Month-to-month,Fiber optic,70.17,1613.91,1,3.6,0,1,1
1564,36,36765,17,Month-to-month,DSL,40.94,695.98,2,3.5,0,0,1
1565,52,44884,32,Month-to-month,Fiber optic,71.68,2293.76,0,3.5,0,0,1
1566,35,42572,16,Month-to-month,Fiber optic,68.12,1089.92,3,3.3,0,0,1
1567,25,44039,6,Month-to-month,DSL,46.02,276.12,3,3.4,0,0,1
1568,29,34147,8,One year,Fiber optic,64.2,513.6,3,3.5,0,0,1
1569,25,31802,1,One year,Fiber optic,73.03,73.03,1,3.1,1,0,1
1570,36,46541,7,One year,No,30.18,211.26,0,3.8,1,1,0
1571,40,34845,17,Month-to-month,Fiber optic,68.35,1161.95,1,2.8,1,0,1
1572,56,74620,34,Two year,No,16.58,563.72,1,4.5,0,0,0
1573,43,49618,19,Two year,Fiber optic,54.88,1042.72,2,3.6,0,1,0
1574,37,55054,12,One year,Fiber optic,69.75,837.0,1,3.3,1,0,1
1575,48,47135,21,One year,No,22.21,466.41,0,4.4,0,0,0
1576,25,44544,1,Month-to-month,No,23.6,23.6,0,4.6,1,0,1
1577,42,53201,16,Two year,Fiber optic,67.89,1086.24,3,2.9,1,1,1
1578,47,56424,27,Month-to-month,DSL,49.45,1335.15,1,3.1,0,0,0
1579,25,31872,1,Month-to-month,No,32.73,32.73,0,3.6,1,1,0
1580,51,54011,31,Month-to-month,DSL,53.56,1660.36,1,3.3,0,0,0
1581,43,57604,33,Month-to-month,DSL,42.39,1398.87,2,3.6,1,0,1
1582,35,41122,18,Two year,No,15.0,270.0,0,4.1,0,0,1
1583,46,35263,35,Month-to-month,Fiber optic,72.97,2553.95,2,3.4,0,0,1
1584,62,58062,46,Month-to-month,Fiber optic,70.27,3232.42,4,2.4,1,0,0
1585,41,44513,26,One year,Fiber optic,73.51,1911.26,1,3.1,1,1,0
1586,42,49479,16,Month-to-month,Fiber optic,69.09,1105.44,2,2.6,1,0,1
1587,35,39547,8,Month-to-month,DSL,44.64,357.12,1,3.6,0,1,1
1588,31,45751,1,One year,DSL,46.94,46.94,0,3.9,1,1,1
1589,48,37391,34,One year,DSL,42.25,1436.5,5,3.3,1,1,1
1590,31,37148,16,Month-to-month,Fiber optic,70.27,1124.32,0,3.6,1,0,1
1591,40,30456,14,One year,Fiber optic,77.12,1079.68,0,3.7,1,1,1
1592,35,46077,10,Month-to-month,Fiber optic,65.61,656.1,2,3.5,1,0,0
1593,44,48244,18,Month-to-month,Fiber optic,73.36,1320.48,3,3.0,1,0,1
1594,43,51356,23,Month-to-month,Fiber optic,74.79,1720.17,2,2.8,1,1,0
1595,50,48088,36,Month-to-month,DSL,45.08,1622.88,1,3.8,0,0,0
1596,34,49235,1,One year,DSL,43.65,43.65,0,4.4,0,1,0
1597,37,50333,16,One year,No,22.05,352.8,0,4.2,1,0,1
1598,30,39668,4,Month-to-month,No,19.82,79.28,1,4.3,1,0,0
1599,35,38963,12,Month-to-month,Fiber optic,73.16,877.92,2,3.3,1,0,1
1600,43,52638,24,One year,DSL,40.71,977.04,1,3.7,0,0,1
1601,47,46344,25,Month-to-month,Fiber optic,71.94,1798.5,3,3.2,0,0,1
1602,30,41844,5,Month-to-month,Fiber optic,78.94,394.7,1,3.1,0,0,1
1603,48,66195,26,Two year,DSL,37.27,969.02,0,4.2,0,1,0
1604,53,66564,39,One year,DSL,46.98,1832.22,0,3.8,0,1,1
1605,44,43163,25,Two year,DSL,40.59,1014.75,3,3.4,1,1,0
1606,58,65891,40,Month-to-month,DSL,42.39,1695.6,6,3.0,0,1,1
1607,32,30000,1,One year,Fiber optic,74.34,74.34,4,2.1,1,0,1
1608,27,36579,1,Month-to-month,DSL,41.36,41.36,2,3.8,0,1,1
1609,25,33604,5,Month-to-month,Fiber optic,78.19,390.95,1,3.4,1,0,1
1610,54,44041,35,Month-to-month,Fiber optic,76.06,2662.1,0,3.3,1,0,0
1611,46,41705,29,Month-to-month,Fiber optic,72.02,2088.58,0,3.5,0,1,1
1612,39,41734,27,Month-to-month,Fiber optic,77.64,2096.28,2,2.7,1,0,1
1613,42,44593,26,Month-to-month,DSL,47.73,1240.98,4,2.8,1,1,0
1614,28,30000,4,Month-to-month,No,25.79,103.16,0,4.3,0,0,1
1615,64,72111,43,One year,DSL,47.58,2045.94,2,4.3,1,0,1
1616,41,48011,3,Month-to-month,DSL,47.46,142.38,1,3.9,0,0,0
1617,41,44445,18,Month-to-month,Fiber optic,69.36,1248.48,2,2.9,1,0,0
1618,47,45953,24,Month-to-month,Fiber optic,87.24,2093.76,1,3.3,1,1,0
1619,44,57389,25,Month-to-month,No,15.0,375.0,0,4.5,1,1,0
1620,42,60243,19,One year,No,23.75,451.25,2,3.3,0,0,1
1621,32,33131,6,Month-to-month,No,22.16,132.96,0,4.2,0,0,0
1622,44,44102,12,One year,Fiber optic,65.38,784.56,2,3.2,0,0,1
1623,58,66929,33,Month-to-month,Fiber optic,74.38,2454.54,2,3.1,0,1,1
1624,53,55135,36,Month-to-month,Fiber optic,74.61,2685.96,1,3.3,0,0,1
1625,55,58884,46,Two year,Fiber optic,74.03,3405.38,2,3.1,0,1,1
1626,34,44917,10,One year,DSL,39.18,391.8,0,3.7,1,1,1
1627,30,30000,7,Month-to-month,DSL,43.69,305.83,3,3.2,1,1,0
1628,38,53546,21,One year,DSL,31.07,652.47,4,3.3,0,0,1
1629,40,45581,13,Month-to-month,DSL,53.67,697.71,3,3.5,0,1,1
1630,50,51708,32,One year,Fiber optic,65.9,2108.8,1,3.2,0,1,1
1631,25,30000,1,One year,Fiber optic,72.88,72.88,0,3.4,0,1,1
1632,55,59699,41,One year,Fiber optic,70.74,2900.34,2,3.0,0,1,0
1633,38,30000,16,Two year,DSL,40.01,640.16,0,4.5,0,0,0
1634,35,51959,13,Month-to-month,No,24.05,312.65,0,4.4,1,1,1
1635,29,34330,1,One year,No,27.36,27.36,1,3.7,1,1,1
1636,25,33544,4,Month-to-month,DSL,46.26,185.04,0,4.0,0,1,1
1637,48,60612,40,Month-to-month,Fiber optic,78.28,3131.2,2,2.7,1,1,1
1638,40,36830,11,Month-to-month,DSL,46.64,513.04,3,3.4,0,0,1
1639,27,35787,1,Month-to-month,Fiber optic,80.09,80.09,2,3.4,1,0,1
1640,27,30000,3,One year,Fiber optic,68.94,206.82,1,2.8,0,1,0
1641,36,47774,17,Month-to-month,DSL,50.38,856.46,3,2.9,0,0,1
1642,56,43982,33,Month-to-month,Fiber optic,80.55,2658.15,2,3.0,0,0,0
1643,37,41207,1,Month-to-month,DSL,50.41,50.41,4,2.9,0,0,1
1644,25,30000,8,Month-to-month,Fiber optic,71.7,573.6,1,3.4,1,1,0
1645,37,45458,18,Two year,Fiber optic,66.66,1199.88,7,2.2,1,0,1
1646,37,45760,3,Month-to-month,Fiber optic,76.2,228.6,2,2.6,1,0,1
1647,25,30000,1,One year,DSL,35.9,35.9,3,3.6,0,0,1
1648,39,38302,26,One year,DSL,50.72,1318.72,2,3.0,1,1,0
1649,37,41114,23,One year,No,18.94,435.62,0,4.4,1,1,1
1650,46,43826,30,Month-to-month,DSL,46.42,1392.6,4,3.0,1,0,0
1651,58,69735,38,Two year,Fiber optic,64.61,2455.18,1,4.2,1,0,1
1652,51,53046,31,Month-to-month,Fiber optic,68.37,2119.47,1,3.3,1,1,0
1653,37,30000,13,Two year,DSL,37.48,487.24,4,3.3,1,1,1
1654,28,30001,10,Month-to-month,No,21.1,211.0,0,4.4,1,1,0
1655,65,61691,42,Month-to-month,DSL,48.37,2031.54,1,3.8,0,1,1
1656,40,31949,13,Month-to-month,DSL,45.81,595.53,0,3.9,0,1,1
1657,40,35100,24,One year,DSL,44.48,1067.52,1,3.4,1,0,0
1658,39,44875,16,Month-to-month,DSL,43.31,692.96,1,3.7,1,0,1
1659,41,56629,27,Month-to-month,Fiber optic,77.48,2091.96,5,1.9,0,1,0
1660,38,45505,11,Month-to-month,No,27.41,301.51,1,4.1,1,1,0
1661,34,34147,10,Two year,DSL,44.02,440.2,4,4.0,0,0,0
1662,34,42647,5,One year,Fiber optic,75.3,376.5,1,3.3,0,1,0
1663,39,40327,16,Month-to-month,DSL,46.47,743.52,3,3.4,0,1,1
1664,34,33443,1,One year,Fiber optic,63.73,63.73,0,3.2,1,1,1
1665,32,30000,5,Month-to-month,Fiber optic,69.78,348.9,0,3.3,0,0,0
1666,41,31985,10,Month-to-month,Fiber optic,77.27,772.7,3,3.1,0,0,0
1667,37,38880,18,Two year,DSL,40.45,728.1,2,3.2,0,1,1
1668,55,61264,40,Month-to-month,DSL,47.2,1888.0,0,3.7,1,0,1
1669,25,30000,1,Month-to-month,Fiber optic,83.38,83.38,4,2.7,1,0,1
1670,50,51672,38,Month-to-month,Fiber optic,78.63,2987.94,2,3.3,0,1,1
1671,52,49434,47,Month-to-month,DSL,51.29,2410.63,2,3.4,1,1,1
1672,25,34865,1,Month-to-month,No,20.47,20.47,1,4.1,1,0,1
1673,36,30462,9,Month-to-month,No,15.96,143.64,2,4.0,0,1,1
1674,36,47208,30,Month-to-month,No,19.71,591.3,0,3.9,1,0,1
1675,25,30000,1,Month-to-month,Fiber optic,70.98,70.98,1,3.3,0,0,1
1676,32,30980,8,Month-to-month,No,27.79,222.32,3,3.7,0,1,0
1677,28,30000,4,Month-to-month,DSL,48.95,195.8,1,3.6,1,1,1
1678,57,57988,46,Month-to-month,Fiber optic,77.6,3569.6,3,2.3,1,0,1
1679,49,61802,30,One year,DSL,48.93,1467.9,4,3.5,0,0,1
1680,52,61125,29,Month-to-month,Fiber optic,64.9,1882.1,1,3.1,0,0,1
1681,47,59827,20,One year,Fiber optic,74.19,1483.8,2,3.1,1,1,0
1682,28,37177,1,One year,DSL,36.2,36.2,1,4.0,1,1,1
1683,34,30170,4,One year,Fiber optic,71.21,284.84,0,3.4,0,0,1
1684,44,46353,23,Month-to-month,Fiber optic,73.44,1689.12,1,3.4,0,0,1
1685,27,30000,1,Month-to-month,DSL,48.31,48.31,1,3.4,0,0,0
1686,47,62644,17,Month-to-month,DSL,46.14,784.38,0,4.6,0,1,0
1687,37,32425,21,One year,DSL,49.48,1039.08,1,3.6,1,1,1
1688,36,48149,10,Month-to-month,Fiber optic,71.99,719.9,2,3.4,1,0,1
1689,47,59143,18,One year,Fiber optic,74.8,1346.4,1,3.0,0,1,1
1690,44,63636,21,Two year,No,18.81,395.01,3,3.9,1,0,0
1691,36,37722,13,Month-to-month,Fiber optic,66.82,868.66,2,3.0,0,0,0
1692,51,61698,20,Month-to-month,DSL,40.41,808.2,1,3.4,1,0,1
1693,29,52253,6,One year,Fiber optic,70.5,423.0,2,2.8,0,0,1
1694,46,46058,18,Month-to-month,Fiber optic,80.56,1450.08,2,2.7,0,1,1
1695,45,37719,34,Month-to-month,DSL,47.32,1608.88,2,3.5,0,1,1
1696,36,30000,16,Two year,Fiber optic,61.66,986.56,0,4.5,1,0,0
1697,43,53701,19,Month-to-month,Fiber optic,74.3,1411.7,3,3.7,0,0,1
1698,27,30000,1,Two year,Fiber optic,77.59,77.59,0,3.3,0,0,1
1699,49,51021,28,One year,No,19.56,547.68,0,4.6,0,0,0
1700,38,46498,19,One year,Fiber optic,69.61,1322.59,1,3.0,0,1,1
1701,34,40481,10,Month-to-month,Fiber optic,77.46,774.6,2,2.4,0,1,1
1702,50,58403,28,Month-to-month,No,23.82,666.96,0,4.3,1,0,1
1703,32,38778,8,Month-to-month,DSL,42.72,341.76,2,3.7,0,0,1
1704,25,40230,1,Month-to-month,DSL,47.51,47.51,1,3.9,1,0,1
1705,25,30000,1,Month-to-month,Fiber optic,73.36,73.36,0,3.8,1,1,1
1706,46,45584,12,Month-to-month,Fiber optic,78.6,943.2,0,3.3,1,0,1
1707,27,30000,8,Month-to-month,No,20.85,166.8,0,4.3,1,0,0
1708,57,68641,40,Month-to-month,Fiber optic,77.41,3096.4,2,3.3,1,0,1
1709,25,37203,1,One year,No,15.2,15.2,1,4.5,1,0,0
1710,56,64609,48,Month-to-month,Fiber optic,70.89,3402.72,2,2.9,0,0,1
1711,42,56467,20,Month-to-month,DSL,49.73,994.6,1,3.7,1,1,1
1712,39,34575,10,One year,DSL,42.35,423.5,1,4.0,1,1,0
1713,34,52337,15,Two year,No,19.43,291.45,0,4.4,0,0,1
1714,43,60185,23,Month-to-month,No,18.47,424.81,0,4.1,0,0,1
1715,39,49884,19,Month-to-month,Fiber optic,79.49,1510.31,0,3.4,1,1,0
1716,51,70254,28,Month-to-month,Fiber optic,71.96,2014.88,0,3.7,1,1,1
1717,41,32747,21,Two year,No,17.32,363.72,1,3.9,0,0,1
1718,41,41804,17,One year,No,22.93,389.81,0,3.9,1,1,0
1719,36,35117,16,One year,No,24.86,397.76,1,4.6,0,1,0
1720,39,49771,5,Month-to-month,Fiber optic,72.38,361.9,2,3.2,0,0,1
1721,43,39598,18,Month-to-month,Fiber optic,84.8,1526.4,2,3.2,1,0,0
1722,25,36059,10,Month-to-month,No,21.57,215.7,3,3.7,1,1,1
1723,26,41964,1,One year,Fiber optic,66.04,66.04,1,3.7,1,1,0
1724,47,57561,22,One year,No,20.85,458.7,2,3.9,0,0,0
1725,41,48270,16,Two year,Fiber optic,65.59,1049.44,2,3.4,1,0,0
1726,38,35097,8,Month-to-month,Fiber optic,77.17,617.36,1,2.9,0,0,1
1727,40,38225,4,Month-to-month,Fiber optic,74.79,299.16,5,1.9,1,1,1
1728,43,57996,20,Month-to-month,Fiber optic,75.37,1507.4,5,2.3,0,0,0
1729,34,45234,11,One year,Fiber optic,66.69,733.59,0,3.2,0,0,1
1730,32,36687,8,One year,Fiber optic,76.2,609.6,3,2.2,1,1,1
1731,41,42656,18,Month-to-month,Fiber optic,69.22,1245.96,2,3.3,0,0,1
1732,30,30000,6,Month-to-month,DSL,39.46,236.76,0,3.5,1,1,0
1733,44,40433,28,Month-to-month,DSL,46.84,1311.52,3,3.6,0,0,1
1734,25,45291,1,Month-to-month,DSL,53.01,53.01,2,3.8,0,0,1
1735,50,44756,26,Two year,Fiber optic,65.74,1709.24,2,2.8,0,0,1
1736,44,50515,21,Month-to-month,No,23.5,493.5,0,4.3,1,1,1
1737,42,55059,23,One year,DSL,48.12,1106.76,2,4.0,0,1,0
1738,49,43960,37,Month-to-month,DSL,49.07,1815.59,0,3.7,1,0,0
1739,56,62477,33,One year,DSL,41.19,1359.27,1,4.0,1,1,0
1740,50,62503,30,Month-to-month,Fiber optic,69.54,2086.2,3,3.7,0,1,1
1741,25,30099,2,One year,Fiber optic,60.21,120.42,1,3.0,0,0,0
1742,27,54947,1,Month-to-month,Fiber optic,73.69,73.69,3,2.6,0,0,1
1743,33,30000,9,Month-to-month,Fiber optic,80.89,728.01,2,3.2,1,0,1
1744,40,53469,9,Month-to-month,Fiber optic,69.38,624.42,2,3.8,0,1,1
1745,45,48617,13,Month-to-month,DSL,48.5,630.5,0,3.7,0,1,1
1746,32,43175,10,Month-to-month,No,15.25,152.5,0,5.0,0,0,1
1747,41,49530,16,Month-to-month,Fiber optic,75.53,1208.48,0,3.5,1,0,1
1748,32,31134,9,Two year,DSL,44.04,396.36,2,2.9,1,0,0
1749,33,39831,9,Month-to-month,No,16.7,150.3,0,4.8,1,0,1
1750,25,30000,1,One year,Fiber optic,72.1,72.1,4,2.6,1,0,1
1751,30,39825,5,Two year,No,15.92,79.6,0,4.5,0,0,1
1752,26,33385,1,Month-to-month,DSL,48.53,48.53,1,3.2,0,0,1
1753,30,40109,14,One year,No,20.18,282.52,0,4.1,1,1,0
1754,50,63464,21,Month-to-month,No,20.28,425.88,2,3.4,1,0,1
1755,30,37940,4,Month-to-month,No,27.79,111.16,0,3.7,0,0,1
1756,65,71184,41,Month-to-month,No,23.31,955.71,4,3.5,0,0,0
1757,44,41951,26,Two year,Fiber optic,64.05,1665.3,0,3.8,1,0,0
1758,41,40302,17,Month-to-month,Fiber optic,74.57,1267.69,0,3.3,0,1,1
1759,31,45493,4,Month-to-month,DSL,44.62,178.48,0,3.5,0,0,0
1760,47,63490,31,Month-to-month,Fiber optic,75.4,2337.4,1,2.9,1,0,1
1761,34,37095,10,Two year,DSL,53.12,531.2,3,3.3,1,0,1
1762,41,46368,22,Month-to-month,DSL,46.85,1030.7,0,3.9,0,0,0
1763,65,62763,42,One year,No,15.0,630.0,0,4.5,0,0,1
1764,39,53382,8,One year,Fiber optic,68.54,548.32,3,3.4,0,1,1
1765,51,61323,31,One year,DSL,33.09,1025.79,2,3.9,1,0,0
1766,32,52529,6,Two year,Fiber optic,65.85,395.1,0,3.7,1,1,1
1767,39,36973,20,One year,Fiber optic,61.31,1226.2,0,4.4,1,0,1
1768,57,58975,37,Month-to-month,DSL,40.64,1503.68,0,3.9,0,0,0
1769,33,39851,10,Month-to-month,Fiber optic,67.4,674.0,2,3.9,0,0,1
1770,58,68171,29,Month-to-month,Fiber optic,76.92,2230.68,1,3.7,1,1,1
1771,47,50274,37,Month-to-month,DSL,45.0,1665.0,4,3.0,0,0,1
1772,34,32016,9,Month-to-month,DSL,46.51,418.59,1,3.9,1,0,1
1773,46,58051,29,Month-to-month,Fiber optic,74.48,2159.92,1,3.2,1,0,1
1774,49,59769,23,Month-to-month,Fiber optic,68.03,1564.69,3,2.5,0,1,0
1775,46,43669,27,Two year,No,20.57,555.39,0,4.3,1,0,0
1776,25,40843,1,Month-to-month,DSL,54.61,54.61,2,2.9,0,1,1
1777,32,46361,11,Two year,DSL,42.55,468.05,1,3.8,1,1,0
1778,37,43074,12,Month-to-month,DSL,42.87,514.44,0,4.2,0,1,1
1779,39,44636,16,One year,No,15.0,240.0,0,4.3,1,0,0
1780,46,55432,29,One year,Fiber optic,66.71,1934.59,1,3.5,1,1,1
1781,41,39106,11,Month-to-month,Fiber optic,77.27,849.97,2,3.1,0,0,1
1782,26,31240,1,Month-to-month,DSL,50.37,50.37,1,3.9,0,0,1
1783,43,30780,24,Month-to-month,Fiber optic,76.3,1831.2,2,3.1,0,1,1
1784,46,58011,37,Month-to-month,Fiber optic,79.0,2923.0,1,3.1,0,0,1
1785,45,37508,23,Two year,No,21.54,495.42,0,4.5,1,1,0
1786,50,67027,33,One year,DSL,45.28,1494.24,2,3.6,0,0,1
1787,48,50359,26,Month-to-month,DSL,41.71,1084.46,4,2.5,0,1,1
1788,44,47306,34,Month-to-month,Fiber optic,75.87,2579.58,0,3.4,0,0,1
1789,39,38978,6,Month-to-month,No,15.76,94.56,1,4.0,1,1,1
1790,25,30000,1,Month-to-month,Fiber optic,75.09,75.09,1,3.3,1,0,1
1791,44,60348,13,One year,DSL,44.4,577.2,0,3.9,0,0,1
1792,42,30000,5,Month-to-month,DSL,53.39,266.95,4,2.4,1,1,1
1793,42,57215,22,Month-to-month,DSL,38.45,845.9,0,3.6,1,1,1
1794,27,34704,3,Month-to-month,No,22.41,67.23,1,3.8,0,0,1
1795,29,30000,3,Month-to-month,Fiber optic,82.41,247.23,1,3.2,1,0,1
1796,50,46397,29,One year,Fiber optic,75.04,2176.16,2,3.4,0,0,1
1797,39,57411,35,Month-to-month,DSL,49.16,1720.6,2,3.0,0,0,1
1798,46,43435,23,Two year,Fiber optic,70.44,1620.12,2,2.9,1,0,0
1799,40,35773,21,Two year,Fiber optic,73.99,1553.79,2,3.1,0,1,0
1800,40,54098,14,Month-to-month,DSL,39.56,553.84,0,3.7,1,0,1
1801,49,56708,30,Month-to-month,Fiber optic,68.07,2042.1,0,3.6,0,0,1
1802,34,31496,9,One year,DSL,42.72,384.48,2,3.8,0,1,1
1803,40,46732,15,Two year,Fiber optic,56.69,850.35,2,3.1,1,0,1
1804,35,31793,22,One year,No,25.15,553.3,1,4.1,1,0,1
1805,35,48806,19,Month-to-month,Fiber optic,81.1,1540.9,2,2.9,1,1,1
1806,36,49490,14,Two year,No,15.83,221.62,1,3.8,0,1,1
1807,42,51256,6,Month-to-month,Fiber optic,73.15,438.9,1,3.3,1,1,1
1808,35,42893,9,One year,Fiber optic,70.89,638.01,1,3.5,1,1,1
1809,52,71089,48,Two year,DSL,40.76,1956.48,0,4.4,0,0,1
1810,31,35997,5,Month-to-month,DSL,45.64,228.2,1,4.2,1,0,0
1811,38,33545,22,Two year,DSL,43.29,952.38,1,3.6,1,1,1
1812,35,43595,20,Month-to-month,Fiber optic,74.14,1482.8,0,3.3,0,0,0
1813,54,75688,36,Two year,DSL,45.22,1627.92,2,3.5,0,0,0
1814,41,37881,14,Month-to-month,Fiber optic,77.23,1081.22,1,3.1,0,1,1
1815,50,52108,15,Two year,DSL,37.47,562.05,0,4.4,1,1,1
1816,25,33331,4,Month-to-month,No,26.68,106.72,0,4.2,0,0,1
1817,42,46568,15,One year,No,15.0,225.0,0,4.4,1,1,0
1818,48,45141,28,Month-to-month,No,19.54,547.12,0,4.5,0,1,0
1819,40,53974,10,Month-to-month,Fiber optic,79.83,798.3,3,2.9,1,1,1
1820,50,73560,28,Month-to-month,Fiber optic,71.38,1998.64,1,3.4,0,1,0
1821,34,40569,11,One year,DSL,44.3,487.3,1,3.8,1,0,1
1822,54,51767,36,Month-to-month,DSL,47.72,1717.92,3,3.2,0,1,1
1823,62,54608,37,Month-to-month,No,15.7,580.9,0,4.1,1,1,1
1824,36,43063,20,Month-to-month,Fiber optic,74.64,1492.8,2,3.6,1,1,1
1825,35,48831,8,Two year,No,17.22,137.76,5,3.1,1,1,1
1826,54,62801,24,Month-to-month,Fiber optic,72.24,1733.76,0,4.0,0,0,1
1827,55,59980,35,Month-to-month,Fiber optic,86.51,3027.85,4,2.6,0,0,1
1828,34,34285,11,Month-to-month,No,16.18,177.98,1,4.0,1,0,1
1829,35,31262,12,Month-to-month,Fiber optic,80.02,960.24,4,2.8,0,1,0
1830,37,48678,22,Month-to-month,No,18.04,396.88,0,4.6,0,1,0
1831,26,38310,1,Month-to-month,DSL,39.57,39.57,0,4.5,1,0,0
1832,30,30000,5,Two year,No,18.51,92.55,3,3.3,0,0,1
1833,29,46718,1,One year,DSL,46.0,46.0,3,3.3,0,1,1
1834,32,41592,13,Month-to-month,No,24.6,319.8,0,4.6,1,0,1
1835,39,55196,17,Month-to-month,DSL,52.81,897.77,1,3.8,0,0,1
1836,42,36262,17,One year,DSL,57.48,977.16,1,3.7,0,0,1
1837,55,49073,24,Month-to-month,DSL,46.25,1110.0,0,4.3,1,1,1
1838,30,33808,14,One year,Fiber optic,67.93,951.02,2,3.1,0,1,1
1839,49,58022,21,Month-to-month,Fiber optic,77.26,1622.46,0,2.7,1,0,1
1840,37,56370,10,Month-to-month,DSL,43.67,436.7,2,3.4,0,0,1
1841,39,49648,18,Month-to-month,No,24.63,443.34,1,4.6,1,1,1
1842,46,49058,18,Two year,DSL,34.01,612.18,2,3.8,0,1,1
1843,28,30000,1,Month-to-month,Fiber optic,86.84,86.84,4,2.2,0,1,1
1844,43,57840,8,Month-to-month,Fiber optic,79.28,634.24,2,3.4,0,0,1
1845,41,38282,23,Month-to-month,DSL,36.58,841.34,1,4.1,0,0,1
1846,44,62027,19,One year,No,15.45,293.55,1,4.2,1,1,0
1847,42,44724,37,Two year,DSL,44.58,1649.46,3,3.5,0,0,0
1848,64,81724,40,Month-to-month,DSL,50.88,2035.2,3,2.9,1,0,1
1849,33,43431,4,Month-to-month,Fiber optic,68.64,274.56,2,3.1,1,1,1
1850,34,37904,7,Two year,Fiber optic,71.07,497.49,3,2.9,1,1,1
1851,33,33844,11,Month-to-month,No,15.0,165.0,0,4.7,0,1,1
1852,34,36272,7,Month-to-month,DSL,44.55,311.85,3,3.2,0,1,0
1853,33,41426,13,Month-to-month,DSL,50.56,657.28,2,3.4,1,0,1
1854,51,56617,25,One year,DSL,39.99,999.75,0,4.4,1,0,0
1855,54,54249,26,Month-to-month,Fiber optic,67.47,1754.22,1,4.1,1,0,1
1856,34,37674,1,One year,DSL,43.48,43.48,0,3.7,0,0,0
1857,31,36628,1,Month-to-month,DSL,41.98,41.98,6,2.8,1,0,1
1858,44,31970,19,Month-to-month,DSL,48.15,914.85,0,3.4,1,1,1
1859,34,42665,8,One year,Fiber optic,66.82,534.56,0,3.6,0,0,1
1860,46,43162,21,Month-to-month,Fiber optic,71.14,1493.94,0,3.4,1,0,1
1861,42,37773,27,Month-to-month,DSL,34.89,942.03,0,4.5,0,0,0
1862,25,30000,7,One year,DSL,43.6,305.2,1,3.4,0,1,1
1863,55,45648,33,Two year,DSL,39.7,1310.1,0,3.6,1,0,0
1864,57,51156,27,Two year,Fiber optic,61.56,1662.12,1,3.9,0,1,0
1865,33,32327,6,Two year,DSL,41.47,248.82,5,2.8,1,0,1
1866,36,56626,9,Two year,DSL,45.64,410.76,3,3.4,0,1,0
1867,42,42792,16,Month-to-month,DSL,43.92,702.72,2,3.6,0,1,0
1868,43,49422,17,Month-to-month,Fiber optic,76.34,1297.78,1,3.0,0,0,1
1869,46,54203,21,One year,DSL,44.12,926.52,1,3.5,1,1,0
1870,60,66048,39,Month-to-month,No,15.0,585.0,0,4.7,0,0,1
1871,38,42380,11,One year,Fiber optic,81.53,896.83,1,3.4,0,1,1
1872,32,30000,9,One year,Fiber optic,68.9,620.1,1,3.4,1,1,1
1873,26,42607,3,Month-to-month,Fiber optic,78.28,234.84,0,3.4,0,0,1
1874,32,51457,2,Two year,Fiber optic,71.35,142.7,3,3.0,0,0,1
1875,39,30538,24,Month-to-month,DSL,44.3,1063.2,4,3.3,0,0,1
1876,57,53807,32,Month-to-month,No,23.03,736.96,0,4.6,0,1,1
1877,34,36761,1,Two year,Fiber optic,68.73,68.73,0,3.6,0,0,0
1878,42,39283,22,Month-to-month,DSL,37.91,834.02,0,4.2,0,1,0
1879,39,48047,11,Month-to-month,Fiber optic,73.34,806.74,0,3.7,0,1,0
1880,51,50173,33,Month-to-month,Fiber optic,71.94,2374.02,1,3.5,1,1,1
1881,65,87320,33,One year,DSL,40.44,1334.52,2,4.0,0,0,1
1882,34,48524,19,One year,DSL,36.23,688.37,0,4.1,1,0,0
1883,35,41700,16,One year,Fiber optic,76.88,1230.08,0,3.3,1,0,1
1884,50,63215,20,One year,Fiber optic,79.26,1585.2,0,3.3,0,0,1
1885,46,59847,16,Month-to-month,Fiber optic,79.89,1278.24,0,3.6,1,0,1
1886,58,58488,49,Two year,DSL,46.85,2295.65,0,3.9,0,0,0
1887,45,43470,19,Two year,No,16.28,309.32,0,5.0,0,0,1
1888,36,41625,8,Month-to-month,No,16.82,134.56,3,3.8,0,0,1
1889,45,56893,10,Month-to-month,DSL,41.11,411.1,2,3.3,1,0,0
1890,51,57112,29,Two year,DSL,43.72,1267.88,2,3.6,0,0,0
1891,48,40384,26,Two year,Fiber optic,68.64,1784.64,3,3.4,0,0,1
1892,45,43577,28,Two year,Fiber optic,67.11,1879.08,2,2.9,0,0,1
1893,50,54408,21,Two year,Fiber optic,73.98,1553.58,2,2.8,1,0,1
1894,51,55394,22,Month-to-month,DSL,47.02,1034.44,3,3.2,0,1,1
1895,53,73780,36,One year,No,15.0,540.0,0,4.2,0,0,0
1896,46,39912,31,Month-to-month,Fiber optic,71.6,2219.6,1,2.9,0,1,1
1897,38,47044,6,Month-to-month,DSL,48.41,290.46,2,3.0,1,0,1
1898,41,57912,25,One year,No,24.21,605.25,0,4.3,0,1,0
1899,52,75171,32,Month-to-month,DSL,47.76,1528.32,0,4.1,0,1,0
1900,31,32764,13,One year,Fiber optic,80.73,1049.49,4,2.4,1,1,0
1901,43,51931,21,Month-to-month,Fiber optic,83.18,1746.78,2,2.9,0,1,1
1902,36,45558,1,Month-to-month,No,22.21,22.21,0,4.3,1,0,1
1903,40,46563,17,Month-to-month,Fiber optic,70.81,1203.77,2,2.8,1,0,1
1904,52,56209,38,Month-to-month,DSL,38.45,1461.1,2,3.9,1,0,1
1905,41,49487,13,Month-to-month,No,18.06,234.78,3,3.8,0,0,1
1906,40,30000,15,Month-to-month,Fiber optic,78.77,1181.55,1,3.4,0,0,1
1907,26,36456,1,Two year,Fiber optic,76.63,76.63,2,3.3,0,0,1
1908,47,53009,9,Month-to-month,Fiber optic,77.09,693.81,0,4.2,1,0,1
1909,46,49220,35,Month-to-month,Fiber optic,80.84,2829.4,2,2.7,1,0,1
1910,61,82374,37,Month-to-month,Fiber optic,73.77,2729.49,2,2.8,0,0,1
1911,36,35600,16,One year,Fiber optic,74.36,1189.76,5,3.0,1,1,1
1912,42,43775,19,Month-to-month,Fiber optic,79.12,1503.28,1,3.4,1,1,1
1913,42,62932,27,One year,Fiber optic,61.35,1656.45,2,3.3,0,0,1
1914,55,53343,38,One year,Fiber optic,69.18,2628.84,2,3.0,0,0,1
1915,39,39599,15,Month-to-month,Fiber optic,79.75,1196.25,3,2.7,0,0,1
1916,42,45823,15,Month-to-month,No,21.37,320.55,2,3.8,0,1,1
1917,46,57725,29,Two year,Fiber optic,61.52,1784.08,3,2.6,1,0,0
1918,41,47662,7,One year,DSL,30.6,214.2,0,4.4,1,1,0
1919,35,30000,15,One year,DSL,40.92,613.8,0,3.4,0,0,1
1920,41,41742,12,Month-to-month,Fiber optic,74.64,895.68,1,3.0,0,0,1
1921,50,50141,37,Month-to-month,No,15.58,576.46,1,4.0,0,1,0
1922,29,33382,5,Month-to-month,DSL,45.72,228.6,2,4.2,1,1,1
1923,41,49406,23,Month-to-month,Fiber optic,77.53,1783.19,1,3.2,1,1,1
1924,32,40345,8,Month-to-month,DSL,48.35,386.8,1,3.8,1,0,1
1925,51,41791,20,One year,DSL,30.97,619.4,0,3.9,1,1,0
1926,25,38511,1,Month-to-month,Fiber optic,68.43,68.43,1,3.6,0,0,1
1927,34,41020,14,One year,DSL,41.23,577.22,4,4.1,0,0,0
1928,43,59076,22,One year,DSL,45.61,1003.42,1,3.9,1,0,1
1929,55,63553,43,Month-to-month,DSL,47.45,2040.35,1,3.6,0,0,1
1930,39,52810,19,One year,DSL,45.11,857.09,1,3.1,1,1,1
1931,34,42732,4,Month-to-month,Fiber optic,73.08,292.32,0,3.7,0,0,1
1932,58,73769,34,One year,Fiber optic,69.61,2366.74,0,3.3,1,1,1
1933,25,34178,1,Month-to-month,DSL,41.36,41.36,0,3.8,1,0,1
1934,25,30000,1,Month-to-month,Fiber optic,78.84,78.84,0,3.7,1,0,1
1935,44,67179,32,One year,DSL,38.15,1220.8,0,3.9,1,1,0
1936,34,46112,13,Month-to-month,DSL,49.25,640.25,2,3.4,0,1,1
1937,29,38589,12,Two year,Fiber optic,68.54,822.48,2,3.4,1,1,1
1938,47,41789,16,Month-to-month,Fiber optic,74.77,1196.32,1,3.1,0,1,1
1939,42,36693,27,Month-to-month,Fiber optic,71.72,1936.44,0,3.1,1,0,0
1940,34,41341,24,Month-to-month,No,15.0,360.0,1,4.3,0,1,1
1941,27,33164,1,Month-to-month,No,16.76,16.76,0,4.6,1,1,0
1942,48,48087,32,Month-to-month,DSL,43.35,1387.2,2,3.4,0,0,1
1943,46,52127,25,One year,DSL,30.9,772.5,1,3.7,0,0,0
1944,39,56709,7,One year,Fiber optic,70.26,491.82,2,2.8,0,0,1
1945,58,68563,42,Two year,No,22.62,950.04,1,4.3,1,0,0
1946,29,30000,9,Two year,Fiber optic,70.34,633.06,0,4.1,0,1,1
1947,25,30000,1,Month-to-month,DSL,42.52,42.52,3,3.6,0,0,0
1948,33,31560,16,One year,DSL,42.98,687.68,4,3.1,0,1,1
1949,39,40898,6,Month-to-month,DSL,42.22,253.32,2,3.8,0,0,1
1950,42,43691,11,One year,DSL,43.49,478.39,1,3.5,0,0,1
1951,37,38178,15,Month-to-month,Fiber optic,82.7,1240.5,4,2.7,1,1,1
1952,43,37958,21,Two year,No,22.84,479.64,0,3.9,0,0,0
1953,27,30978,1,One year,DSL,45.35,45.35,2,3.5,1,0,0
1954,54,54515,39,Two year,Fiber optic,65.04,2536.56,2,3.5,0,1,1
1955,39,30000,19,One year,Fiber optic,75.0,1425.0,1,3.5,0,1,1
1956,51,72423,36,Two year,DSL,32.07,1154.52,0,4.3,1,0,0
1957,43,56710,20,One year,DSL,41.49,829.8,0,4.1,0,0,0
1958,44,45989,26,Month-to-month,Fiber optic,77.92,2025.92,2,2.8,0,0,1
1959,45,50150,21,Month-to-month,Fiber optic,78.7,1652.7,2,3.1,0,1,0
1960,44,39626,35,Month-to-month,Fiber optic,78.35,2742.25,2,3.3,0,1,1
1961,46,64565,20,Month-to-month,DSL,46.47,929.4,2,3.4,1,0,1
1962,53,73178,46,Month-to-month,Fiber optic,74.02,3404.92,1,3.2,1,1,1
1963,41,47253,19,Month-to-month,No,22.69,431.11,0,4.1,1,0,1
1964,47,60188,18,Month-to-month,No,15.24,274.32,0,4.3,0,0,0
1965,39,45402,25,Two year,Fiber optic,63.28,1582.0,3,2.8,0,0,1
1966,54,48306,35,Two year,No,18.31,640.85,3,3.7,0,0,0
1967,33,34705,14,Month-to-month,No,20.87,292.18,0,4.2,1,0,0
1968,58,64055,46,Month-to-month,DSL,35.87,1650.02,0,3.6,0,1,0
1969,39,40363,18,Month-to-month,DSL,47.28,851.04,4,3.9,0,0,1
1970,25,30000,1,Month-to-month,Fiber optic,78.86,78.86,1,2.9,1,1,1
1971,41,45268,25,One year,Fiber optic,70.86,1771.5,1,3.3,0,1,1
1972,33,37352,9,Month-to-month,DSL,56.87,511.83,1,3.6,1,1,1
1973,48,53418,31,Month-to-month,DSL,41.59,1289.29,1,3.6,0,0,1
1974,33,30000,1,Two year,Fiber optic,65.69,65.69,2,3.2,1,0,1
1975,35,34263,14,One year,Fiber optic,69.27,969.78,0,3.3,0,1,1
1976,25,30000,1,Month-to-month,DSL,44.62,44.62,1,3.9,1,0,1
1977,35,47822,21,One year,Fiber optic,69.61,1461.81,2,3.1,0,1,1
1978,25,30000,3,Month-to-month,Fiber optic,67.97,203.91,0,3.8,0,0,1
1979,25,39228,1,Month-to-month,No,17.27,17.27,1,4.6,0,0,0
1980,47,63090,29,Month-to-month,No,19.51,565.79,1,4.0,1,1,0
1981,47,49582,20,Month-to-month,No,26.14,522.8,1,4.2,1,1,1
1982,44,30000,32,Month-to-month,Fiber optic,86.01,2752.32,1,3.6,0,0,1
1983,30,32109,17,Month-to-month,No,26.68,453.56,0,4.2,1,0,0
1984,39,43486,19,One year,DSL,38.87,738.53,0,4.2,1,1,0
1985,39,35915,26,One year,No,15.52,403.52,1,4.0,0,0,0
1986,28,30000,1,Month-to-month,Fiber optic,74.2,74.2,1,3.6,0,0,1
1987,55,72241,31,Month-to-month,DSL,53.92,1671.52,3,3.0,1,0,1
1988,48,58319,27,One year,Fiber optic,70.42,1901.34,1,3.6,0,0,0
1989,37,34603,17,Month-to-month,Fiber optic,68.36,1162.12,4,3.1,0,0,1
1990,40,32219,15,Two year,No,15.49,232.35,0,4.0,0,0,0
1991,42,44383,23,One year,DSL,46.54,1070.42,0,3.7,0,1,1
1992,25,30000,1,Month-to-month,No,23.45,23.45,0,4.0,1,1,0
1993,37,45969,8,Month-to-month,Fiber optic,74.0,592.0,1,3.6,0,1,1
1994,33,33717,12,Month-to-month,DSL,48.42,581.04,1,3.3,0,0,1
1995,29,38091,9,Month-to-month,No,15.0,135.0,4,3.7,0,0,1
1996,37,57481,15,Month-to-month,No,20.52,307.8,0,4.5,0,1,0
1997,57,68524,45,One year,DSL,47.05,2117.25,0,3.9,0,0,1
1998,46,50615,17,Month-to-month,Fiber optic,70.84,1204.28,1,3.7,1,1,0
1999,34,37534,13,Month-to-month,Fiber optic,70.82,920.66,0,3.0,0,0,1
2000,45,47146,16,Month-to-month,Fiber optic,65.67,1050.72,3,3.2,1,1,1
2001,53,67445,26,Month-to-month,DSL,52.95,1376.7,2,3.4,0,1,0
2002,49,48981,25,Month-to-month,No,16.4,410.0,1,3.7,0,0,1
2003,40,45361,12,Month-to-month,Fiber optic,76.21,914.52,1,2.9,0,0,1
2004,33,38409,6,Month-to-month,No,23.02,138.12,0,4.7,1,0,0
2005,46,46985,23,One year,Fiber optic,78.81,1812.63,2,3.2,1,0,1
2006,43,37020,26,Month-to-month,DSL,44.23,1149.98,2,3.8,0,0,1
2007,48,55583,25,One year,No,16.3,407.5,0,4.6,0,1,0
2008,46,50511,15,Month-to-month,Fiber optic,75.87,1138.05,0,3.1,1,0,0
2009,50,59001,36,Month-to-month,Fiber optic,81.42,2931.12,2,3.1,0,0,1
2010,34,34731,5,Month-to-month,Fiber optic,74.15,370.75,3,3.2,1,0,1
2011,53,67766,33,One year,No,15.0,495.0,1,4.1,0,0,0
2012,41,38985,21,Month-to-month,No,15.0,315.0,3,4.2,1,0,0
2013,60,78696,43,Month-to-month,Fiber optic,68.89,2962.27,1,3.2,1,1,1
2014,33,30000,16,Month-to-month,Fiber optic,79.32,1269.12,3,2.8,0,1,1
2015,57,65478,41,Month-to-month,Fiber optic,73.4,3009.4,2,3.2,1,0,1
2016,41,49803,14,Month-to-month,No,16.96,237.44,0,4.6,0,0,1
2017,33,31635,22,One year,Fiber optic,67.67,1488.74,0,3.5,0,1,1
2018,35,43395,13,Month-to-month,Fiber optic,75.43,980.59,2,3.4,0,0,0
2019,36,51236,12,One year,Fiber optic,70.05,840.6,2,3.3,0,0,1
2020,44,31265,28,Month-to-month,DSL,43.63,1221.64,2,3.1,0,1,0
2021,45,54021,25,One year,DSL,49.5,1237.5,1,4.2,1,0,0
2022,34,30000,13,One year,Fiber optic,78.94,1026.22,3,2.5,1,0,1
2023,39,36274,31,Month-to-month,Fiber optic,66.95,2075.45,2,3.8,0,1,1
2024,61,79033,41,One year,Fiber optic,72.89,2988.49,1,3.3,1,0,0
2025,57,57345,36,Two year,Fiber optic,63.62,2290.32,4,2.7,0,1,1
2026,44,39608,23,Month-to-month,Fiber optic,73.76,1696.48,2,3.2,1,0,1
2027,40,43416,24,Month-to-month,DSL,46.55,1117.2,0,3.7,0,1,1
2028,41,62543,10,One year,No,17.94,179.4,0,3.8,1,0,0
2029,46,36346,13,Month-to-month,No,21.15,274.95,0,4.2,1,0,1
2030,29,30000,1,Month-to-month,DSL,48.36,48.36,2,3.6,1,1,1
2031,37,53979,4,Two year,No,19.47,77.88,1,4.6,0,1,1
2032,25,44861,1,Month-to-month,DSL,41.77,41.77,1,3.4,0,0,1
2033,43,47172,24,One year,DSL,39.6,950.4,0,4.2,0,1,0
2034,46,41087,19,One year,DSL,35.55,675.45,0,4.0,0,0,1
2035,35,56766,3,Two year,DSL,36.23,108.69,0,4.1,0,1,1
2036,55,72755,36,Month-to-month,No,29.81,1073.16,0,4.4,1,1,0
2037,27,37431,7,Month-to-month,No,16.04,112.28,1,4.0,1,0,1
2038,25,30000,1,Month-to-month,Fiber optic,69.03,69.03,3,3.0,0,0,1
2039,42,46607,25,Month-to-month,DSL,46.6,1165.0,2,3.8,0,0,1
2040,50,53717,34,Month-to-month,DSL,44.45,1511.3,0,4.2,1,1,1
2041,56,63646,42,Month-to-month,Fiber optic,74.02,3108.84,3,2.5,1,0,1
2042,35,51608,19,Month-to-month,Fiber optic,82.05,1558.95,3,2.6,0,1,1
2043,50,62035,43,Month-to-month,DSL,47.75,2053.25,0,3.8,0,0,0
2044,39,35380,14,One year,Fiber optic,68.6,960.4,2,3.4,1,1,1
2045,38,54011,16,One year,Fiber optic,69.13,1106.08,0,3.5,1,1,1
2046,48,55505,25,One year,Fiber optic,68.74,1718.5,2,3.2,0,1,0
2047,46,56496,25,Two year,DSL,44.87,1121.75,1,4.1,1,1,0
2048,25,41732,9,Month-to-month,Fiber optic,73.46,661.14,2,3.0,1,0,1
2049,54,50107,26,Two year,No,15.0,390.0,1,4.6,0,0,0
2050,53,57713,28,Two year,Fiber optic,67.26,1883.28,3,2.5,1,1,0
2051,33,33748,17,Month-to-month,Fiber optic,67.31,1144.27,1,3.3,0,0,1
2052,43,35457,27,Month-to-month,DSL,55.92,1509.84,1,3.2,1,1,1
2053,44,51773,20,Month-to-month,Fiber optic,70.17,1403.4,3,3.0,1,1,1
2054,42,67092,25,Month-to-month,DSL,44.19,1104.75,2,3.8,0,1,1
2055,34,30000,12,Month-to-month,Fiber optic,76.29,915.48,2,3.0,1,0,1
2056,33,37741,18,Month-to-month,Fiber optic,73.56,1324.08,0,3.4,1,0,0
2057,39,49124,17,One year,No,17.55,298.35,2,3.5,1,1,1
2058,51,56984,37,Month-to-month,Fiber optic,77.11,2853.07,1,3.7,0,0,1
2059,45,49094,39,Month-to-month,DSL,52.63,2052.57,2,3.4,0,1,0
2060,36,30606,16,Two year,No,21.84,349.44,0,4.1,1,0,0
2061,47,53862,26,Month-to-month,Fiber optic,82.39,2142.14,3,3.2,1,0,1
2062,25,30000,4,Two year,DSL,35.27,141.08,0,4.0,1,0,0
2063,51,38480,29,Month-to-month,Fiber optic,76.59,2221.11,3,2.6,0,1,1
2064,25,39556,14,Two year,DSL,41.28,577.92,2,3.4,0,0,1
2065,36,48667,14,Month-to-month,No,21.76,304.64,1,3.8,0,0,1
2066,28,33413,1,Month-to-month,Fiber optic,81.88,81.88,2,2.7,1,1,1
2067,27,33832,1,Month-to-month,DSL,43.9,43.9,3,3.1,1,1,1
2068,51,64594,37,One year,Fiber optic,69.22,2561.14,1,4.1,1,1,0
2069,35,41794,17,Two year,Fiber optic,70.17,1192.89,2,2.8,0,0,1
2070,43,55232,18,Month-to-month,Fiber optic,66.11,1189.98,2,2.8,0,1,0
2071,39,41620,20,Two year,Fiber optic,66.32,1326.4,2,3.3,1,0,0
2072,44,59495,13,Month-to-month,Fiber optic,74.33,966.29,1,3.3,1,1,1
2073,40,47566,19,One year,DSL,38.15,724.85,0,4.2,1,1,0
2074,27,33552,5,One year,Fiber optic,76.54,382.7,1,3.1,0,0,1
2075,49,43839,39,Month-to-month,No,15.0,585.0,2,3.7,0,0,0
2076,35,42295,7,Month-to-month,DSL,44.32,310.24,1,4.2,0,1,1
2077,25,30000,1,Two year,Fiber optic,68.97,68.97,2,2.7,1,0,1
2078,35,34893,6,Two year,Fiber optic,74.27,445.62,1,3.4,0,1,1
2079,55,53476,27,Two year,Fiber optic,67.45,1821.15,2,3.4,1,0,0
2080,48,44470,35,Two year,Fiber optic,72.18,2526.3,3,3.2,1,1,1
2081,36,57998,22,Month-to-month,Fiber optic,78.5,1727.0,1,3.1,0,0,1
2082,36,51650,15,One year,Fiber optic,71.87,1078.05,3,2.5,0,0,1
2083,36,56362,20,Month-to-month,DSL,39.55,791.0,0,4.5,1,0,1
2084,60,55216,42,Two year,No,15.0,630.0,1,4.0,0,0,0
2085,43,48570,21,Month-to-month,DSL,45.53,956.13,0,4.4,0,0,1
2086,44,38651,20,Month-to-month,Fiber optic,72.29,1445.8,3,3.0,1,0,1
2087,50,49434,28,Month-to-month,DSL,49.6,1388.8,2,3.3,1,0,1
2088,42,39654,11,Month-to-month,No,23.73,261.03,2,4.0,1,1,1
2089,37,51916,15,Month-to-month,DSL,44.08,661.2,0,4.3,0,0,1
2090,38,39830,15,Two year,Fiber optic,61.71,925.65,0,3.7,1,1,1
2091,39,52547,21,One year,Fiber optic,73.8,1549.8,0,3.3,0,0,1
2092,39,48832,17,Month-to-month,DSL,39.91,678.47,1,3.3,0,0,1
2093,47,70429,25,One year,No,15.21,380.25,2,3.8,0,0,0
2094,40,33164,12,One year,DSL,37.85,454.2,0,4.3,0,1,0
2095,47,62073,26,Month-to-month,No,19.31,502.06,0,4.0,1,0,0
2096,39,53171,21,Month-to-month,No,25.85,542.85,0,4.4,1,0,0
2097,40,37212,11,Two year,Fiber optic,67.47,742.17,1,3.4,1,0,1
2098,25,38057,1,One year,Fiber optic,69.03,69.03,1,3.6,1,0,0
2099,49,56689,30,Month-to-month,No,15.0,450.0,0,3.7,0,0,1
2100,43,46180,17,One year,No,21.76,369.92,0,3.8,0,0,0
2101,49,47408,25,Month-to-month,DSL,41.1,1027.5,5,2.8,1,0,1
2102,25,30000,1,Month-to-month,DSL,45.59,45.59,2,4.1,1,1,1
2103,60,81398,35,Month-to-month,DSL,43.23,1513.05,1,3.5,0,0,1
2104,38,43005,17,Month-to-month,DSL,49.19,836.23,2,3.4,0,0,0
2105,51,62257,25,One year,DSL,41.96,1049.0,1,4.4,0,0,1
2106,29,30000,11,Two year,Fiber optic,67.21,739.31,1,3.5,0,0,0
2107,46,44761,39,Month-to-month,Fiber optic,77.43,3019.77,2,3.3,0,0,1
2108,29,42655,1,Month-to-month,Fiber optic,85.53,85.53,1,2.9,0,1,1
2109,33,30000,12,One year,DSL,47.19,566.28,1,4.0,0,1,0
2110,59,60678,36,Two year,Fiber optic,67.06,2414.16,0,4.0,0,0,1
2111,38,43272,21,One year,Fiber optic,71.27,1496.67,0,3.7,0,0,1
2112,42,47890,12,Two year,No,15.38,184.56,1,4.1,1,0,0
2113,48,51567,30,Month-to-month,DSL,40.25,1207.5,1,4.0,1,0,1
2114,44,52166,17,One year,DSL,39.99,679.83,1,3.3,1,1,0
2115,41,51542,17,Month-to-month,No,16.14,274.38,2,4.3,1,1,0
2116,43,53877,15,Month-to-month,DSL,48.27,724.05,2,3.2,1,0,1
2117,64,61113,51,Month-to-month,Fiber optic,69.64,3551.64,2,3.1,0,1,1
2118,39,41726,11,Month-to-month,DSL,51.67,568.37,0,4.2,0,0,0
2119,42,56558,23,Two year,DSL,44.26,1017.98,3,3.7,1,0,1
2120,50,62157,27,Two year,DSL,40.6,1096.2,0,3.5,1,0,0
2121,51,45017,30,Month-to-month,Fiber optic,75.0,2250.0,1,3.0,0,0,1
2122,51,58811,32,Month-to-month,DSL,42.21,1350.72,1,4.0,1,1,1
2123,46,35174,20,Month-to-month,Fiber optic,76.35,1527.0,0,2.9,0,1,1
2124,28,33375,4,Month-to-month,No,25.44,101.76,0,4.6,0,1,1
2125,56,76182,46,One year,No,15.48,712.08,1,4.2,0,0,1
2126,28,30000,1,Two year,Fiber optic,59.83,59.83,0,4.1,0,1,0
2127,43,41325,28,Two year,No,21.52,602.56,0,4.1,0,1,0
2128,32,43112,17,One year,No,20.62,350.54,3,3.5,1,0,0
2129,39,31657,11,One year,No,15.0,165.0,2,4.3,0,0,1
2130,43,42937,12,Month-to-month,Fiber optic,71.33,855.96,2,3.0,0,1,1
2131,43,52771,23,Month-to-month,Fiber optic,70.7,1626.1,2,2.8,0,1,1
2132,44,43925,19,Month-to-month,DSL,41.38,786.22,4,3.3,1,1,1
2133,56,59112,48,Month-to-month,Fiber optic,73.38,3522.24,2,2.6,1,0,1
2134,44,54953,23,One year,No,17.67,406.41,1,4.6,0,0,0
2135,37,45372,9,Month-to-month,Fiber optic,71.75,645.75,1,3.4,0,1,0
2136,49,56134,21,Month-to-month,DSL,41.21,865.41,2,3.3,0,1,1
2137,51,53287,37,Month-to-month,Fiber optic,73.86,2732.82,1,3.6,1,0,1
2138,27,34960,1,Two year,Fiber optic,68.34,68.34,3,3.3,0,0,1
2139,45,49010,24,Month-to-month,Fiber optic,73.42,1762.08,4,2.7,0,1,1
2140,47,55662,32,One year,No,24.79,793.28,1,4.7,0,1,1
2141,37,38024,11,One year,Fiber optic,73.79,811.69,2,3.8,0,1,1
2142,53,56539,33,Month-to-month,No,15.0,495.0,0,4.5,1,0,1
2143,38,35080,15,Month-to-month,Fiber optic,77.62,1164.3,0,3.8,0,1,1
2144,41,45719,23,Two year,DSL,43.53,1001.19,0,4.3,0,0,0
2145,38,36511,19,Month-to-month,DSL,42.83,813.77,3,3.0,1,1,1
2146,40,36087,16,Two year,No,15.0,240.0,1,4.3,1,0,1
2147,29,36069,5,Month-to-month,No,20.04,100.2,1,3.9,0,1,0
2148,25,31701,1,Month-to-month,Fiber optic,74.96,74.96,0,3.2,1,1,0
2149,55,66262,27,Two year,Fiber optic,61.89,1671.03,4,2.9,1,1,1
2150,31,32550,8,One year,Fiber optic,63.99,511.92,3,3.1,0,0,1
2151,30,38264,17,Two year,Fiber optic,67.06,1140.02,1,2.9,0,0,1
2152,25,34406,1,One year,Fiber optic,70.08,70.08,2,3.3,0,1,1
2153,33,41558,4,Two year,DSL,38.41,153.64,1,3.7,0,0,1
2154,26,30000,1,One year,No,18.58,18.58,2,4.3,0,0,1
2155,56,62194,41,One year,No,15.0,615.0,0,4.7,1,1,0
2156,50,57913,32,Month-to-month,DSL,42.83,1370.56,0,3.7,1,0,1
2157,33,38057,8,Month-to-month,DSL,47.67,381.36,1,4.1,0,1,1
2158,62,50308,38,Two year,No,16.25,617.5,4,3.7,0,0,1
2159,49,55283,29,Month-to-month,No,15.0,435.0,1,4.1,0,1,0
2160,36,58700,3,Month-to-month,No,17.64,52.92,0,4.2,1,1,1
2161,25,30000,1,Month-to-month,Fiber optic,69.65,69.65,2,2.8,1,1,1
2162,62,61175,49,Month-to-month,No,21.34,1045.66,2,3.5,0,1,1
2163,26,33986,1,Month-to-month,DSL,46.59,46.59,0,3.4,1,0,1
2164,25,32499,1,Month-to-month,Fiber optic,66.71,66.71,2,3.2,0,1,1
2165,50,64541,39,Two year,DSL,44.3,1727.7,2,2.9,1,1,0
2166,64,58937,43,Month-to-month,No,15.0,645.0,1,3.9,0,0,0
2167,53,63851,40,Month-to-month,DSL,52.8,2112.0,0,4.0,0,0,0
2168,45,54723,23,Month-to-month,No,19.76,454.48,7,3.4,0,1,0
2169,45,48862,23,Month-to-month,DSL,38.77,891.71,1,3.5,1,0,1
2170,48,55709,30,Month-to-month,No,15.0,450.0,0,4.6,1,0,0
2171,47,60235,21,One year,Fiber optic,72.99,1532.79,1,3.2,1,0,1
2172,42,53978,21,Month-to-month,Fiber optic,73.04,1533.84,0,3.3,0,0,1
2173,41,36855,16,Two year,DSL,40.02,640.32,0,4.0,0,1,0
2174,39,50561,8,Month-to-month,DSL,53.06,424.48,0,3.6,0,0,1
2175,32,36482,10,Month-to-month,DSL,41.5,415.0,1,3.8,1,0,1
2176,37,42582,12,Month-to-month,Fiber optic,75.3,903.6,1,3.3,1,1,1
2177,25,30585,1,Month-to-month,DSL,52.1,52.1,3,3.6,1,0,1
2178,39,42798,9,One year,Fiber optic,72.6,653.4,0,3.9,1,1,0
2179,30,44533,15,Two year,Fiber optic,59.47,892.05,2,3.1,1,1,1
2180,28,32330,8,One year,DSL,45.28,362.24,1,3.6,1,1,0
2181,41,37043,24,Month-to-month,DSL,39.18,940.32,0,4.3,0,1,1
2182,53,54851,31,Month-to-month,DSL,52.03,1612.93,2,3.4,1,0,0
2183,49,55429,18,Month-to-month,No,15.89,286.02,3,4.0,1,0,1
2184,25,39833,11,Two year,No,32.85,361.35,1,4.2,0,0,0
2185,30,39824,5,Month-to-month,No,27.34,136.7,1,4.3,1,0,0
2186,49,47195,24,One year,No,15.02,360.48,0,4.4,0,0,0
2187,30,54881,8,Month-to-month,DSL,45.1,360.8,1,3.4,0,0,1
2188,37,44118,21,Month-to-month,Fiber optic,78.77,1654.17,1,3.2,1,0,1
2189,45,60203,23,Month-to-month,DSL,48.92,1125.16,1,3.5,0,0,1
2190,30,33786,13,Month-to-month,Fiber optic,77.21,1003.73,2,3.3,0,0,1
2191,41,50266,25,One year,Fiber optic,77.51,1937.75,2,3.5,1,0,1
2192,26,37715,1,Month-to-month,Fiber optic,74.39,74.39,2,3.6,0,0,1
2193,33,47745,5,One year,Fiber optic,69.42,347.1,4,3.0,0,1,0
2194,43,56458,27,Month-to-month,DSL,43.27,1168.29,1,3.5,1,1,0
2195,25,36977,1,Two year,No,22.29,22.29,2,4.3,0,1,1
2196,44,46479,21,Month-to-month,Fiber optic,76.83,1613.43,4,2.8,0,1,1
2197,39,39426,8,Two year,Fiber optic,68.96,551.68,2,2.9,0,1,1
2198,45,52660,21,One year,Fiber optic,75.23,1579.83,1,3.5,0,1,0
2199,42,54465,18,Two year,Fiber optic,57.24,1030.32,2,3.3,0,0,0
2200,53,56218,31,Month-to-month,DSL,46.55,1443.05,1,3.1,1,0,1
2201,41,54521,15,One year,DSL,43.84,657.6,2,3.2,0,1,0
2202,35,51620,5,Month-to-month,No,28.34,141.7,2,3.8,0,0,1
2203,41,38669,32,Month-to-month,No,15.0,480.0,0,4.3,1,0,0
2204,45,43304,35,Month-to-month,DSL,52.79,1847.65,2,3.1,1,0,1
2205,40,43876,11,Month-to-month,Fiber optic,75.38,829.18,4,2.9,0,0,0
2206,40,47460,27,Two year,Fiber optic,69.94,1888.38,1,3.5,1,1,1
2207,32,32803,6,Month-to-month,DSL,53.38,320.28,2,3.0,1,0,1
2208,33,48817,10,Month-to-month,Fiber optic,77.8,778.0,1,4.0,1,0,0
2209,25,33392,1,One year,Fiber optic,73.25,73.25,6,1.9,1,0,1
2210,57,62315,34,Month-to-month,Fiber optic,76.21,2591.14,0,3.3,0,1,0
2211,27,30000,8,One year,No,16.58,132.64,0,4.5,0,1,0
2212,33,30000,10,Month-to-month,Fiber optic,74.86,748.6,2,2.9,0,0,0
2213,32,39248,5,Month-to-month,Fiber optic,71.42,357.1,2,3.6,1,1,1
2214,48,35939,19,Month-to-month,No,19.78,375.82,3,3.7,1,0,0
2215,37,50101,9,Two year,No,15.0,135.0,0,4.1,0,1,0
2216,52,55734,22,One year,Fiber optic,73.4,1614.8,2,3.3,0,1,1
2217,33,63944,9,Two year,No,17.39,156.51,0,3.5,1,1,0
2218,42,65463,13,Month-to-month,DSL,43.32,563.16,2,3.7,0,0,1
2219,31,34548,5,Month-to-month,DSL,46.1,230.5,0,4.3,0,0,1
2220,61,65149,51,Month-to-month,Fiber optic,67.83,3459.33,0,2.9,1,0,0
2221,28,40964,10,Month-to-month,Fiber optic,84.65,846.5,2,2.8,0,0,1
2222,43,61625,21,Month-to-month,DSL,44.49,934.29,3,2.8,0,0,1
2223,46,37895,24,One year,DSL,42.02,1008.48,3,3.4,0,0,1
2224,44,34708,34,Month-to-month,Fiber optic,70.17,2385.78,0,4.2,1,0,0
2225,38,38023,18,Month-to-month,Fiber optic,75.12,1352.16,2,3.1,0,1,1
2226,38,47661,13,Two year,Fiber optic,74.43,967.59,2,3.0,1,0,0
2227,40,48974,9,One year,DSL,47.93,431.37,1,2.8,0,1,1
2228,38,51558,17,Month-to-month,DSL,49.27,837.59,2,3.1,1,1,1
2229,49,44402,33,Month-to-month,DSL,47.73,1575.09,3,3.2,0,1,1
2230,62,48470,40,Month-to-month,Fiber optic,73.21,2928.4,2,3.1,0,1,1
2231,34,45864,12,Month-to-month,No,15.0,180.0,0,4.5,1,1,1
2232,26,30000,1,One year,DSL,41.74,41.74,1,4.0,0,1,1
2233,39,30000,15,Month-to-month,No,18.82,282.3,0,4.0,1,0,1
2234,65,71160,33,Two year,DSL,45.74,1509.42,4,3.1,0,0,0
2235,31,42345,5,One year,Fiber optic,72.8,364.0,1,3.2,0,1,0
2236,56,60023,43,One year,No,27.06,1163.58,0,3.9,1,0,0
2237,56,57337,33,Month-to-month,Fiber optic,80.99,2672.67,3,2.5,1,0,1
2238,34,37725,11,Month-to-month,Fiber optic,72.72,799.92,1,3.5,0,1,1
2239,45,47035,19,One year,DSL,33.77,641.63,0,3.3,1,0,0
2240,56,50215,39,Month-to-month,Fiber optic,81.93,3195.27,4,2.0,0,1,1
2241,36,35282,11,Month-to-month,Fiber optic,81.8,899.8,3,3.7,0,0,1
2242,37,46170,8,Month-to-month,Fiber optic,68.17,545.36,5,2.4,0,1,0
2243,34,41573,18,Month-to-month,DSL,52.55,945.9,1,4.1,0,0,0
2244,29,35344,10,One year,No,20.91,209.1,1,4.1,0,1,0
2245,33,30038,5,Month-to-month,No,20.8,104.0,0,4.1,1,0,1
2246,27,30547,5,Month-to-month,Fiber optic,83.07,415.35,6,2.4,0,1,1
2247,40,30000,21,Month-to-month,Fiber optic,81.72,1716.12,1,3.2,0,0,0
2248,32,38427,12,Month-to-month,Fiber optic,78.26,939.12,1,3.2,1,0,1
2249,42,58430,10,Two year,DSL,42.87,428.7,1,3.7,0,0,0
2250,25,30000,6,Two year,No,21.08,126.48,0,4.4,0,0,0
2251,43,43312,18,Month-to-month,Fiber optic,73.0,1314.0,3,2.7,0,1,1
2252,48,55632,25,Month-to-month,DSL,44.72,1118.0,3,3.2,0,0,1
2253,25,40022,15,Month-to-month,Fiber optic,70.49,1057.35,1,3.0,0,0,1
2254,43,44414,23,One year,DSL,41.08,944.84,1,3.4,0,0,0
2255,52,51461,30,Month-to-month,DSL,43.17,1295.1,0,4.5,1,1,0
2256,27,30000,1,One year,DSL,39.57,39.57,4,2.9,1,0,1
2257,56,61827,45,Month-to-month,DSL,45.68,2055.6,0,4.2,1,0,1
2258,44,65336,14,One year,DSL,41.13,575.82,1,3.7,1,1,1
2259,32,39218,2,Month-to-month,No,22.51,45.02,1,4.2,0,1,1
2260,39,43821,14,One year,DSL,34.64,484.96,1,3.9,0,1,0
2261,45,52576,32,Month-to-month,No,19.43,621.76,2,3.4,1,1,0
2262,40,44911,22,One year,No,19.66,432.52,0,4.3,0,0,1
2263,45,43495,23,Month-to-month,Fiber optic,73.45,1689.35,1,3.5,0,1,1
2264,30,41586,7,Month-to-month,DSL,44.14,308.98,3,3.1,1,1,1
2265,41,47806,15,One year,Fiber optic,63.32,949.8,0,4.3,0,1,1
2266,25,30140,1,Month-to-month,Fiber optic,76.78,76.78,2,3.3,1,0,1
2267,38,35197,16,One year,Fiber optic,74.49,1191.84,1,3.5,0,1,0
2268,30,45428,11,One year,Fiber optic,73.72,810.92,0,3.8,1,0,1
2269,32,42317,14,Month-to-month,No,25.19,352.66,1,3.3,1,1,1
2270,52,52576,35,Month-to-month,Fiber optic,76.01,2660.35,5,2.7,0,0,1
2271,50,63014,27,Month-to-month,Fiber optic,77.39,2089.53,1,3.9,1,0,1
2272,46,47019,29,Month-to-month,Fiber optic,75.78,2197.62,3,3.1,1,0,1
2273,29,30000,4,Month-to-month,No,23.44,93.76,1,4.0,1,0,0
2274,36,34922,6,One year,DSL,34.86,209.16,1,3.5,0,1,0
2275,52,42831,29,Month-to-month,No,15.53,450.37,1,3.8,0,1,1
2276,41,49772,19,Month-to-month,Fiber optic,82.93,1575.67,4,2.2,0,1,1
2277,63,53350,51,Month-to-month,Fiber optic,62.7,3197.7,0,3.5,0,0,0
2278,43,38172,20,Month-to-month,DSL,44.3,886.0,0,3.6,1,1,0
2279,41,30000,11,Month-to-month,DSL,50.86,559.46,1,3.6,0,1,0
2280,36,40311,13,One year,Fiber optic,70.78,920.14,3,3.0,0,0,1
2281,41,44797,19,One year,DSL,40.72,773.68,0,3.5,0,1,0
2282,38,40386,16,Month-to-month,Fiber optic,75.65,1210.4,1,3.0,1,0,1
2283,47,43659,31,Two year,Fiber optic,65.73,2037.63,0,3.4,1,0,1
2284,49,44622,34,Month-to-month,No,20.15,685.1,3,3.5,1,0,1
2285,32,40714,4,Two year,Fiber optic,64.08,256.32,1,3.4,1,0,1
2286,26,30000,1,One year,DSL,48.29,48.29,1,3.7,1,0,0
2287,25,32530,1,One year,Fiber optic,78.37,78.37,0,3.3,1,0,0
2288,45,42918,28,Month-to-month,Fiber optic,74.33,2081.24,3,2.7,0,1,1
2289,28,34448,12,Month-to-month,Fiber optic,68.07,816.84,3,3.0,0,0,1
2290,25,40426,1,Month-to-month,DSL,42.38,42.38,2,4.0,1,0,1
2291,43,52689,20,One year,DSL,41.83,836.6,1,3.3,0,1,1
2292,64,65700,55,Month-to-month,DSL,47.53,2614.15,3,3.6,1,0,1
2293,39,46057,19,One year,DSL,37.71,716.49,1,3.3,0,1,0
2294,48,51074,30,Month-to-month,No,16.15,484.5,2,4.1,1,0,0
2295,40,45063,10,One year,DSL,45.3,453.0,2,3.8,0,0,1
2296,39,41395,20,Month-to-month,No,24.69,493.8,0,3.8,0,0,1
2297,49,52685,23,Month-to-month,DSL,41.89,963.47,2,3.7,1,1,1
2298,37,43696,7,Month-to-month,DSL,38.33,268.31,1,3.5,0,0,1
2299,42,39053,18,Month-to-month,Fiber optic,91.42,1645.56,3,3.0,1,0,1
2300,43,39872,18,Month-to-month,Fiber optic,78.92,1420.56,3,2.3,1,1,1
2301,33,30000,8,One year,DSL,41.41,331.28,1,3.5,1,1,0
2302,49,41197,20,Month-to-month,No,24.35,487.0,0,4.3,1,0,1
2303,38,33261,21,Month-to-month,DSL,44.38,931.98,1,3.9,0,1,0
2304,32,38275,15,One year,DSL,47.09,706.35,2,3.5,1,0,1
2305,45,42857,12,Month-to-month,DSL,45.8,549.6,2,3.7,0,0,1
2306,31,40108,13,Two year,Fiber optic,67.96,883.48,1,3.2,0,0,1
2307,40,45277,13,Two year,Fiber optic,66.93,870.09,0,3.3,1,0,1
2308,39,30000,21,Month-to-month,Fiber optic,67.76,1422.96,2,3.6,1,0,1
2309,50,60239,29,Month-to-month,DSL,54.69,1586.01,0,3.9,0,0,1
2310,44,55486,22,Month-to-month,Fiber optic,70.29,1546.38,0,3.4,0,0,1
2311,39,36049,15,One year,Fiber optic,64.45,966.75,2,2.7,1,0,1
2312,48,56361,34,Month-to-month,DSL,43.94,1493.96,0,4.3,0,0,1
2313,53,51148,26,One year,DSL,37.94,986.44,0,4.4,1,1,1
2314,45,50781,27,One year,DSL,42.49,1147.23,1,3.7,1,1,0
2315,40,34884,24,Month-to-month,No,23.44,562.56,0,4.1,0,0,0
2316,26,30000,5,One year,Fiber optic,76.23,381.15,3,2.8,0,1,1
2317,29,30937,18,One year,DSL,46.82,842.76,0,3.8,0,0,1
2318,36,40010,10,Month-to-month,No,18.47,184.7,2,4.2,1,0,1
2319,33,34818,15,Two year,No,18.25,273.75,0,4.0,1,0,1
2320,38,33527,14,One year,DSL,44.79,627.06,2,3.4,1,0,1
2321,40,41800,25,Month-to-month,Fiber optic,66.21,1655.25,0,3.6,0,1,1
2322,45,52154,23,Month-to-month,Fiber optic,77.85,1790.55,1,3.3,1,1,1
2323,39,43640,14,Month-to-month,Fiber optic,67.71,947.94,1,3.6,0,0,1
2324,44,50460,30,Month-to-month,DSL,55.2,1656.0,1,3.7,1,0,1
2325,40,39639,15,Two year,Fiber optic,65.48,982.2,6,2.9,0,0,1
2326,25,39373,1,Month-to-month,DSL,44.08,44.08,2,3.2,1,0,1
2327,30,30000,2,One year,Fiber optic,67.4,134.8,1,3.8,1,1,1
2328,38,46900,19,Month-to-month,No,16.85,320.15,1,3.9,0,1,0
2329,27,41455,10,Month-to-month,DSL,56.37,563.7,4,2.8,1,0,1
2330,45,53847,24,Two year,DSL,45.2,1084.8,1,3.8,0,1,0
2331,55,58379,43,Two year,DSL,32.75,1408.25,0,4.5,0,0,0
2332,52,52773,24,Month-to-month,Fiber optic,82.52,1980.48,3,2.6,0,1,1
2333,37,50288,11,Month-to-month,No,25.97,285.67,0,4.3,1,0,1
2334,54,47616,33,Month-to-month,DSL,43.59,1438.47,1,3.7,1,1,0
2335,41,38239,18,Month-to-month,DSL,46.53,837.54,1,3.0,1,0,1
2336,36,37819,13,Month-to-month,Fiber optic,74.93,974.09,0,3.5,1,0,1
2337,33,47901,13,Month-to-month,DSL,54.86,713.18,1,3.2,0,1,0
2338,36,44038,10,Two year,Fiber optic,63.52,635.2,1,3.8,0,0,1
2339,36,33255,14,Month-to-month,Fiber optic,75.73,1060.22,0,3.8,0,1,1
2340,41,43517,18,Two year,DSL,38.36,690.48,2,3.4,1,0,0
2341,41,41085,13,One year,DSL,35.58,462.54,1,3.6,1,1,1
2342,40,39321,17,Month-to-month,DSL,55.96,951.32,4,2.8,0,1,0
2343,44,56831,21,Two year,Fiber optic,61.59,1293.39,0,3.8,1,0,1
2344,51,45026,30,Month-to-month,No,21.1,633.0,0,4.4,1,0,1
2345,49,66870,28,Two year,DSL,31.8,890.4,1,4.9,0,1,0
2346,25,36625,1,Month-to-month,Fiber optic,73.0,73.0,1,3.2,1,0,1
2347,25,38726,1,Month-to-month,Fiber optic,77.11,77.11,2,3.1,1,1,1
2348,49,50296,36,Two year,DSL,36.38,1309.68,0,4.6,0,0,0
2349,26,30000,1,Month-to-month,DSL,47.93,47.93,2,3.6,1,1,1
2350,37,30534,10,Two year,No,16.65,166.5,0,4.0,0,0,0
2351,28,30000,20,Two year,DSL,46.3,926.0,2,3.6,0,1,1
2352,25,33949,1,Month-to-month,DSL,51.81,51.81,2,3.6,0,0,1
2353,45,60368,15,Month-to-month,Fiber optic,72.07,1081.05,1,3.2,1,1,1
2354,47,43142,30,Month-to-month,DSL,45.38,1361.4,0,4.2,0,0,0
2355,34,36075,1,One year,Fiber optic,72.17,72.17,0,3.7,1,0,1
2356,25,30000,1,One year,Fiber optic,74.35,74.35,2,2.9,1,1,0
2357,34,30000,23,Month-to-month,No,20.07,461.61,1,4.6,0,1,0
2358,43,52730,12,Month-to-month,Fiber optic,75.95,911.4,4,2.4,1,1,1
2359,25,30000,1,One year,No,17.78,17.78,0,4.5,0,0,0
2360,41,44436,10,Month-to-month,Fiber optic,75.58,755.8,2,2.9,1,1,0
2361,39,40384,22,One year,Fiber optic,77.74,1710.28,2,2.5,0,1,1
2362,45,43685,30,One year,DSL,45.98,1379.4,0,4.0,1,1,1
2363,41,45943,16,Two year,DSL,44.01,704.16,2,4.1,1,0,0
2364,30,33275,10,Month-to-month,DSL,48.62,486.2,0,3.9,1,0,0
2365,51,53025,39,Month-to-month,DSL,44.23,1724.97,1,3.3,0,1,0
2366,38,37172,26,Month-to-month,DSL,46.59,1211.34,0,4.0,1,0,1
2367,39,46556,15,Month-to-month,DSL,39.57,593.55,2,3.4,0,1,0
2368,30,48228,1,Two year,Fiber optic,73.84,73.84,2,3.4,0,0,1
2369,35,41119,7,Month-to-month,No,15.0,105.0,3,3.7,0,1,1
2370,31,43968,4,One year,Fiber optic,70.81,283.24,2,2.6,0,1,1
2371,38,31878,14,Month-to-month,Fiber optic,80.7,1129.8,2,3.1,1,1,1
2372,57,63262,37,Month-to-month,DSL,38.18,1412.66,0,4.1,1,0,1
2373,26,30000,7,Month-to-month,Fiber optic,77.0,539.0,0,3.4,0,1,0
2374,25,30000,7,One year,DSL,39.35,275.45,0,3.7,1,0,1
2375,54,53085,33,Month-to-month,No,18.16,599.28,0,4.9,0,1,0
2376,37,51535,20,Month-to-month,Fiber optic,79.73,1594.6,1,3.1,1,0,1
2377,33,45600,11,Two year,DSL,41.49,456.39,4,3.4,1,1,1
2378,50,56944,30,Month-to-month,Fiber optic,64.83,1944.9,0,3.5,1,1,1
2379,33,30000,15,Month-to-month,Fiber optic,70.12,1051.8,2,3.4,0,0,1
2380,58,61429,40,Month-to-month,Fiber optic,79.88,3195.2,2,3.0,1,1,1
2381,46,53413,37,Month-to-month,Fiber optic,77.24,2857.88,0,3.4,0,0,1
2382,35,41404,3,Two year,Fiber optic,76.24,228.72,1,3.0,1,1,1
2383,61,51249,40,Month-to-month,No,28.41,1136.4,0,4.3,1,1,0
2384,33,30877,8,Month-to-month,No,18.29,146.32,0,4.7,1,0,1
2385,47,51487,29,Month-to-month,Fiber optic,87.52,2538.08,2,2.6,0,0,1
2386,42,51290,28,One year,DSL,42.87,1200.36,2,3.3,1,1,0
2387,53,40430,33,Month-to-month,DSL,40.19,1326.27,1,4.7,1,0,1
2388,55,58703,27,One year,DSL,39.58,1068.66,1,3.5,1,0,1
2389,40,46144,23,Month-to-month,Fiber optic,63.72,1465.56,3,2.9,1,0,1
2390,32,43796,12,Month-to-month,No,28.04,336.48,0,4.6,1,0,1
2391,44,54542,11,One year,Fiber optic,79.22,871.42,3,3.2,1,0,1
2392,33,42660,9,Month-to-month,No,15.0,135.0,0,3.6,0,0,1
2393,60,58600,32,Two year,No,16.86,539.52,1,4.4,1,0,0
2394,41,30735,15,Month-to-month,DSL,45.48,682.2,0,3.9,0,1,0
2395,36,37855,7,One year,DSL,37.95,265.65,1,3.8,1,0,1
2396,41,54013,24,Month-to-month,Fiber optic,66.22,1589.28,2,3.6,1,0,1
2397,26,42147,1,One year,No,17.95,17.95,3,3.6,0,1,1
2398,30,40684,1,Month-to-month,No,18.39,18.39,2,3.8,1,1,0
2399,52,60434,37,Month-to-month,DSL,43.06,1593.22,2,3.5,1,0,1
2400,33,41037,1,Month-to-month,DSL,46.11,46.11,0,3.8,1,1,0
2401,29,30000,6,Month-to-month,No,27.15,162.9,1,4.1,0,1,1
2402,45,48959,19,Month-to-month,No,18.48,351.12,2,4.3,0,0,0
2403,51,69352,29,Month-to-month,Fiber optic,75.85,2199.65,1,3.4,1,0,1
2404,47,44459,29,Month-to-month,Fiber optic,78.63,2280.27,1,3.2,0,0,1
2405,49,66918,31,One year,DSL,45.52,1411.12,2,3.7,1,1,0
2406,32,34423,16,One year,DSL,39.68,634.88,0,4.2,0,0,1
2407,25,40603,1,One year,DSL,43.23,43.23,2,3.7,0,1,1
2408,55,48745,37,Month-to-month,DSL,47.74,1766.38,0,3.7,1,1,0
2409,36,45687,10,Month-to-month,Fiber optic,69.36,693.6,0,3.7,0,0,1
2410,37,36105,15,Month-to-month,Fiber optic,81.32,1219.8,2,2.3,1,0,1
2411,53,46677,36,One year,No,26.16,941.76,0,4.7,1,0,0
2412,45,51748,23,Month-to-month,Fiber optic,71.39,1641.97,1,3.8,1,0,1
2413,44,57075,11,Month-to-month,No,20.97,230.67,0,4.6,0,0,0
2414,61,59240,45,One year,DSL,45.96,2068.2,1,4.1,1,1,0
2415,33,30000,11,Month-to-month,No,17.27,189.97,1,4.1,0,1,1
2416,49,53265,24,Two year,No,20.41,489.84,2,3.7,1,0,0
2417,40,44300,10,Two year,Fiber optic,68.32,683.2,1,3.0,0,0,1
2418,42,51386,29,Month-to-month,DSL,37.66,1092.14,2,3.9,0,0,1
2419,55,67596,38,Month-to-month,No,22.3,847.4,0,4.0,1,0,0
2420,45,49524,22,Month-to-month,Fiber optic,69.5,1529.0,3,2.8,1,1,1
2421,45,64844,17,One year,Fiber optic,75.95,1291.15,2,3.1,0,0,0
2422,50,56793,25,Month-to-month,Fiber optic,71.64,1791.0,0,3.5,0,1,1
2423,36,38228,21,One year,Fiber optic,70.44,1479.24,1,3.4,1,1,1
2424,31,30000,8,Month-to-month,DSL,51.86,414.88,2,2.9,0,1,1
2425,29,31898,1,Month-to-month,Fiber optic,77.48,77.48,3,2.8,0,0,1
2426,25,30000,3,Month-to-month,Fiber optic,69.6,208.8,2,3.4,0,0,1
2427,60,72682,37,One year,Fiber optic,66.18,2448.66,1,3.3,0,0,1
2428,28,36699,12,Month-to-month,Fiber optic,72.0,864.0,1,3.1,0,1,1
2429,37,32565,22,One year,DSL,44.72,983.84,1,4.0,0,1,0
2430,37,43378,11,Month-to-month,Fiber optic,76.79,844.69,1,3.1,1,1,1
2431,43,53372,17,Month-to-month,DSL,40.78,693.26,4,3.2,0,1,1
2432,48,65224,11,Two year,DSL,34.66,381.26,0,4.0,1,1,0
2433,48,60100,18,Two year,No,19.41,349.38,0,4.3,1,1,0
2434,34,45086,2,Month-to-month,Fiber optic,74.09,148.18,6,2.7,1,0,1
2435,38,43480,16,Month-to-month,DSL,55.79,892.64,1,3.7,1,1,1
2436,42,50106,18,One year,DSL,42.93,772.74,0,3.6,0,1,1
2437,37,51996,6,Month-to-month,DSL,54.07,324.42,2,3.3,0,0,1
2438,56,50337,35,Month-to-month,Fiber optic,69.15,2420.25,1,3.2,1,1,0
2439,44,46204,25,Two year,DSL,32.63,815.75,4,3.4,0,1,1
2440,47,45819,29,Month-to-month,Fiber optic,69.4,2012.6,2,3.4,0,0,1
2441,46,54033,13,Month-to-month,Fiber optic,80.95,1052.35,2,3.0,1,1,1
2442,51,65841,30,Month-to-month,DSL,53.78,1613.4,3,3.2,0,0,1
2443,41,41224,10,One year,DSL,38.84,388.4,0,3.3,1,0,0
2444,27,30000,7,One year,Fiber optic,68.95,482.65,1,3.8,1,0,1
2445,43,44702,26,Month-to-month,Fiber optic,69.16,1798.16,2,3.1,1,0,1
2446,33,45307,4,Month-to-month,Fiber optic,65.94,263.76,1,3.5,1,0,1
2447,34,43301,6,Month-to-month,DSL,48.59,291.54,4,3.1,0,0,1
2448,45,53425,21,One year,Fiber optic,72.37,1519.77,2,2.9,1,1,0
2449,52,54760,18,Month-to-month,DSL,45.05,810.9,1,3.7,0,0,1
2450,40,34767,20,Two year,Fiber optic,60.5,1210.0,2,3.1,1,0,1
2451,43,52122,19,Month-to-month,Fiber optic,83.2,1580.8,3,3.2,0,0,1
2452,57,55325,44,Two year,No,15.48,681.12,0,3.7,1,0,0
2453,42,64472,13,Month-to-month,Fiber optic,77.67,1009.71,1,2.9,1,0,1
2454,65,74564,44,One year,Fiber optic,63.98,2815.12,3,2.9,0,0,1
2455,45,45354,14,Month-to-month,Fiber optic,74.05,1036.7,2,3.5,0,0,1
2456,25,30000,1,Month-to-month,No,21.46,21.46,0,4.5,0,0,0
2457,47,51256,19,Two year,DSL,42.14,800.66,2,3.1,0,0,1
2458,43,46083,27,Two year,Fiber optic,68.27,1843.29,3,2.9,0,1,1
2459,52,65934,28,Month-to-month,No,22.47,629.16,0,4.5,1,0,0
2460,46,52491,25,One year,No,15.0,375.0,1,4.8,0,1,1
2461,38,37146,13,Month-to-month,Fiber optic,75.99,987.87,1,3.2,0,0,1
2462,27,47123,1,Two year,DSL,41.07,41.07,1,3.4,1,0,0
2463,37,42394,13,Month-to-month,Fiber optic,76.16,990.08,1,3.4,0,0,1
2464,31,42150,10,Month-to-month,No,20.36,203.6,2,3.9,0,1,0
2465,34,34134,3,Month-to-month,DSL,38.63,115.89,0,4.2,1,0,0
2466,45,52904,28,Month-to-month,Fiber optic,68.41,1915.48,4,3.0,1,1,0
2467,56,63488,32,Two year,Fiber optic,56.43,1805.76,1,3.6,0,1,0
2468,43,32882,18,Month-to-month,Fiber optic,79.09,1423.62,4,2.8,0,0,1
2469,28,49122,6,Month-to-month,DSL,49.14,294.84,2,4.0,0,1,1
2470,44,59325,18,Month-to-month,Fiber optic,79.22,1425.96,1,3.1,0,0,1
2471,51,52822,31,One year,DSL,44.28,1372.68,1,3.4,0,0,1
2472,33,30000,7,Month-to-month,DSL,34.33,240.31,0,4.2,1,0,1
2473,38,45780,16,Month-to-month,No,15.0,240.0,1,3.8,1,0,1
2474,40,45693,3,Two year,Fiber optic,68.35,205.05,2,2.8,0,0,0
2475,32,39845,1,Month-to-month,DSL,45.68,45.68,2,3.3,1,1,1
2476,46,52532,28,One year,DSL,41.64,1165.92,2,3.2,0,0,1
2477,38,47049,21,One year,DSL,44.59,936.39,2,3.9,1,1,1
2478,44,60578,17,Month-to-month,No,20.06,341.02,0,4.3,1,0,1
2479,31,40544,5,Two year,No,18.6,93.0,1,4.3,1,1,0
2480,35,31602,13,One year,Fiber optic,68.05,884.65,0,3.7,0,0,1
2481,47,62900,30,Month-to-month,DSL,49.91,1497.3,1,3.6,0,1,1
2482,36,54124,1,Month-to-month,Fiber optic,72.85,72.85,2,3.4,1,1,1
2483,57,87216,33,One year,Fiber optic,64.6,2131.8,2,3.1,0,0,1
2484,36,32012,11,Month-to-month,No,16.15,177.65,2,3.9,0,0,1
2485,42,48943,24,Two year,Fiber optic,65.76,1578.24,0,3.4,0,0,1
2486,49,37343,43,Month-to-month,No,24.97,1073.71,1,4.4,1,0,1
2487,25,34425,1,Month-to-month,Fiber optic,74.79,74.79,0,3.4,0,0,1
2488,25,30000,1,Month-to-month,Fiber optic,74.07,74.07,4,2.9,1,1,1
2489,25,45387,2,Month-to-month,DSL,38.76,77.52,1,3.6,0,0,1
2490,52,50803,40,Month-to-month,Fiber optic,78.93,3157.2,1,3.5,0,0,1
2491,34,30000,11,Two year,DSL,37.24,409.64,1,4.1,1,0,1
2492,65,66229,42,One year,DSL,42.25,1774.5,0,3.5,0,1,0
2493,34,30000,16,One year,Fiber optic,78.65,1258.4,0,3.4,0,0,1
2494,41,52008,23,One year,No,21.54,495.42,2,3.9,0,0,0
2495,55,43479,29,One year,DSL,34.61,1003.69,0,4.0,0,0,0
2496,60,65227,44,Month-to-month,DSL,36.15,1590.6,0,4.5,1,0,1
2497,60,48377,47,Two year,Fiber optic,67.18,3157.46,1,3.0,0,1,0
2498,52,54437,39,Month-to-month,DSL,38.94,1518.66,0,3.9,1,1,1
2499,50,68147,29,Two year,Fiber optic,70.74,2051.46,0,3.3,1,1,1
2500,45,52885,21,One year,No,19.21,403.41,3,4.0,0,0,0
2501,47,45092,33,Month-to-month,DSL,45.83,1512.39,1,3.4,0,1,1
2502,34,38750,3,Month-to-month,Fiber optic,71.47,214.41,5,2.0,0,0,1
2503,31,36144,9,Month-to-month,DSL,53.71,483.39,2,3.5,0,0,1
2504,39,47781,8,Month-to-month,Fiber optic,89.21,713.68,3,2.6,1,0,1
2505,38,32065,21,Month-to-month,No,18.61,390.81,0,4.6,0,0,1
2506,35,44740,10,Month-to-month,No,21.77,217.7,0,4.5,1,0,1
2507,46,30000,32,Month-to-month,No,20.49,655.68,2,3.9,0,0,1
2508,49,48960,31,Two year,Fiber optic,66.2,2052.2,0,3.2,0,0,1
2509,40,41093,10,One year,Fiber optic,67.09,670.9,1,3.0,0,0,1
2510,54,64066,43,Two year,Fiber optic,62.08,2669.44,2,2.7,0,1,0
2511,28,33181,12,One year,DSL,37.07,444.84,0,4.0,1,1,1
2512,38,31755,20,Month-to-month,Fiber optic,77.03,1540.6,0,3.2,1,0,1
2513,32,30000,3,Month-to-month,DSL,42.4,127.2,0,3.9,0,1,0
2514,25,31589,1,One year,Fiber optic,58.36,58.36,1,3.6,1,1,0
2515,39,43367,17,Two year,Fiber optic,69.72,1185.24,1,3.9,1,1,0
2516,38,38367,11,Month-to-month,Fiber optic,74.81,822.91,0,3.7,1,0,0
2517,55,56153,46,Two year,No,24.73,1137.58,0,4.3,1,1,0
2518,46,56569,26,Two year,DSL,42.37,1101.62,2,3.1,1,0,1
2519,29,30000,1,One year,DSL,35.36,35.36,1,3.9,1,1,0
2520,58,62295,41,Two year,Fiber optic,56.35,2310.35,0,4.0,0,1,0
2521,52,74359,30,Month-to-month,DSL,41.4,1242.0,1,3.9,0,1,1
2522,45,38610,23,Two year,DSL,37.37,859.51,1,3.5,1,0,0
2523,37,30000,12,One year,DSL,47.47,569.64,3,3.2,1,1,0
2524,30,41268,10,Month-to-month,DSL,44.96,449.6,1,3.7,1,0,0
2525,36,35570,19,Two year,No,23.67,449.73,4,3.3,1,0,1
2526,50,52454,31,Month-to-month,Fiber optic,68.38,2119.78,1,3.2,0,0,1
2527,58,56750,37,Month-to-month,Fiber optic,79.83,2953.71,1,2.6,1,1,1
2528,55,57921,35,Month-to-month,Fiber optic,78.6,2751.0,1,3.0,1,1,1
2529,35,52788,12,Month-to-month,Fiber optic,64.91,778.92,0,3.7,1,1,0
2530,28,39417,1,Month-to-month,DSL,51.61,51.61,2,3.7,1,0,0
2531,41,52897,22,One year,DSL,43.22,950.84,1,3.8,0,0,0
2532,25,30000,2,Month-to-month,No,21.96,43.92,0,4.6,0,0,1
2533,43,38790,30,Month-to-month,Fiber optic,70.68,2120.4,0,3.5,1,0,1
2534,38,30000,23,Month-to-month,DSL,51.38,1181.74,2,3.2,0,0,1
2535,35,33524,7,Month-to-month,DSL,39.07,273.49,1,3.7,0,0,1
2536,25,37653,4,One year,DSL,46.91,187.64,0,4.0,0,0,1
2537,45,54135,18,One year,DSL,46.85,843.3,1,3.6,0,1,0
2538,34,37227,14,Two year,DSL,35.63,498.82,2,3.5,1,1,1
2539,28,32821,1,One year,DSL,52.67,52.67,1,3.1,1,1,1
2540,25,30000,1,Month-to-month,Fiber optic,76.16,76.16,2,2.8,1,0,1
2541,39,45638,18,Two year,Fiber optic,70.77,1273.86,1,3.2,0,0,1
2542,57,68127,22,One year,DSL,35.11,772.42,0,3.9,1,0,0
2543,56,48072,26,Month-to-month,DSL,55.59,1445.34,3,2.9,1,0,1
2544,35,42397,10,One year,Fiber optic,65.13,651.3,1,3.9,1,1,1
2545,33,45459,10,Two year,No,23.12,231.2,1,4.2,1,0,1
2546,44,45679,20,One year,Fiber optic,66.28,1325.6,8,2.7,1,1,1
2547,30,40605,1,Month-to-month,DSL,41.91,41.91,0,3.5,0,1,0
2548,43,70517,16,One year,Fiber optic,75.19,1203.04,3,3.0,0,0,1
2549,47,51165,28,Month-to-month,Fiber optic,80.14,2243.92,4,2.5,1,0,1
2550,52,60146,35,Month-to-month,Fiber optic,68.64,2402.4,2,3.2,1,1,1
2551,38,37095,15,Month-to-month,Fiber optic,80.45,1206.75,2,3.5,1,1,1
2552,37,43450,21,Month-to-month,No,25.22,529.62,0,3.7,0,1,0
2553,31,39682,9,Month-to-month,DSL,40.31,362.79,1,3.6,1,1,1
2554,31,37558,2,Month-to-month,DSL,52.99,105.98,0,3.6,0,0,1
2555,37,33842,12,One year,Fiber optic,63.97,767.64,3,2.9,0,0,1
2556,43,49650,13,One year,DSL,39.63,515.19,4,2.6,0,0,1
2557,49,65697,28,Two year,Fiber optic,69.9,1957.2,1,3.7,1,0,0
2558,31,39589,13,Month-to-month,DSL,40.73,529.49,1,4.2,0,0,0
2559,54,66695,38,Month-to-month,No,21.32,810.16,0,4.5,1,0,1
2560,37,40103,22,Two year,Fiber optic,68.71,1511.62,0,3.2,0,1,0
2561,39,49999,14,Month-to-month,No,19.06,266.84,0,4.4,1,0,0
2562,32,39234,16,One year,DSL,46.91,750.56,2,3.8,1,0,1
2563,25,30000,1,One year,No,17.86,17.86,0,4.4,1,0,1
2564,48,55548,36,Month-to-month,DSL,46.16,1661.76,2,3.5,0,0,1
2565,47,44066,26,Two year,Fiber optic,73.23,1903.98,2,3.5,0,0,1
2566,37,36936,18,One year,Fiber optic,75.2,1353.6,2,2.9,1,1,1
2567,40,46514,26,Month-to-month,DSL,48.93,1272.18,1,3.6,0,1,0
2568,45,52377,22,Month-to-month,DSL,39.25,863.5,0,4.2,0,0,0
2569,25,30000,1,Month-to-month,DSL,47.62,47.62,2,3.6,1,0,1
2570,34,47431,18,Month-to-month,DSL,40.61,730.98,1,4.0,1,1,1
2571,47,56576,25,Month-to-month,Fiber optic,68.59,1714.75,1,3.5,0,0,1
2572,27,30000,1,Month-to-month,Fiber optic,74.64,74.64,3,3.0,0,0,1
2573,42,34699,33,Month-to-month,No,15.48,510.84,0,4.3,1,0,1
2574,26,30000,1,Two year,No,21.95,21.95,2,3.7,1,1,0
2575,44,45432,23,Month-to-month,Fiber optic,79.07,1818.61,1,3.3,0,0,1
2576,39,44905,23,Month-to-month,DSL,35.49,816.27,1,4.3,0,1,0
2577,25,30000,1,Month-to-month,DSL,40.86,40.86,3,3.4,1,0,0
2578,51,39940,25,Month-to-month,Fiber optic,67.7,1692.5,0,3.8,0,0,1
2579,32,33893,9,Month-to-month,DSL,42.69,384.21,1,3.8,1,1,1
2580,31,33555,1,Month-to-month,DSL,47.28,47.28,2,4.1,1,0,1
2581,42,52069,18,Month-to-month,Fiber optic,73.79,1328.22,2,3.1,0,0,1
2582,51,50414,32,One year,Fiber optic,68.3,2185.6,1,3.6,1,0,0
2583,29,47429,3,Two year,No,24.5,73.5,2,3.6,0,0,0
2584,40,30000,8,Month-to-month,No,15.0,120.0,0,4.0,0,0,0
2585,44,59489,32,Month-to-month,DSL,51.18,1637.76,4,3.0,1,1,0
2586,46,49205,25,One year,Fiber optic,68.53,1713.25,2,3.5,1,1,0
2587,41,52876,27,One year,DSL,42.36,1143.72,4,3.4,0,1,1
2588,36,41638,11,Month-to-month,No,17.36,190.96,0,3.7,0,1,1
2589,31,45116,1,Two year,Fiber optic,75.21,75.21,1,3.5,0,1,1
2590,40,41901,19,Month-to-month,No,15.0,285.0,1,3.7,0,1,1
2591,29,30000,3,Month-to-month,No,20.06,60.18,0,4.6,1,1,1
2592,25,41364,1,One year,DSL,45.39,45.39,2,3.7,1,0,0
2593,44,48092,31,Two year,DSL,32.44,1005.64,2,3.7,0,0,0
2594,49,55772,25,One year,DSL,38.15,953.75,3,3.6,0,1,1
2595,25,39878,1,Month-to-month,Fiber optic,74.26,74.26,1,3.2,0,0,1
2596,29,30000,12,Month-to-month,Fiber optic,70.57,846.84,1,3.4,0,1,1
2597,46,55763,22,Month-to-month,DSL,40.92,900.24,0,3.6,0,0,0
2598,60,60280,38,Month-to-month,DSL,43.25,1643.5,0,3.9,0,0,1
2599,40,43942,7,One year,Fiber optic,74.5,521.5,1,3.6,0,1,1
2600,32,37578,18,One year,DSL,41.04,738.72,1,3.4,1,0,0
2601,38,30998,7,One year,No,24.39,170.73,1,4.3,1,1,1
2602,53,51769,33,Two year,Fiber optic,62.51,2062.83,0,3.1,0,1,1
2603,33,48808,15,Month-to-month,No,15.0,225.0,0,4.0,1,1,1
2604,32,44089,10,Two year,No,27.63,276.3,1,3.9,1,0,0
2605,35,39498,11,One year,DSL,39.46,434.06,0,4.1,1,0,1
2606,30,36944,1,Month-to-month,DSL,38.45,38.45,1,3.7,1,0,1
2607,41,43646,14,One year,No,15.0,210.0,1,4.0,1,1,1
2608,56,71852,38,Month-to-month,No,25.38,964.44,0,4.6,1,0,1
2609,43,46397,16,One year,DSL,41.04,656.64,4,3.5,0,0,1
2610,37,43854,15,Month-to-month,Fiber optic,73.73,1105.95,1,3.2,1,0,1
2611,37,51168,18,Month-to-month,DSL,44.2,795.6,3,3.2,1,0,1
2612,25,30000,5,One year,DSL,47.81,239.05,3,3.2,1,1,0
2613,48,65470,20,One year,Fiber optic,70.35,1407.0,0,4.2,1,0,1
2614,39,31756,29,Month-to-month,Fiber optic,86.72,2514.88,6,2.1,0,0,1
2615,38,56037,20,Month-to-month,DSL,45.67,913.4,3,3.8,1,1,1
2616,65,67018,47,Month-to-month,No,25.31,1189.57,0,4.4,0,1,1
2617,42,45058,26,Month-to-month,DSL,49.03,1274.78,1,3.6,1,1,1
2618,32,30000,22,Two year,Fiber optic,67.32,1481.04,2,3.0,1,1,0
2619,35,36361,3,Two year,No,15.07,45.21,2,4.2,1,0,0
2620,51,47681,29,Month-to-month,DSL,46.66,1353.14,1,3.5,1,0,1
2621,41,41138,4,One year,No,21.55,86.2,0,4.2,0,1,0
2622,25,30000,1,Month-to-month,No,17.14,17.14,0,4.5,1,1,1
2623,49,61662,30,One year,DSL,43.58,1307.4,0,3.9,0,1,0
2624,33,39660,9,Month-to-month,DSL,51.18,460.62,1,3.5,1,1,0
2625,58,65461,35,Month-to-month,Fiber optic,85.35,2987.25,1,3.0,0,1,1
2626,50,46235,17,One year,Fiber optic,75.52,1283.84,0,3.3,0,0,1
2627,35,32953,14,Month-to-month,DSL,54.31,760.34,1,3.7,1,0,1
2628,52,71389,41,One year,DSL,39.6,1623.6,0,4.0,1,1,0
2629,40,39118,14,One year,DSL,46.26,647.64,2,3.1,0,1,1
2630,48,66249,30,Month-to-month,No,26.69,800.7,2,3.7,1,1,0
2631,44,47055,13,Month-to-month,Fiber optic,70.52,916.76,2,3.0,1,1,1
2632,31,36018,9,Two year,Fiber optic,65.07,585.63,1,3.3,0,0,1
2633,33,46562,7,One year,No,27.69,193.83,2,4.0,1,0,1
2634,50,65175,25,Month-to-month,No,15.12,378.0,0,4.2,0,0,0
2635,36,40113,8,Month-to-month,No,15.0,120.0,3,4.6,1,1,1
2636,35,36894,9,One year,Fiber optic,78.89,710.01,1,3.6,0,0,1
2637,30,34552,8,Month-to-month,Fiber optic,80.98,647.84,2,3.4,1,0,1
2638,44,51703,14,Month-to-month,Fiber optic,77.16,1080.24,2,2.7,0,1,1
2639,60,72130,39,Month-to-month,Fiber optic,74.77,2916.03,3,2.3,0,0,1
2640,29,34033,4,Two year,DSL,38.31,153.24,0,3.9,1,1,0
2641,40,49951,11,One year,Fiber optic,72.66,799.26,1,3.4,1,0,1
2642,54,72106,45,Two year,Fiber optic,75.4,3393.0,0,3.4,1,0,0
2643,39,47050,11,One year,DSL,43.94,483.34,1,3.6,1,1,1
2644,44,51493,18,Two year,DSL,51.33,923.94,2,2.9,1,1,1
2645,29,30000,1,Month-to-month,Fiber optic,70.51,70.51,2,2.9,0,0,1
2646,44,30000,33,One year,Fiber optic,71.15,2347.95,2,3.1,0,1,0
2647,38,46107,18,Month-to-month,Fiber optic,73.13,1316.34,4,2.6,0,0,1
2648,49,53241,23,One year,Fiber optic,65.82,1513.86,1,3.3,0,0,1
2649,51,51881,37,Month-to-month,Fiber optic,74.23,2746.51,2,2.8,1,0,1
2650,65,71948,49,Month-to-month,Fiber optic,77.09,3777.41,0,3.9,0,1,0
2651,45,49516,25,Two year,DSL,43.12,1078.0,1,4.0,0,0,0
2652,43,57022,19,Two year,Fiber optic,78.35,1488.65,3,3.1,0,0,1
2653,41,46688,14,Month-to-month,DSL,47.32,662.48,3,3.4,0,1,1
2654,36,35024,15,One year,DSL,48.5,727.5,0,3.5,0,0,0
2655,43,55921,18,Month-to-month,No,20.33,365.94,1,4.3,1,0,1
2656,37,40262,25,Month-to-month,Fiber optic,83.39,2084.75,2,3.4,0,0,1
2657,41,50212,11,One year,Fiber optic,83.24,915.64,2,3.4,1,1,1
2658,53,54180,42,Month-to-month,Fiber optic,77.66,3261.72,4,2.8,1,0,1
2659,29,30000,4,Two year,DSL,35.54,142.16,0,4.1,1,1,1
2660,51,56673,32,Month-to-month,DSL,42.26,1352.32,0,4.0,1,0,0
2661,53,58102,38,One year,DSL,44.16,1678.08,0,4.1,1,0,1
2662,38,46838,11,One year,No,21.28,234.08,0,3.8,0,1,0
2663,25,30000,5,Month-to-month,Fiber optic,78.49,392.45,3,3.0,0,0,1
2664,33,30000,1,Month-to-month,DSL,47.3,47.3,1,3.5,1,1,1
2665,52,53537,28,One year,Fiber optic,71.28,1995.84,2,3.8,0,0,0
2666,39,50350,11,One year,Fiber optic,68.07,748.77,1,3.3,0,0,0
2667,30,32620,1,Month-to-month,DSL,47.01,47.01,0,4.0,0,0,0
2668,34,37028,9,Month-to-month,Fiber optic,84.27,758.43,4,2.6,1,0,1
2669,48,60891,29,Month-to-month,DSL,50.1,1452.9,2,3.2,0,0,1
2670,45,44304,28,Month-to-month,DSL,47.67,1334.76,2,3.6,1,0,1
2671,37,30000,15,Month-to-month,Fiber optic,80.15,1202.25,2,3.1,1,0,1
2672,36,39714,9,Month-to-month,Fiber optic,73.14,658.26,0,3.8,0,0,1
2673,36,37126,15,One year,No,16.46,246.9,1,4.4,0,0,0
2674,30,30000,6,One year,No,15.26,91.56,1,4.2,1,0,1
2675,56,59596,42,Two year,No,17.37,729.54,1,3.9,0,0,0
2676,36,44932,17,One year,DSL,40.64,690.88,1,3.6,0,0,1
2677,52,56925,32,Two year,Fiber optic,73.54,2353.28,2,3.6,0,0,0
2678,55,62455,30,Month-to-month,Fiber optic,72.62,2178.6,2,3.1,1,1,0
2679,49,68507,24,One year,DSL,38.74,929.76,0,4.6,1,1,0
2680,35,37256,8,Two year,Fiber optic,77.21,617.68,3,2.6,0,0,0
2681,44,51226,20,One year,DSL,40.49,809.8,4,3.9,1,0,0
2682,39,39926,18,Month-to-month,DSL,45.77,823.86,0,3.6,1,0,0
2683,30,30000,10,One year,Fiber optic,73.51,735.1,4,2.6,0,1,1
2684,43,43320,21,Two year,Fiber optic,61.82,1298.22,1,3.6,0,0,0
2685,28,30000,3,One year,Fiber optic,77.43,232.29,4,2.9,1,0,1
2686,51,58875,32,Month-to-month,DSL,48.19,1542.08,2,3.7,1,0,0
2687,35,58792,8,One year,Fiber optic,79.04,632.32,5,1.8,1,1,1
2688,42,41271,14,Two year,No,15.0,210.0,1,4.0,0,1,0
2689,42,43666,9,Month-to-month,Fiber optic,75.5,679.5,0,3.1,1,0,1
2690,37,41495,10,One year,Fiber optic,71.45,714.5,2,2.7,1,0,0
2691,45,53166,26,Month-to-month,DSL,46.32,1204.32,3,3.3,0,1,0
2692,35,42108,7,One year,Fiber optic,63.98,447.86,2,2.6,1,0,1
2693,48,63272,26,One year,DSL,43.3,1125.8,1,4.1,0,0,0
2694,26,30000,3,Month-to-month,No,15.0,45.0,0,4.6,0,1,0
2695,41,30000,22,Month-to-month,Fiber optic,76.79,1689.38,3,3.3,0,0,1
2696,59,60032,34,One year,No,15.0,510.0,1,3.9,1,0,0
2697,29,42778,10,Month-to-month,Fiber optic,65.74,657.4,3,2.7,1,0,1
2698,33,30000,16,Month-to-month,No,24.09,385.44,4,3.8,1,1,1
2699,45,30000,17,One year,Fiber optic,68.52,1164.84,1,3.7,1,0,1
2700,41,50569,14,Month-to-month,DSL,40.06,560.84,1,4.2,0,1,1
2701,43,49949,28,Month-to-month,DSL,51.35,1437.8,3,3.6,1,0,1
2702,44,40278,21,Two year,No,19.64,412.44,1,4.2,1,1,0
2703,46,43115,11,Month-to-month,Fiber optic,79.36,872.96,2,2.9,1,1,0
2704,51,48242,22,Month-to-month,Fiber optic,74.17,1631.74,2,3.3,0,0,1
2705,44,49884,21,One year,Fiber optic,84.65,1777.65,2,2.8,1,0,1
2706,37,36989,7,One year,DSL,39.73,278.11,4,3.2,0,1,1
2707,46,54952,22,Two year,DSL,49.22,1082.84,0,3.7,1,1,0
2708,58,40162,39,Two year,No,17.69,689.91,1,4.2,1,0,1
2709,38,36145,24,One year,Fiber optic,62.98,1511.52,2,3.6,1,1,1
2710,30,30000,4,Month-to-month,DSL,47.41,189.64,1,3.6,0,0,1
2711,51,53949,37,Month-to-month,Fiber optic,76.57,2833.09,0,3.3,0,0,1
2712,38,38695,24,Month-to-month,Fiber optic,69.74,1673.76,0,3.5,0,1,1
2713,25,36382,8,Month-to-month,DSL,40.39,323.12,1,3.4,1,0,1
2714,48,38125,29,One year,No,18.88,547.52,0,4.5,1,0,0
2715,34,39363,1,One year,Fiber optic,73.0,73.0,3,2.9,1,1,1
2716,39,48466,19,Month-to-month,No,15.0,285.0,1,4.2,0,1,0
2717,43,62853,27,One year,No,24.27,655.29,1,4.1,0,1,0
2718,41,42145,18,Month-to-month,DSL,42.53,765.54,1,3.3,0,1,1
2719,47,54595,36,Month-to-month,Fiber optic,68.34,2460.24,1,3.8,0,1,1
2720,35,30000,17,One year,Fiber optic,75.96,1291.32,3,2.7,1,0,1
2721,45,30864,27,Month-to-month,DSL,44.88,1211.76,2,3.4,1,0,1
2722,37,48758,20,Month-to-month,No,26.08,521.6,0,4.5,1,0,1
2723,47,51955,28,Month-to-month,DSL,47.19,1321.32,2,3.7,0,0,1
2724,46,60428,10,Month-to-month,Fiber optic,74.99,749.9,2,3.7,0,1,0
2725,30,30000,3,One year,DSL,41.99,125.97,3,3.1,0,0,0
2726,50,59159,37,Two year,DSL,42.91,1587.67,1,3.5,1,0,1
2727,34,53950,5,Month-to-month,Fiber optic,72.93,364.65,2,2.7,1,1,1
2728,48,56357,26,Month-to-month,Fiber optic,70.74,1839.24,1,3.4,0,0,1
2729,43,50212,15,One year,Fiber optic,74.3,1114.5,2,3.0,0,0,0
2730,58,63068,50,Two year,Fiber optic,66.78,3339.0,3,2.8,1,0,1
2731,37,30000,24,Month-to-month,No,20.17,484.08,1,4.1,1,1,0
2732,36,51844,7,Month-to-month,DSL,50.45,353.15,1,3.3,0,0,1
2733,39,39113,17,One year,DSL,42.18,717.06,1,4.2,1,0,1
2734,36,45035,9,One year,DSL,42.83,385.47,1,3.5,0,0,0
2735,47,39495,30,Month-to-month,Fiber optic,72.0,2160.0,2,2.9,1,0,1
2736,25,30000,3,One year,Fiber optic,73.4,220.2,2,2.4,0,0,1
2737,29,45480,9,Month-to-month,Fiber optic,76.75,690.75,4,2.2,0,1,1
2738,29,31221,6,Month-to-month,No,24.5,147.0,2,3.7,0,0,1
2739,49,65626,46,Month-to-month,Fiber optic,72.1,3316.6,3,2.8,0,0,0
2740,57,61374,32,Two year,Fiber optic,65.21,2086.72,2,3.4,1,1,1
2741,38,30000,5,Month-to-month,No,23.96,119.8,1,3.6,1,1,1
2742,38,50136,13,Month-to-month,Fiber optic,76.26,991.38,1,3.4,0,0,0
2743,40,40280,8,Month-to-month,DSL,40.47,323.76,1,4.0,1,0,1
2744,51,61589,22,Two year,No,24.53,539.66,0,4.4,0,1,0
2745,30,35201,1,Month-to-month,Fiber optic,66.51,66.51,0,3.9,0,0,1
2746,42,34655,14,Month-to-month,Fiber optic,78.92,1104.88,3,2.5,1,0,1
2747,49,55314,23,Month-to-month,No,15.0,345.0,0,4.5,1,0,1
2748,45,67569,27,One year,DSL,52.18,1408.86,3,3.7,0,0,0
2749,41,49943,16,Month-to-month,Fiber optic,67.28,1076.48,2,3.6,0,1,1
2750,50,54539,28,Month-to-month,Fiber optic,80.76,2261.28,4,3.2,1,0,1
2751,25,38602,5,Month-to-month,Fiber optic,74.59,372.95,3,3.0,0,0,1
2752,46,52685,20,Two year,DSL,38.67,773.4,1,3.6,1,1,1
2753,33,39676,8,Month-to-month,No,20.93,167.44,0,3.5,1,0,0
2754,25,30000,2,One year,DSL,45.91,91.82,2,3.1,0,0,0
2755,45,51870,12,Two year,DSL,35.98,431.76,0,3.9,0,0,0
2756,53,66283,19,Two year,DSL,36.42,691.98,0,4.0,1,1,0
2757,38,36311,17,Month-to-month,No,23.25,395.25,0,4.0,0,0,0
2758,49,65395,31,Two year,Fiber optic,58.96,1827.76,1,3.6,0,1,0
2759,56,60266,49,Month-to-month,DSL,42.08,2061.92,0,4.0,1,0,1
2760,53,50897,34,Month-to-month,Fiber optic,90.2,3066.8,3,2.7,1,1,1
2761,56,68981,42,Two year,No,15.0,630.0,0,4.6,0,1,1
2762,47,49705,25,Month-to-month,DSL,50.74,1268.5,1,3.5,1,1,1
2763,40,51076,19,Month-to-month,No,17.07,324.33,1,4.5,1,0,0
2764,25,30000,10,Month-to-month,DSL,47.55,475.5,3,2.9,0,0,1
2765,37,41521,1,One year,No,22.27,22.27,2,3.8,0,0,1
2766,31,39948,9,Month-to-month,Fiber optic,80.64,725.76,1,3.3,1,0,1
2767,61,68327,56,One year,Fiber optic,70.25,3934.0,1,2.8,0,0,1
2768,38,30000,17,Two year,DSL,50.44,857.48,1,3.5,0,0,1
2769,41,37030,29,One year,No,16.05,465.45,0,4.6,1,1,1
2770,45,57435,20,Month-to-month,Fiber optic,76.17,1523.4,2,2.9,1,1,1
2771,40,43942,17,Two year,Fiber optic,68.73,1168.41,0,3.0,1,0,0
2772,56,56810,37,Month-to-month,No,15.0,555.0,0,4.1,1,0,0
2773,33,30000,1,Month-to-month,Fiber optic,73.57,73.57,0,3.1,0,1,0
2774,41,37362,12,Month-to-month,Fiber optic,75.81,909.72,2,3.2,0,0,1
2775,32,30000,1,Month-to-month,Fiber optic,72.84,72.84,1,3.3,1,0,1
2776,26,30189,6,Month-to-month,Fiber optic,87.2,523.2,3,2.2,1,0,1
2777,33,33212,14,Month-to-month,Fiber optic,70.81,991.34,1,2.8,1,0,1
2778,39,36267,18,Month-to-month,Fiber optic,80.9,1456.2,4,2.4,0,1,1
2779,35,39455,16,Month-to-month,DSL,49.28,788.48,3,3.3,1,1,1
2780,33,40911,8,One year,Fiber optic,71.18,569.44,1,3.1,0,0,1
2781,25,46745,7,One year,Fiber optic,66.92,468.44,1,3.5,0,0,1
2782,39,31904,16,One year,Fiber optic,67.41,1078.56,3,3.1,0,0,1
2783,25,39275,1,Month-to-month,Fiber optic,72.41,72.41,0,3.7,0,1,1
2784,47,59784,24,Month-to-month,No,15.0,360.0,0,4.0,1,1,0
2785,40,38767,22,Two year,DSL,35.48,780.56,0,4.0,0,0,1
2786,25,31625,1,Month-to-month,DSL,37.59,37.59,0,4.4,0,1,0
2787,36,37338,19,Two year,DSL,47.23,897.37,4,2.9,0,0,1
2788,32,38485,1,Month-to-month,DSL,48.09,48.09,2,3.2,1,0,1
2789,43,60073,15,Two year,Fiber optic,71.43,1071.45,2,3.0,1,1,1
2790,53,62844,37,Month-to-month,No,22.94,848.78,2,3.7,1,0,1
2791,25,34068,1,Month-to-month,Fiber optic,75.83,75.83,1,3.3,0,0,1
2792,41,42557,16,One year,Fiber optic,78.55,1256.8,2,2.8,1,1,0
2793,38,31127,20,Month-to-month,DSL,41.95,839.0,0,3.4,0,0,1
2794,46,49332,21,Month-to-month,DSL,45.53,956.13,2,3.9,0,0,0
2795,42,56652,19,Month-to-month,Fiber optic,78.74,1496.06,3,3.0,1,0,1
2796,32,30000,16,One year,Fiber optic,64.64,1034.24,0,3.7,0,0,1
2797,36,32559,22,Month-to-month,Fiber optic,90.48,1990.56,4,2.4,0,0,1
2798,32,38010,17,Month-to-month,Fiber optic,75.14,1277.38,1,3.2,0,0,1
2799,50,47122,28,Month-to-month,Fiber optic,75.71,2119.88,5,2.2,0,1,1
2800,40,38659,25,Month-to-month,Fiber optic,81.28,2032.0,3,2.2,0,1,1
2801,59,60611,35,One year,Fiber optic,75.82,2653.7,2,3.6,0,0,1
2802,39,33075,11,Month-to-month,Fiber optic,75.19,827.09,5,2.5,0,0,1
2803,32,30000,1,Month-to-month,Fiber optic,75.65,75.65,2,2.6,1,1,1
2804,25,35627,10,Month-to-month,No,15.0,150.0,1,3.9,1,1,0
2805,25,30000,1,Month-to-month,Fiber optic,72.22,72.22,0,3.6,1,0,1
2806,25,30000,1,Month-to-month,DSL,47.59,47.59,0,4.0,1,1,1
2807,42,41959,14,Month-to-month,Fiber optic,77.22,1081.08,2,2.8,1,0,1
2808,45,55855,28,Month-to-month,No,26.11,731.08,1,3.7,0,1,1
2809,25,30000,1,Two year,DSL,39.9,39.9,1,3.6,0,0,0
2810,48,49283,19,Month-to-month,DSL,38.06,723.14,1,3.3,1,1,1
2811,35,40354,14,One year,DSL,48.03,672.42,3,3.1,0,0,1
2812,41,32034,10,Month-to-month,No,27.18,271.8,0,4.1,0,1,1
2813,56,64957,32,Month-to-month,Fiber optic,79.49,2543.68,2,3.5,0,0,1
2814,48,56067,14,Month-to-month,No,19.18,268.52,1,4.0,1,0,1
2815,37,38725,5,Month-to-month,DSL,50.22,251.1,0,3.9,1,1,0
2816,31,44047,8,Two year,No,35.14,281.12,1,4.4,0,1,0
2817,25,30000,1,Two year,Fiber optic,68.08,68.08,2,2.9,1,1,1
2818,32,46023,1,One year,DSL,36.19,36.19,1,3.7,1,0,1
2819,37,43235,14,One year,DSL,39.82,557.48,1,3.6,0,1,0
2820,30,32307,2,Month-to-month,DSL,48.13,96.26,5,2.4,0,1,1
2821,38,42841,27,Month-to-month,Fiber optic,66.98,1808.46,3,2.9,0,0,1
2822,40,44141,29,Two year,No,18.85,546.65,1,4.5,1,0,0
2823,37,51762,9,One year,No,20.9,188.1,0,4.5,0,1,1
2824,33,30000,12,Month-to-month,DSL,52.68,632.16,0,4.2,0,1,1
2825,41,39899,23,Month-to-month,Fiber optic,81.55,1875.65,2,2.8,0,1,1
2826,44,57290,19,Month-to-month,DSL,49.32,937.08,1,3.3,1,1,1
2827,29,30000,1,Two year,Fiber optic,56.69,56.69,4,3.6,1,1,1
2828,54,66204,34,Month-to-month,DSL,49.61,1686.74,1,3.7,0,1,0
2829,39,57595,15,Month-to-month,DSL,48.53,727.95,2,3.0,1,1,1
2830,40,41785,15,Month-to-month,No,21.28,319.2,3,4.4,0,1,0
2831,47,57450,29,One year,No,15.0,435.0,0,4.3,0,1,1
2832,42,37770,15,Month-to-month,DSL,41.12,616.8,2,2.7,1,0,1
2833,49,60037,21,One year,DSL,36.92,775.32,4,3.7,1,0,0
2834,42,48595,21,Month-to-month,No,15.0,315.0,0,3.7,0,0,0
2835,33,41784,11,Two year,Fiber optic,67.49,742.39,2,3.3,0,1,1
2836,43,42835,14,One year,Fiber optic,67.26,941.64,0,3.8,1,0,0
2837,28,30000,9,Month-to-month,DSL,58.13,523.17,1,3.7,1,0,0
2838,41,50026,8,Month-to-month,Fiber optic,74.16,593.28,0,4.0,1,0,1
2839,39,30000,13,Month-to-month,Fiber optic,81.47,1059.11,2,3.3,1,1,1
2840,37,39461,12,Month-to-month,Fiber optic,67.15,805.8,1,3.9,1,1,1
2841,38,50529,11,Two year,DSL,37.85,416.35,0,4.0,1,1,1
2842,25,31535,1,Month-to-month,Fiber optic,75.48,75.48,2,2.9,1,0,1
2843,34,54586,22,Month-to-month,No,15.46,340.12,0,4.3,1,0,1
2844,40,53200,12,Month-to-month,DSL,42.89,514.68,1,4.2,0,0,1
2845,41,40768,33,Month-to-month,DSL,43.91,1449.03,2,3.3,0,0,1
2846,29,34218,7,Two year,No,16.83,117.81,0,4.6,0,1,0
2847,52,56621,32,Month-to-month,DSL,54.28,1736.96,1,3.3,1,0,1
2848,31,30000,10,Two year,No,19.89,198.9,0,4.0,0,0,0
2849,49,46476,43,Two year,Fiber optic,69.9,3005.7,2,3.5,0,0,0
2850,44,44513,16,Month-to-month,DSL,47.7,763.2,2,3.6,0,0,1
2851,33,30000,2,Month-to-month,DSL,48.06,96.12,3,2.6,0,0,1
2852,57,62379,33,Two year,No,17.59,580.47,2,3.7,1,0,0
2853,28,31007,3,Month-to-month,No,18.4,55.2,0,3.6,0,0,0
2854,49,40616,18,Month-to-month,Fiber optic,75.83,1364.94,2,2.9,0,0,1
2855,50,58233,30,Month-to-month,Fiber optic,80.78,2423.4,1,3.1,1,0,1
2856,33,43726,19,Month-to-month,No,25.63,486.97,0,4.1,1,1,1
2857,53,59816,34,One year,DSL,41.55,1412.7,2,3.9,0,1,0
2858,37,39407,12,Month-to-month,Fiber optic,78.84,946.08,1,3.3,0,0,1
2859,42,51731,16,Month-to-month,No,19.03,304.48,0,5.0,1,1,1
2860,42,52441,25,Two year,Fiber optic,67.67,1691.75,1,3.5,0,1,0
2861,38,45459,10,One year,DSL,40.38,403.8,3,3.6,1,0,1
2862,48,46403,38,Month-to-month,DSL,44.09,1675.42,3,3.4,0,0,1
2863,47,54212,38,One year,DSL,49.46,1879.48,2,3.4,0,0,0
2864,25,39563,1,Month-to-month,DSL,45.46,45.46,0,3.7,0,0,0
2865,53,53226,33,One year,DSL,43.43,1433.19,3,3.3,0,1,0
2866,25,46783,6,Month-to-month,Fiber optic,67.76,406.56,1,3.3,1,0,1
2867,50,50794,36,Month-to-month,Fiber optic,73.45,2644.2,3,2.9,1,1,1
2868,51,56259,26,One year,Fiber optic,70.04,1821.04,6,2.5,1,0,0
2869,29,30000,1,Month-to-month,Fiber optic,70.85,70.85,1,3.4,1,1,1
2870,35,41786,4,Two year,DSL,40.61,162.44,3,3.2,1,1,1
2871,28,30000,6,Month-to-month,Fiber optic,72.85,437.1,4,2.5,1,1,1
2872,37,37631,18,Two year,DSL,40.9,736.2,1,3.9,1,1,1
2873,36,32263,5,Two year,Fiber optic,68.11,340.55,2,2.9,0,0,1
2874,47,53082,23,Month-to-month,DSL,40.22,925.06,2,3.5,0,1,1
2875,53,65955,25,One year,Fiber optic,69.26,1731.5,0,3.4,1,0,0
2876,53,63168,28,Month-to-month,Fiber optic,75.39,2110.92,5,3.2,1,1,1
2877,34,30000,14,Two year,DSL,46.42,649.88,1,3.3,1,0,0
2878,37,58336,9,Month-to-month,No,21.28,191.52,2,3.6,1,0,1
2879,25,32362,1,One year,DSL,39.44,39.44,3,3.2,0,1,0
2880,31,30000,1,Month-to-month,DSL,47.0,47.0,0,3.8,1,0,0
2881,49,55257,29,Month-to-month,Fiber optic,83.54,2422.66,2,3.2,1,0,1
2882,56,62409,36,Month-to-month,Fiber optic,79.58,2864.88,2,2.9,0,0,1
2883,27,30000,1,Month-to-month,DSL,47.74,47.74,1,3.3,1,1,1
2884,34,40583,9,One year,DSL,46.38,417.42,1,4.1,1,1,0
2885,39,39140,17,One year,Fiber optic,78.45,1333.65,3,2.9,1,1,1
2886,42,43765,15,One year,No,24.38,365.7,2,4.0,1,1,0
2887,31,30509,1,Month-to-month,DSL,47.83,47.83,2,3.7,0,0,0
2888,44,37538,33,Month-to-month,Fiber optic,80.34,2651.22,2,2.6,0,0,1
2889,35,41166,8,Month-to-month,Fiber optic,69.59,556.72,1,3.4,1,1,1
2890,39,48682,16,One year,No,15.0,240.0,3,4.0,0,1,0
2891,45,54119,30,Two year,DSL,41.29,1238.7,3,3.2,0,0,1
2892,40,51559,39,Month-to-month,Fiber optic,75.34,2938.26,2,3.2,0,0,1
2893,35,42594,4,Month-to-month,Fiber optic,72.28,289.12,1,3.5,1,0,1
2894,38,38738,18,Month-to-month,Fiber optic,79.13,1424.34,1,2.8,0,0,1
2895,39,50717,12,One year,DSL,33.44,401.28,4,3.0,0,0,0
2896,36,30139,9,One year,Fiber optic,68.58,617.22,2,2.5,1,0,1
2897,37,34794,10,One year,Fiber optic,68.83,688.3,2,3.2,1,0,1
2898,55,52286,29,Month-to-month,Fiber optic,66.82,1937.78,2,3.8,1,0,1
2899,45,58640,23,One year,Fiber optic,78.72,1810.56,2,2.8,1,1,0
2900,37,49542,5,One year,No,15.0,75.0,3,3.7,0,1,0
2901,46,54898,30,Month-to-month,Fiber optic,72.06,2161.8,1,3.6,0,0,1
2902,36,49575,13,Month-to-month,No,24.54,319.02,0,4.3,0,0,0
2903,51,48965,33,Month-to-month,DSL,48.23,1591.59,0,3.6,1,1,1
2904,43,50788,18,Month-to-month,Fiber optic,69.46,1250.28,1,3.8,0,0,1
2905,38,41998,13,Two year,Fiber optic,70.91,921.83,3,3.0,1,1,1
2906,44,55775,24,Month-to-month,Fiber optic,76.45,1834.8,1,3.2,0,0,1
2907,25,30000,1,One year,DSL,54.42,54.42,2,3.3,0,1,0
2908,28,30000,1,Month-to-month,DSL,47.02,47.02,2,3.7,1,0,1
2909,28,37327,1,Month-to-month,Fiber optic,74.29,74.29,3,2.7,1,0,1
2910,41,53009,13,Month-to-month,No,15.72,204.36,0,4.8,0,1,1
2911,57,56653,25,Month-to-month,Fiber optic,71.28,1782.0,4,3.1,0,1,0
2912,62,66511,52,Month-to-month,DSL,40.87,2125.24,1,3.8,0,0,0
2913,46,42532,21,Month-to-month,Fiber optic,81.86,1719.06,5,2.4,0,1,1
2914,45,30015,30,Month-to-month,No,20.09,602.7,1,3.8,1,0,0
2915,25,31603,6,Month-to-month,Fiber optic,77.83,466.98,5,2.2,0,1,1
2916,34,43871,3,Month-to-month,Fiber optic,82.57,247.71,4,2.2,0,0,1
2917,32,39096,1,Month-to-month,DSL,33.21,33.21,0,4.0,1,0,1
2918,33,30000,24,Month-to-month,Fiber optic,81.39,1953.36,2,3.0,1,1,1
2919,38,40193,26,Two year,Fiber optic,67.78,1762.28,1,2.9,0,0,1
2920,35,30000,11,Month-to-month,Fiber optic,77.18,848.98,2,3.2,0,0,1
2921,25,40957,1,One year,Fiber optic,67.11,67.11,0,3.3,0,0,0
2922,47,43311,22,Month-to-month,DSL,41.22,906.84,0,4.1,0,0,0
2923,29,44043,7,One year,No,21.44,150.08,1,4.3,1,1,0
2924,42,54566,16,Month-to-month,No,31.92,510.72,0,4.5,1,0,1
2925,60,57795,29,Two year,DSL,45.52,1320.08,5,3.2,0,1,1
2926,30,30000,1,Month-to-month,No,26.33,26.33,0,4.7,1,0,1
2927,25,32802,1,One year,Fiber optic,70.29,70.29,1,3.6,0,0,1
2928,37,35245,7,Month-to-month,No,17.0,119.0,1,4.2,0,0,0
2929,51,56819,30,Month-to-month,No,16.1,483.0,0,4.2,1,1,0
2930,59,60137,34,One year,No,16.56,563.04,0,4.3,0,0,0
2931,27,30000,1,Month-to-month,Fiber optic,64.74,64.74,1,3.9,0,0,1
2932,44,31156,27,Month-to-month,Fiber optic,71.38,1927.26,2,3.1,1,0,1
2933,35,41813,13,Month-to-month,DSL,42.2,548.6,2,3.6,0,1,1
2934,38,38507,15,One year,Fiber optic,70.37,1055.55,1,3.8,0,0,0
2935,65,65575,53,Two year,No,18.66,988.98,0,4.3,1,1,0
2936,25,35566,2,Month-to-month,Fiber optic,76.81,153.62,1,3.0,1,0,1
2937,42,56387,29,One year,Fiber optic,71.18,2064.22,3,3.3,1,0,1
2938,44,46819,20,Month-to-month,No,17.09,341.8,1,3.9,0,0,1
2939,50,52275,27,Month-to-month,Fiber optic,65.18,1759.86,2,3.3,0,0,1
2940,40,49001,10,Two year,Fiber optic,64.62,646.2,3,3.1,0,0,1
2941,43,37144,19,Two year,DSL,35.64,677.16,1,4.0,1,1,0
2942,36,42785,18,One year,Fiber optic,73.58,1324.44,1,2.6,0,0,0
2943,42,51415,28,Month-to-month,No,24.55,687.4,2,4.1,1,0,1
2944,36,46441,18,Month-to-month,DSL,49.69,894.42,1,3.6,0,0,1
2945,46,35505,14,Month-to-month,No,23.78,332.92,1,4.2,0,0,0
2946,36,34909,19,Month-to-month,DSL,44.33,842.27,0,4.1,0,0,0
2947,43,40973,10,Month-to-month,DSL,42.39,423.9,0,4.1,1,1,0
2948,39,44799,22,One year,Fiber optic,67.51,1485.22,5,2.5,1,0,1
2949,51,59845,28,Two year,No,15.0,420.0,0,4.3,1,1,1
2950,39,55973,21,Month-to-month,DSL,49.96,1049.16,3,3.2,0,0,1
2951,25,30000,1,Month-to-month,DSL,44.13,44.13,4,3.2,0,0,1
2952,52,53019,39,Two year,Fiber optic,61.27,2389.53,1,3.4,0,0,0
2953,30,44197,1,Month-to-month,Fiber optic,70.87,70.87,0,3.8,1,0,1
2954,33,40372,5,One year,Fiber optic,66.92,334.6,1,3.3,0,0,1
2955,34,49141,4,Month-to-month,Fiber optic,75.22,300.88,3,2.6,0,0,1
2956,53,60309,23,Month-to-month,Fiber optic,80.34,1847.82,1,3.4,0,0,1
2957,25,30000,1,Two year,Fiber optic,65.76,65.76,1,4.0,0,1,1
2958,65,59334,58,Month-to-month,Fiber optic,63.74,3696.92,0,3.3,0,0,0
2959,50,42587,46,Month-to-month,No,19.05,876.3,1,4.1,0,1,0
2960,42,52296,20,Month-to-month,DSL,44.22,884.4,1,4.1,0,0,1
2961,39,53508,23,Two year,Fiber optic,66.38,1526.74,2,3.4,0,1,1
2962,42,61794,21,Two year,DSL,37.36,784.56,0,4.2,1,0,0
2963,45,56744,26,Month-to-month,DSL,46.09,1198.34,1,3.7,1,0,1
2964,46,60302,23,Month-to-month,Fiber optic,75.33,1732.59,1,2.5,0,1,1
2965,45,45359,25,One year,Fiber optic,71.13,1778.25,1,3.4,1,0,1
2966,40,35748,21,Month-to-month,No,22.06,463.26,0,4.4,0,0,1
2967,38,49800,12,One year,Fiber optic,69.1,829.2,1,3.7,0,0,0
2968,38,46341,15,Month-to-month,Fiber optic,72.57,1088.55,0,3.3,1,0,1
2969,38,43859,15,Month-to-month,Fiber optic,81.9,1228.5,3,3.3,1,1,1
2970,51,59098,36,One year,Fiber optic,74.05,2665.8,2,3.0,1,1,0
2971,45,52585,17,Month-to-month,Fiber optic,79.13,1345.21,2,2.9,0,1,1
2972,25,40270,1,Two year,DSL,46.63,46.63,1,3.5,1,1,0
2973,46,61359,36,Month-to-month,DSL,47.63,1714.68,8,2.6,0,0,0
2974,41,50353,26,Month-to-month,DSL,49.64,1290.64,6,2.3,0,0,1
2975,39,50766,24,Two year,Fiber optic,59.6,1430.4,0,3.9,0,1,1
2976,36,45112,13,Month-to-month,Fiber optic,76.02,988.26,0,3.2,1,0,1
2977,51,52310,33,One year,Fiber optic,70.34,2321.22,2,3.1,0,0,1
2978,49,60052,34,Month-to-month,No,28.39,965.26,1,3.5,1,0,0
2979,32,30000,17,One year,Fiber optic,75.89,1290.13,3,3.1,1,1,0
2980,44,57431,11,One year,DSL,39.6,435.6,1,3.8,0,0,1
2981,30,30000,1,Month-to-month,No,21.86,21.86,0,4.4,1,1,1
2982,26,33286,9,One year,DSL,43.59,392.31,1,3.7,1,0,0
2983,33,31238,7,One year,No,21.27,148.89,0,4.4,0,0,0
2984,48,57427,23,Month-to-month,Fiber optic,69.91,1607.93,5,2.5,0,1,1
2985,49,53728,21,Month-to-month,DSL,46.8,982.8,1,3.9,1,1,0
2986,45,37241,20,Month-to-month,DSL,43.86,877.2,3,3.5,0,0,1
2987,47,55365,17,Month-to-month,Fiber optic,76.41,1298.97,2,3.1,1,0,1
2988,45,45376,36,Month-to-month,DSL,41.38,1489.68,4,2.9,0,0,1
2989,33,45049,9,Month-to-month,No,17.07,153.63,0,4.2,0,1,0
2990,44,49010,22,Month-to-month,DSL,50.87,1119.14,2,3.2,1,0,1
2991,48,56163,31,One year,No,15.0,465.0,0,4.8,1,0,0
2992,47,44339,32,Month-to-month,No,15.11,483.52,0,4.6,0,1,1
2993,51,51285,36,Two year,No,17.74,638.64,0,4.3,1,0,0
2994,47,48330,32,Month-to-month,Fiber optic,71.14,2276.48,2,3.0,0,0,1
2995,43,54853,17,Month-to-month,No,15.57,264.69,1,3.9,1,1,1
2996,50,68419,28,One year,DSL,43.28,1211.84,3,3.4,1,1,0
2997,39,37558,21,Month-to-month,Fiber optic,67.47,1416.87,3,3.5,0,1,1
2998,31,44614,4,Month-to-month,DSL,39.96,159.84,2,3.6,0,0,1
2999,38,30000,15,Month-to-month,Fiber optic,85.27,1279.05,2,3.3,0,1,0
3000,32,30000,10,Month-to-month,DSL,47.3,473.0,1,3.8,0,1,1
3001,33,30329,14,Month-to-month,DSL,41.27,577.78,0,4.1,0,0,0
3002,38,32179,4,Two year,Fiber optic,69.59,278.36,1,3.2,1,1,1
3003,32,30000,12,Month-to-month,No,22.84,274.08,4,3.4,0,0,1
3004,36,44303,11,Two year,No,22.97,252.67,0,4.0,0,1,0
3005,25,30000,4,One year,Fiber optic,70.61,282.44,2,3.2,1,1,1
3006,42,50035,25,Month-to-month,DSL,49.88,1247.0,0,3.8,0,1,1
3007,40,50523,27,Month-to-month,Fiber optic,64.81,1749.87,1,3.5,0,0,1
3008,31,38124,15,One year,Fiber optic,65.97,989.55,2,2.9,0,1,1
3009,46,56262,33,Two year,DSL,41.32,1363.56,1,3.9,1,0,1
3010,49,53443,37,Month-to-month,Fiber optic,76.65,2836.05,2,3.1,0,1,1
3011,25,30000,1,Month-to-month,DSL,40.44,40.44,1,3.8,1,1,0
3012,32,45462,8,Month-to-month,Fiber optic,76.3,610.4,0,3.6,0,0,1
3013,32,32287,13,Month-to-month,Fiber optic,71.88,934.44,3,2.9,1,0,0
3014,30,30000,10,Month-to-month,Fiber optic,73.62,736.2,0,4.6,1,1,1
3015,48,51576,25,Two year,DSL,45.62,1140.5,2,3.7,1,0,1
3016,38,35697,18,Month-to-month,Fiber optic,79.54,1431.72,3,2.8,0,1,1
3017,37,38660,14,One year,DSL,37.76,528.64,4,3.5,0,0,0
3018,25,32752,1,One year,DSL,37.46,37.46,3,3.3,1,1,1
3019,46,53786,32,Month-to-month,Fiber optic,72.94,2334.08,3,2.7,0,0,1
3020,27,30000,2,Month-to-month,No,19.87,39.74,0,4.5,0,0,0
3021,40,41098,30,One year,Fiber optic,67.96,2038.8,1,3.6,1,1,0
3022,42,55594,10,Two year,No,23.2,232.0,0,4.6,1,1,0
3023,53,61971,30,One year,Fiber optic,72.99,2189.7,0,3.1,0,0,0
3024,26,47600,1,Month-to-month,DSL,47.03,47.03,1,3.7,1,1,1
3025,25,39441,6,Month-to-month,DSL,38.67,232.02,2,3.7,1,0,1
3026,41,55154,21,Month-to-month,DSL,50.84,1067.64,3,3.5,0,1,1
3027,58,51897,41,Month-to-month,Fiber optic,60.9,2496.9,0,3.8,1,0,1
3028,52,63110,25,One year,DSL,46.92,1173.0,1,3.4,1,0,1
3029,42,46575,13,Month-to-month,Fiber optic,79.67,1035.71,2,3.2,1,0,1
3030,35,35592,13,One year,No,16.84,218.92,3,3.8,0,0,0
3031,48,54344,19,Month-to-month,No,26.36,500.84,1,4.1,1,1,0
3032,30,42561,2,One year,No,18.68,37.36,0,4.0,0,1,1
3033,44,53006,25,Two year,DSL,40.81,1020.25,1,3.5,0,0,0
3034,45,42972,18,Month-to-month,Fiber optic,76.7,1380.6,2,3.6,1,0,1
3035,50,60939,39,Two year,Fiber optic,83.43,3253.77,2,3.2,0,1,1
3036,65,64899,55,Month-to-month,DSL,51.72,2844.6,4,3.0,0,0,1
3037,43,49733,12,Month-to-month,Fiber optic,78.51,942.12,1,3.2,0,0,1
3038,34,36573,5,Two year,Fiber optic,62.94,314.7,1,4.1,0,0,0
3039,39,42249,3,Two year,DSL,41.22,123.66,1,3.8,0,0,0
3040,25,36129,1,Month-to-month,DSL,40.93,40.93,2,3.6,0,0,1
3041,33,30000,14,Month-to-month,DSL,49.11,687.54,1,3.4,1,1,1
3042,35,55561,9,One year,No,19.7,177.3,1,4.0,0,0,1
3043,34,30000,13,One year,No,15.0,195.0,1,3.7,1,1,1
3044,41,41218,10,Month-to-month,No,20.41,204.1,0,4.5,1,0,0
3045,31,38961,11,One year,Fiber optic,67.0,737.0,0,4.0,0,0,1
3046,51,60674,27,Month-to-month,No,20.76,560.52,0,4.7,1,0,0
3047,40,44196,18,Month-to-month,No,15.7,282.6,0,4.2,1,1,1
3048,39,43540,16,Month-to-month,DSL,45.14,722.24,3,2.6,1,0,1
3049,36,44284,5,Month-to-month,No,23.75,118.75,0,4.3,0,0,0
3050,41,44151,12,Two year,No,17.73,212.76,1,4.5,1,1,0
3051,48,64145,33,Month-to-month,Fiber optic,73.05,2410.65,1,2.8,0,0,0
3052,31,42714,9,Two year,No,19.02,171.18,0,4.2,0,1,0
3053,33,44982,15,Month-to-month,Fiber optic,78.49,1177.35,4,2.7,1,1,1
3054,36,33270,15,One year,DSL,37.21,558.15,4,3.0,0,0,1
3055,26,30364,2,One year,Fiber optic,72.55,145.1,0,3.0,1,0,1
3056,31,33596,1,One year,Fiber optic,77.84,77.84,1,3.0,1,0,1
3057,35,31955,10,One year,DSL,45.62,456.2,0,3.7,1,1,0
3058,48,55881,27,Month-to-month,Fiber optic,75.29,2032.83,2,2.5,0,0,1
3059,42,42698,32,Two year,DSL,43.7,1398.4,1,4.1,1,1,0
3060,41,51243,23,One year,Fiber optic,73.51,1690.73,0,4.0,1,1,1
3061,48,44438,36,Month-to-month,DSL,48.77,1755.72,1,3.7,0,0,1
3062,38,56752,19,One year,Fiber optic,61.13,1161.47,3,3.3,0,1,0
3063,43,40829,17,Month-to-month,Fiber optic,67.23,1142.91,1,2.9,1,0,1
3064,38,44754,16,Month-to-month,Fiber optic,80.02,1280.32,2,3.0,1,0,1
3065,42,53334,21,Two year,DSL,32.97,692.37,0,3.9,1,1,0
3066,34,34434,5,Month-to-month,DSL,47.01,235.05,2,3.6,1,0,1
3067,25,36819,1,One year,Fiber optic,69.49,69.49,3,2.1,0,0,1
3068,38,33166,14,Month-to-month,Fiber optic,70.02,980.28,1,3.3,0,1,1
3069,54,70616,44,Month-to-month,Fiber optic,76.75,3377.0,1,3.4,0,1,1
3070,49,54113,16,Month-to-month,DSL,46.01,736.16,1,3.8,1,0,1
3071,49,49228,36,Month-to-month,Fiber optic,85.55,3079.8,3,3.0,0,1,1
3072,52,54606,26,One year,DSL,39.63,1030.38,0,3.8,0,0,0
3073,40,51471,9,Month-to-month,DSL,52.2,469.8,2,2.6,0,1,1
3074,41,41324,26,Month-to-month,No,21.76,565.76,0,4.6,1,1,1
3075,33,32005,13,Month-to-month,DSL,41.69,541.97,0,4.2,1,0,1
3076,36,39227,20,Month-to-month,Fiber optic,79.0,1580.0,1,3.7,0,0,1
3077,46,41584,30,One year,No,21.83,654.9,0,4.3,1,1,0
3078,52,71564,44,Month-to-month,Fiber optic,75.18,3307.92,1,3.4,0,1,1
3079,38,38468,18,One year,Fiber optic,72.58,1306.44,3,3.6,0,0,0
3080,35,46652,11,Two year,No,15.02,165.22,1,3.6,0,0,1
3081,40,46675,20,One year,DSL,38.62,772.4,2,3.8,0,0,0
3082,46,43123,32,One year,Fiber optic,75.05,2401.6,2,3.4,0,0,1
3083,25,30000,1,Month-to-month,No,18.88,18.88,1,4.2,1,1,1
3084,25,36272,1,Month-to-month,Fiber optic,74.6,74.6,2,3.1,1,0,1
3085,34,37493,8,Two year,Fiber optic,68.9,551.2,2,2.7,1,1,0
3086,27,41544,1,One year,DSL,44.08,44.08,0,4.4,1,1,0
3087,34,47172,11,One year,No,15.0,165.0,0,4.7,1,1,0
3088,38,50351,4,One year,DSL,49.18,196.72,2,3.8,0,0,0
3089,35,36322,12,Month-to-month,Fiber optic,75.61,907.32,1,3.3,1,1,1
3090,54,50361,39,Month-to-month,DSL,43.99,1715.61,0,3.8,1,1,0
3091,43,43091,18,One year,No,21.15,380.7,0,4.3,1,0,0
3092,43,49569,31,One year,DSL,43.93,1361.83,1,4.3,0,0,0
3093,46,55366,16,Month-to-month,Fiber optic,78.84,1261.44,2,2.9,0,1,1
3094,28,30000,10,Two year,DSL,43.19,431.9,3,3.8,1,0,0
3095,50,54935,34,Month-to-month,DSL,48.59,1652.06,3,3.2,1,1,1
3096,39,45264,6,Month-to-month,Fiber optic,81.75,490.5,4,2.3,0,0,1
3097,46,48779,41,Two year,Fiber optic,71.92,2948.72,0,2.9,1,0,0
3098,29,44330,4,One year,Fiber optic,70.45,281.8,1,3.5,0,0,0
3099,25,33374,1,Month-to-month,Fiber optic,69.39,69.39,3,3.2,1,0,0
3100,48,63481,19,Month-to-month,Fiber optic,83.34,1583.46,3,2.4,0,0,1
3101,43,46272,20,Month-to-month,Fiber optic,73.81,1476.2,0,3.9,0,0,1
3102,30,42499,5,One year,Fiber optic,68.88,344.4,2,2.8,0,0,0
3103,31,49080,7,Month-to-month,Fiber optic,66.32,464.24,2,3.4,0,0,1
3104,51,66493,29,One year,Fiber optic,72.94,2115.26,1,3.5,0,0,1
3105,28,30000,7,Two year,DSL,41.24,288.68,2,3.9,1,1,0
3106,56,58970,34,One year,DSL,35.17,1195.78,1,3.3,1,0,0
3107,30,32238,1,Month-to-month,Fiber optic,77.27,77.27,0,3.8,0,1,1
3108,46,54914,24,One year,DSL,40.26,966.24,0,4.0,1,1,0
3109,36,46490,1,Month-to-month,Fiber optic,88.45,88.45,4,2.4,0,0,1
3110,46,44288,27,Month-to-month,DSL,42.15,1138.05,3,3.6,0,0,1
3111,34,39542,4,Month-to-month,Fiber optic,72.82,291.28,2,3.4,0,1,1
3112,38,30000,16,Month-to-month,No,15.63,250.08,0,3.8,0,1,1
3113,40,56535,25,Two year,Fiber optic,73.89,1847.25,0,3.1,1,0,0
3114,29,30000,1,Month-to-month,Fiber optic,73.14,73.14,1,3.7,0,1,1
3115,47,52446,32,Month-to-month,No,16.38,524.16,0,4.5,1,0,0
3116,34,36522,8,Two year,DSL,44.03,352.24,2,3.6,1,0,0
3117,37,51168,24,Month-to-month,DSL,38.1,914.4,0,3.7,1,0,1
3118,30,30000,3,One year,DSL,45.88,137.64,0,4.0,1,0,0
3119,25,30000,1,Month-to-month,DSL,53.91,53.91,2,3.8,1,1,1
3120,38,42153,19,Month-to-month,No,22.83,433.77,2,4.6,1,1,1
3121,64,65370,44,Two year,Fiber optic,70.69,3110.36,1,3.2,0,1,1
3122,47,65809,21,Month-to-month,No,24.35,511.35,2,4.1,0,0,1
3123,39,36901,13,Month-to-month,Fiber optic,83.55,1086.15,4,3.1,1,0,1
3124,37,48174,14,Month-to-month,DSL,51.05,714.7,2,3.0,1,0,1
3125,40,47850,26,Month-to-month,Fiber optic,77.2,2007.2,3,3.4,1,0,1
3126,45,60092,12,Month-to-month,DSL,49.52,594.24,1,3.7,0,0,1
3127,28,30000,3,Month-to-month,Fiber optic,70.57,211.71,3,3.0,0,0,1
3128,51,50136,34,Month-to-month,Fiber optic,78.88,2681.92,4,2.5,0,0,1
3129,47,60768,27,One year,Fiber optic,66.22,1787.94,2,3.1,1,1,1
3130,47,55402,34,Month-to-month,No,18.16,617.44,2,3.7,0,1,1
3131,44,36640,22,Month-to-month,Fiber optic,59.59,1310.98,1,3.2,0,0,1
3132,40,40685,16,Month-to-month,DSL,47.01,752.16,2,3.6,0,1,0
3133,46,54091,28,Two year,No,15.0,420.0,0,4.7,0,0,0
3134,45,56702,24,Two year,DSL,46.06,1105.44,0,3.6,0,0,1
3135,36,35566,10,One year,DSL,44.7,447.0,0,3.7,1,1,1
3136,34,30000,13,Two year,DSL,46.12,599.56,2,3.6,0,1,0
3137,41,50185,15,Month-to-month,Fiber optic,69.58,1043.7,0,3.2,1,0,1
3138,55,50237,32,Month-to-month,DSL,50.19,1606.08,2,3.5,1,0,0
3139,27,30000,1,One year,DSL,53.28,53.28,1,3.5,1,1,1
3140,25,30000,8,One year,No,22.82,182.56,0,3.8,1,0,1
3141,41,52511,1,Month-to-month,Fiber optic,78.95,78.95,2,3.2,1,0,1
3142,40,46028,20,Month-to-month,Fiber optic,75.85,1517.0,0,3.3,0,1,1
3143,41,44194,19,Two year,DSL,37.88,719.72,2,3.9,1,0,1
3144,42,58112,10,One year,Fiber optic,75.06,750.6,2,3.0,0,0,1
3145,37,47098,16,Month-to-month,DSL,37.47,599.52,2,3.4,0,0,1
3146,54,71930,37,One year,DSL,40.66,1504.42,1,3.8,0,1,0
3147,25,30000,3,Month-to-month,DSL,36.14,108.42,0,4.4,0,1,1
3148,31,35723,1,Month-to-month,Fiber optic,71.48,71.48,2,3.7,0,0,1
3149,38,30066,23,Month-to-month,Fiber optic,78.21,1798.83,0,3.6,1,0,1
3150,25,30000,1,Month-to-month,DSL,47.53,47.53,2,3.3,1,0,1
3151,38,41011,19,Month-to-month,No,20.25,384.75,0,4.3,1,0,1
3152,56,66012,41,One year,No,19.85,813.85,0,4.3,0,0,0
3153,40,45364,12,Month-to-month,Fiber optic,65.57,786.84,1,3.4,1,0,1
3154,42,51987,24,Month-to-month,Fiber optic,73.14,1755.36,1,3.2,0,0,1
3155,27,37627,1,Month-to-month,DSL,41.59,41.59,0,3.7,0,1,1
3156,33,55239,1,Month-to-month,No,16.7,16.7,0,4.6,1,0,1
3157,36,38477,20,Two year,Fiber optic,70.5,1410.0,1,3.6,1,0,1
3158,36,33471,8,One year,Fiber optic,66.95,535.6,1,3.4,0,0,1
3159,52,58968,27,Two year,Fiber optic,64.48,1740.96,2,3.6,1,1,0
3160,45,43581,21,Two year,Fiber optic,57.06,1198.26,3,3.3,1,0,1
3161,28,44855,5,Month-to-month,Fiber optic,73.53,367.65,1,3.0,1,0,1
3162,42,44734,20,Month-to-month,No,15.0,300.0,2,3.9,0,1,0
3163,44,44475,26,Two year,No,18.4,478.4,1,4.6,0,1,0
3164,51,52229,23,Two year,No,15.0,345.0,0,4.3,0,1,0
3165,55,65747,31,One year,Fiber optic,71.77,2224.87,2,2.9,0,0,1
3166,29,32738,4,One year,No,18.28,73.12,0,4.5,0,0,1
3167,31,30866,18,One year,DSL,51.11,919.98,0,3.7,1,1,0
3168,27,45322,1,Month-to-month,DSL,47.49,47.49,0,4.1,0,0,1
3169,37,35150,20,Month-to-month,DSL,35.8,716.0,1,3.9,1,0,1
3170,44,49284,23,One year,Fiber optic,64.93,1493.39,1,3.2,0,1,0
3171,49,59218,25,One year,No,19.28,482.0,0,4.1,1,1,1
3172,39,30949,15,Month-to-month,DSL,40.35,605.25,1,3.3,1,1,1
3173,36,44842,12,Month-to-month,Fiber optic,60.16,721.92,3,2.8,0,1,1
3174,41,37559,22,Month-to-month,No,26.75,588.5,1,4.2,1,1,1
3175,31,42582,15,Month-to-month,Fiber optic,78.6,1179.0,0,3.8,0,1,1
3176,60,57298,44,Two year,Fiber optic,70.1,3084.4,0,3.4,0,0,1
3177,25,35542,7,Month-to-month,Fiber optic,71.96,503.72,3,2.5,0,1,1
3178,41,54846,13,Month-to-month,Fiber optic,77.14,1002.82,2,3.4,0,0,1
3179,60,71891,39,Month-to-month,DSL,41.48,1617.72,2,3.9,1,0,1
3180,40,47010,13,One year,Fiber optic,72.27,939.51,2,3.3,1,0,1
3181,38,41149,17,Month-to-month,No,15.4,261.8,0,3.9,0,0,1
3182,36,36388,11,Month-to-month,DSL,52.58,578.38,3,3.4,1,0,1
3183,38,54768,19,Month-to-month,No,15.0,285.0,0,4.5,1,0,0
3184,53,52404,28,Month-to-month,DSL,51.16,1432.48,1,3.9,0,0,1
3185,25,30000,1,Month-to-month,Fiber optic,75.19,75.19,0,3.5,0,0,1
3186,55,65322,40,Month-to-month,DSL,42.55,1702.0,1,3.5,0,0,1
3187,25,30000,1,Two year,Fiber optic,68.34,68.34,4,2.7,1,0,1
3188,37,34399,27,Month-to-month,DSL,48.67,1314.09,2,3.8,0,0,1
3189,35,30000,10,Month-to-month,DSL,51.83,518.3,1,3.7,0,1,1
3190,45,46136,11,One year,Fiber optic,72.82,801.02,0,3.1,1,0,0
3191,25,30000,1,Month-to-month,DSL,40.55,40.55,0,4.5,1,0,1
3192,44,50944,23,One year,Fiber optic,71.53,1645.19,4,3.1,0,0,0
3193,60,72610,41,Month-to-month,DSL,54.08,2217.28,2,3.9,1,1,0
3194,26,35215,7,Month-to-month,No,26.74,187.18,0,4.5,1,1,1
3195,41,44473,23,One year,DSL,47.29,1087.67,0,3.6,0,0,1
3196,33,36414,11,Two year,Fiber optic,71.48,786.28,3,3.0,1,1,0
3197,44,53081,25,Month-to-month,No,23.5,587.5,1,4.2,0,1,1
3198,40,55180,17,Month-to-month,No,25.79,438.43,2,3.4,0,1,1
3199,33,39010,20,Month-to-month,No,17.72,354.4,2,3.6,0,0,1
3200,44,45246,13,Two year,Fiber optic,60.72,789.36,4,3.1,0,1,1
3201,58,55057,40,Two year,Fiber optic,67.85,2714.0,1,3.6,0,0,0
3202,38,31438,15,Month-to-month,Fiber optic,70.91,1063.65,1,4.0,0,1,0
3203,47,57330,31,Month-to-month,DSL,39.72,1231.32,0,3.9,1,1,1
3204,27,36623,1,Month-to-month,Fiber optic,71.4,71.4,1,2.8,1,1,1
3205,30,39618,1,Month-to-month,Fiber optic,87.43,87.43,1,3.0,0,0,1
3206,44,47970,23,Month-to-month,Fiber optic,75.68,1740.64,1,3.5,0,1,0
3207,54,70255,36,Month-to-month,Fiber optic,76.81,2765.16,0,3.3,1,0,0
3208,43,44127,30,One year,Fiber optic,65.14,1954.2,3,3.1,0,0,1
3209,36,48642,5,Two year,DSL,31.28,156.4,0,3.9,0,0,0
3210,39,43690,23,Two year,Fiber optic,63.4,1458.2,2,3.6,0,1,1
3211,27,30000,16,Month-to-month,Fiber optic,82.19,1315.04,1,3.4,1,0,1
3212,46,55740,22,Month-to-month,No,21.67,476.74,0,4.0,1,0,1
3213,48,56277,19,Two year,No,20.99,398.81,0,4.1,1,0,0
3214,35,42855,9,Month-to-month,Fiber optic,78.69,708.21,1,3.0,0,1,0
3215,35,40650,12,One year,DSL,39.79,477.48,0,3.4,1,1,0
3216,42,46696,23,Month-to-month,Fiber optic,81.94,1884.62,2,2.7,0,1,1
3217,35,59106,8,Month-to-month,DSL,41.84,334.72,2,3.0,0,0,1
3218,39,53474,26,Month-to-month,No,27.03,702.78,4,3.7,1,1,1
3219,60,70782,35,Month-to-month,No,22.21,777.35,0,4.6,1,1,1
3220,37,42894,3,One year,No,15.0,45.0,1,4.1,0,1,1
3221,36,49057,19,Month-to-month,DSL,41.26,783.94,1,3.8,0,1,1
3222,33,42143,1,Month-to-month,DSL,36.08,36.08,2,4.0,1,1,1
3223,47,52209,25,Month-to-month,Fiber optic,80.82,2020.5,2,3.2,1,1,1
3224,38,40571,34,Two year,Fiber optic,67.38,2290.92,1,4.0,1,0,1
3225,33,37352,9,Month-to-month,DSL,33.86,304.74,1,4.0,0,0,1
3226,53,32636,26,Month-to-month,DSL,46.88,1218.88,2,3.9,1,1,1
3227,54,60684,34,Month-to-month,DSL,42.31,1438.54,2,3.6,1,0,0
3228,33,34092,9,Month-to-month,DSL,37.58,338.22,0,4.0,1,1,0
3229,25,42741,1,Month-to-month,DSL,53.39,53.39,3,3.4,0,0,0
3230,50,55154,33,One year,No,19.54,644.82,3,3.9,0,0,0
3231,33,30000,3,Month-to-month,No,18.53,55.59,0,4.1,0,0,0
3232,47,51600,36,Month-to-month,No,18.0,648.0,3,3.5,0,1,0
3233,25,30000,1,One year,No,15.0,15.0,0,4.4,0,1,0
3234,48,56787,31,Month-to-month,Fiber optic,68.48,2122.88,0,3.0,1,0,1
3235,27,34327,1,Month-to-month,DSL,51.42,51.42,3,3.1,0,0,1
3236,47,59662,34,Month-to-month,Fiber optic,72.63,2469.42,2,2.8,1,0,1
3237,40,38672,16,Month-to-month,Fiber optic,75.11,1201.76,1,3.1,0,0,1
3238,30,35272,7,One year,Fiber optic,61.03,427.21,6,2.3,0,0,1
3239,35,30000,6,One year,Fiber optic,64.66,387.96,1,3.7,1,1,1
3240,46,56611,19,One year,DSL,45.8,870.2,1,3.8,0,1,0
3241,41,50150,23,One year,DSL,44.64,1026.72,0,3.9,0,0,0
3242,45,53966,21,Month-to-month,No,28.77,604.17,0,4.1,0,0,0
3243,59,64012,35,Month-to-month,Fiber optic,81.71,2859.85,4,2.9,1,1,1
3244,25,33318,1,Month-to-month,Fiber optic,73.85,73.85,1,3.6,1,1,1
3245,56,73834,41,Month-to-month,Fiber optic,77.36,3171.76,2,3.0,1,1,1
3246,41,43719,15,Two year,DSL,38.92,583.8,0,4.4,1,0,0
3247,31,37109,6,One year,Fiber optic,81.52,489.12,1,3.1,0,0,0
3248,26,30000,1,Month-to-month,No,25.75,25.75,0,4.3,1,0,1
3249,38,36053,4,Month-to-month,No,20.85,83.4,0,4.1,1,1,1
3250,49,54782,19,Month-to-month,Fiber optic,76.0,1444.0,3,2.7,1,1,1
3251,38,51831,17,Month-to-month,DSL,52.22,887.74,3,3.0,1,0,0
3252,55,57949,31,Month-to-month,Fiber optic,77.9,2414.9,2,3.2,1,1,1
3253,25,30000,6,Month-to-month,No,27.79,166.74,0,4.3,0,0,1
3254,39,40744,22,Two year,Fiber optic,56.53,1243.66,2,3.0,1,1,1
3255,27,30000,6,One year,DSL,45.06,270.36,3,3.5,1,0,1
3256,43,50359,32,Month-to-month,Fiber optic,72.42,2317.44,1,3.9,1,0,1
3257,48,41021,27,Month-to-month,Fiber optic,83.78,2262.06,3,2.5,1,0,1
3258,35,50247,15,Month-to-month,Fiber optic,82.73,1240.95,6,1.9,1,0,1
3259,25,30000,1,One year,DSL,42.91,42.91,3,3.4,1,1,1
3260,41,51775,33,One year,Fiber optic,78.93,2604.69,4,3.0,0,0,1
3261,44,38840,34,Two year,No,26.92,915.28,0,4.1,0,1,1
3262,44,54350,22,Month-to-month,No,20.37,448.14,2,4.4,1,0,0
3263,52,62375,34,One year,DSL,55.11,1873.74,0,3.5,1,0,0
3264,29,37073,12,Month-to-month,Fiber optic,74.84,898.08,1,3.3,1,1,1
3265,46,43044,24,Month-to-month,DSL,43.93,1054.32,0,3.4,1,1,1
3266,51,57996,27,Month-to-month,Fiber optic,79.33,2141.91,0,3.1,1,0,1
3267,25,30000,5,Month-to-month,Fiber optic,73.23,366.15,2,3.0,0,1,1
3268,43,45977,22,One year,DSL,43.18,949.96,3,3.4,0,1,0
3269,34,47235,11,Month-to-month,Fiber optic,82.05,902.55,2,3.3,1,0,1
3270,39,50373,11,Month-to-month,No,20.1,221.1,0,4.1,0,1,0
3271,43,48121,11,Month-to-month,Fiber optic,66.52,731.72,2,3.3,1,0,1
3272,35,32201,13,Month-to-month,DSL,46.84,608.92,1,3.3,1,0,1
3273,33,43164,15,Month-to-month,DSL,41.52,622.8,0,4.3,0,1,0
3274,40,45155,16,Month-to-month,DSL,49.33,789.28,2,3.9,1,0,1
3275,29,30000,13,Month-to-month,No,23.48,305.24,0,4.6,0,0,1
3276,29,40261,1,Month-to-month,DSL,52.36,52.36,1,3.9,0,0,1
3277,46,50806,18,Two year,No,22.54,405.72,0,4.2,0,1,0
3278,28,42619,3,Month-to-month,DSL,50.45,151.35,3,3.3,1,1,1
3279,46,42237,24,Month-to-month,No,16.65,399.6,2,3.9,0,0,1
3280,44,30000,27,Month-to-month,DSL,49.02,1323.54,4,3.1,0,1,1
3281,25,32232,1,Two year,Fiber optic,77.34,77.34,1,3.0,0,0,0
3282,33,40332,17,One year,Fiber optic,67.81,1152.77,0,3.7,0,1,1
3283,51,42474,43,Month-to-month,Fiber optic,84.0,3612.0,3,2.9,1,1,1
3284,30,30000,5,Month-to-month,Fiber optic,72.25,361.25,1,3.6,0,1,1
3285,35,62041,19,One year,Fiber optic,66.99,1272.81,4,2.9,1,0,1
3286,44,46555,16,One year,Fiber optic,72.73,1163.68,3,3.2,0,1,0
3287,47,57847,32,One year,DSL,46.33,1482.56,1,3.5,1,0,0
3288,37,36794,20,Two year,Fiber optic,72.06,1441.2,4,3.1,0,1,1
3289,34,30000,15,Two year,No,15.0,225.0,0,4.3,1,0,1
3290,54,57637,34,Month-to-month,Fiber optic,77.17,2623.78,2,2.4,0,0,0
3291,57,59875,20,Month-to-month,Fiber optic,71.57,1431.4,3,2.8,1,0,1
3292,49,50800,24,One year,DSL,35.31,847.44,0,4.2,1,0,0
3293,40,44082,14,One year,Fiber optic,66.61,932.54,3,3.0,1,0,1
3294,31,38114,1,Month-to-month,No,16.25,16.25,1,3.6,1,1,0
3295,31,34799,7,Two year,DSL,43.11,301.77,0,4.0,0,0,1
3296,45,39887,21,Month-to-month,No,25.76,540.96,1,4.1,1,0,0
3297,44,52889,17,Month-to-month,Fiber optic,67.63,1149.71,0,3.3,0,0,1
3298,54,43405,28,Two year,Fiber optic,69.26,1939.28,0,3.7,1,1,1
3299,46,34597,20,Month-to-month,Fiber optic,69.12,1382.4,1,3.3,1,0,1
3300,25,35913,6,Month-to-month,No,23.15,138.9,0,3.7,1,0,1
3301,50,59056,26,Month-to-month,DSL,41.89,1089.14,1,4.0,0,0,1
3302,30,34540,2,Month-to-month,Fiber optic,69.74,139.48,3,3.0,0,1,0
3303,36,30000,10,Month-to-month,No,24.0,240.0,0,4.7,0,0,0
3304,42,41336,22,Month-to-month,Fiber optic,72.07,1585.54,2,2.9,0,0,1
3305,59,61898,43,Month-to-month,No,18.42,792.06,1,4.1,0,1,1
3306,65,57232,29,Two year,No,15.0,435.0,0,4.7,0,0,1
3307,46,45087,31,Two year,DSL,45.23,1402.13,3,3.0,1,0,1
3308,38,48218,24,Month-to-month,Fiber optic,79.1,1898.4,0,3.7,1,0,1
3309,45,61418,17,One year,No,19.03,323.51,1,4.4,1,1,0
3310,48,49644,21,Month-to-month,No,15.0,315.0,2,4.1,0,0,0
3311,36,47051,10,Month-to-month,DSL,51.05,510.5,0,3.8,1,0,1
3312,57,46687,33,Month-to-month,DSL,41.67,1375.11,3,3.2,1,0,1
3313,42,52275,21,Two year,DSL,38.23,802.83,1,3.6,1,1,1
3314,44,42568,11,Two year,DSL,52.06,572.66,0,3.9,0,0,0
3315,46,53458,18,Month-to-month,Fiber optic,71.48,1286.64,0,2.7,0,0,1
3316,44,47017,32,Month-to-month,DSL,48.71,1558.72,1,3.5,1,1,0
3317,48,63563,22,Month-to-month,Fiber optic,77.81,1711.82,4,2.4,0,1,1
3318,33,31004,17,Month-to-month,Fiber optic,76.95,1308.15,1,2.9,1,1,1
3319,34,44020,12,Month-to-month,No,21.41,256.92,0,4.3,0,0,1
3320,28,30763,1,Month-to-month,No,21.88,21.88,1,3.6,0,0,1
3321,44,47733,26,One year,Fiber optic,72.61,1887.86,1,3.7,1,0,1
3322,47,50529,25,Month-to-month,No,19.74,493.5,1,4.4,0,1,1
3323,44,42234,20,Two year,No,25.56,511.2,0,4.6,0,1,1
3324,56,60887,38,One year,No,15.0,570.0,3,3.6,0,1,0
3325,39,43498,19,Month-to-month,Fiber optic,80.11,1522.09,2,3.1,1,0,0
3326,46,52929,29,One year,Fiber optic,75.36,2185.44,3,3.1,0,1,1
3327,29,34676,11,One year,Fiber optic,74.74,822.14,2,3.0,1,1,1
3328,36,47383,15,Month-to-month,Fiber optic,80.58,1208.7,2,2.8,0,1,1
3329,46,58388,16,Month-to-month,DSL,44.54,712.64,1,3.8,1,1,1
3330,48,44595,24,Two year,DSL,31.16,747.84,2,3.7,1,1,1
3331,37,48950,32,Month-to-month,DSL,44.64,1428.48,0,3.6,0,0,1
3332,39,34509,21,Month-to-month,No,15.04,315.84,0,3.7,0,0,0
3333,25,34702,14,Month-to-month,No,16.34,228.76,0,4.1,0,0,1
3334,36,45957,21,One year,No,15.0,315.0,1,3.5,1,0,1
3335,48,37709,29,One year,No,16.61,481.69,2,3.7,0,0,0
3336,45,50743,25,Two year,DSL,37.52,938.0,2,4.1,0,0,0
3337,45,46252,23,Month-to-month,DSL,33.11,761.53,2,3.1,0,1,1
3338,40,38929,7,Month-to-month,Fiber optic,78.5,549.5,2,3.2,0,0,1
3339,40,55806,18,Month-to-month,Fiber optic,86.1,1549.8,2,3.3,0,0,1
3340,33,32770,16,One year,Fiber optic,74.28,1188.48,0,3.0,1,0,1
3341,46,44548,21,Month-to-month,DSL,43.99,923.79,2,4.1,1,0,1
3342,44,49605,25,Month-to-month,DSL,44.73,1118.25,4,3.1,0,0,1
3343,44,54484,27,Month-to-month,DSL,42.9,1158.3,1,4.2,1,1,1
3344,34,37866,5,Month-to-month,No,20.45,102.25,0,4.4,1,0,0
3345,25,39330,1,Two year,No,17.81,17.81,1,4.0,1,0,0
3346,50,59247,23,One year,Fiber optic,67.04,1541.92,2,2.3,1,0,1
3347,35,30000,7,Two year,Fiber optic,75.91,531.37,1,2.9,1,1,1
3348,31,31764,1,Month-to-month,No,15.0,15.0,1,4.4,1,1,0
3349,46,46505,19,Two year,No,21.59,410.21,4,3.9,1,0,0
3350,36,44834,21,One year,DSL,42.24,887.04,2,3.1,0,1,1
3351,50,34001,24,Month-to-month,No,29.5,708.0,0,4.1,0,1,1
3352,46,71392,25,Two year,DSL,42.2,1055.0,0,3.8,0,0,0
3353,46,55248,22,Month-to-month,No,18.2,400.4,0,4.5,1,0,1
3354,26,32191,8,Two year,DSL,39.26,314.08,0,4.0,0,0,1
3355,52,66452,40,Two year,DSL,40.7,1628.0,4,3.1,1,0,0
3356,42,65749,25,One year,DSL,37.04,926.0,1,4.0,0,1,0
3357,36,47965,15,Month-to-month,No,16.17,242.55,0,4.1,1,0,1
3358,41,53590,17,Month-to-month,DSL,36.08,613.36,0,4.1,0,0,1
3359,25,31045,1,Month-to-month,Fiber optic,70.39,70.39,1,3.6,1,0,1
3360,44,47867,34,Month-to-month,DSL,45.47,1545.98,1,3.5,1,0,0
3361,29,30193,1,One year,Fiber optic,72.75,72.75,2,3.0,0,1,0
3362,26,30000,5,One year,Fiber optic,61.35,306.75,3,2.9,0,0,1
3363,25,30000,6,Two year,Fiber optic,66.81,400.86,1,3.5,1,0,1
3364,51,45195,27,Month-to-month,Fiber optic,77.82,2101.14,1,3.3,0,1,1
3365,33,37393,15,One year,Fiber optic,70.44,1056.6,2,3.0,1,0,0
3366,55,46522,40,Two year,Fiber optic,64.33,2573.2,2,3.3,1,0,1
3367,34,40527,21,One year,No,16.94,355.74,1,3.3,1,0,1
3368,25,30000,1,Month-to-month,DSL,42.3,42.3,2,3.8,1,0,1
3369,28,34175,1,Month-to-month,Fiber optic,71.82,71.82,3,3.2,1,0,1
3370,52,52822,29,Month-to-month,Fiber optic,75.87,2200.23,1,3.1,1,0,1
3371,38,67614,16,One year,Fiber optic,82.79,1324.64,2,2.7,1,0,1
3372,34,49880,11,One year,Fiber optic,67.53,742.83,1,3.4,0,0,1
3373,41,36043,16,Two year,Fiber optic,65.91,1054.56,2,2.9,0,0,1
3374,45,51862,12,Month-to-month,Fiber optic,74.74,896.88,2,2.9,0,1,1
3375,51,51135,34,Month-to-month,Fiber optic,71.56,2433.04,1,3.4,1,0,1
3376,54,50884,46,One year,DSL,48.24,2219.04,1,3.9,0,1,0
3377,36,30279,15,One year,Fiber optic,59.4,891.0,2,3.4,1,1,1
3378,26,34457,4,Two year,Fiber optic,64.84,259.36,1,4.3,0,0,1
3379,35,34548,15,One year,Fiber optic,75.34,1130.1,1,3.6,1,1,1
3380,42,54742,22,Month-to-month,Fiber optic,73.53,1617.66,2,3.3,0,1,1
3381,30,42950,11,One year,DSL,38.65,425.15,1,4.0,0,0,1
3382,30,45991,8,Two year,No,20.2,161.6,1,4.1,0,1,0
3383,43,41180,19,Month-to-month,Fiber optic,79.53,1511.07,3,3.0,0,0,1
3384,39,47802,12,Month-to-month,Fiber optic,76.05,912.6,5,2.5,0,0,1
3385,40,50059,16,Month-to-month,DSL,40.99,655.84,0,4.3,1,1,0
3386,32,33206,10,Month-to-month,No,22.28,222.8,0,4.2,0,0,0
3387,37,35825,12,One year,Fiber optic,69.24,830.88,1,3.3,1,1,1
3388,30,47876,7,Month-to-month,Fiber optic,78.73,551.11,1,3.6,0,1,1
3389,48,54819,30,Month-to-month,Fiber optic,82.42,2472.6,4,2.4,0,1,1
3390,50,60087,34,Month-to-month,Fiber optic,61.97,2106.98,3,2.8,1,0,1
3391,25,30000,7,Month-to-month,DSL,45.56,318.92,2,3.3,0,1,1
3392,30,30000,6,Month-to-month,DSL,36.32,217.92,0,4.3,1,0,0
3393,25,30000,1,One year,No,31.21,31.21,0,4.9,1,0,0
3394,33,37007,7,Month-to-month,Fiber optic,72.66,508.62,2,2.8,0,0,1
3395,39,35486,17,Month-to-month,No,23.73,403.41,2,4.0,1,1,1
3396,25,30000,1,Month-to-month,Fiber optic,74.82,74.82,0,3.5,0,0,1
3397,30,30000,14,Month-to-month,DSL,40.98,573.72,0,4.3,1,0,1
3398,29,30000,5,Month-to-month,DSL,40.39,201.95,2,3.8,1,0,1
3399,42,52367,22,Month-to-month,Fiber optic,82.93,1824.46,3,3.1,1,0,1
3400,40,49830,26,Two year,No,22.78,592.28,0,4.3,0,1,0
3401,32,33864,4,One year,Fiber optic,80.97,323.88,2,2.7,0,0,0
3402,41,37857,22,Month-to-month,No,20.28,446.16,2,3.7,1,0,1
3403,34,30780,10,Month-to-month,No,21.44,214.4,0,4.3,1,1,0
3404,37,39013,13,Two year,DSL,39.16,509.08,2,3.8,1,0,0
3405,56,66156,32,One year,No,17.56,561.92,2,3.8,0,1,1
3406,53,65425,43,Month-to-month,Fiber optic,69.79,3000.97,2,3.8,1,0,1
3407,27,30000,1,One year,DSL,43.17,43.17,2,3.8,1,0,0
3408,48,43772,31,One year,No,15.05,466.55,1,3.5,0,0,0
3409,48,55142,16,One year,No,21.21,339.36,0,4.2,1,0,0
3410,28,30000,10,Month-to-month,Fiber optic,75.85,758.5,2,2.8,0,1,1
3411,48,48853,33,Month-to-month,Fiber optic,76.44,2522.52,4,3.2,0,0,1
3412,55,70602,36,Month-to-month,DSL,53.38,1921.68,0,3.1,0,1,1
3413,28,39616,2,Two year,Fiber optic,67.31,134.62,1,3.5,1,0,1
3414,30,36263,8,One year,Fiber optic,75.03,600.24,2,3.1,1,0,1
3415,50,44824,43,Month-to-month,Fiber optic,85.26,3666.18,4,2.8,1,1,1
3416,42,48691,9,Two year,DSL,47.03,423.27,1,3.8,0,1,0
3417,45,58501,28,Two year,Fiber optic,73.27,2051.56,0,4.1,0,1,0
3418,43,44994,16,Two year,Fiber optic,65.97,1055.52,2,3.5,1,1,0
3419,43,58808,21,Two year,Fiber optic,68.65,1441.65,2,2.6,1,0,1
3420,26,41341,1,Two year,Fiber optic,60.91,60.91,2,3.7,1,1,0
3421,50,68309,27,Month-to-month,Fiber optic,77.49,2092.23,1,3.3,0,0,1
3422,51,58441,31,One year,No,20.37,631.47,0,4.7,1,0,0
3423,37,46699,7,One year,Fiber optic,71.37,499.59,1,3.2,1,1,1
3424,39,55313,22,Month-to-month,DSL,50.14,1103.08,1,3.3,1,0,1
3425,25,33579,1,Month-to-month,Fiber optic,68.96,68.96,1,3.0,1,1,1
3426,45,45990,27,Two year,No,26.17,706.59,0,4.5,1,0,0
3427,45,46411,22,Month-to-month,DSL,49.51,1089.22,1,3.9,1,0,1
3428,39,45908,9,Two year,Fiber optic,67.15,604.35,1,3.2,1,0,0
3429,51,45675,32,Month-to-month,Fiber optic,74.26,2376.32,2,2.3,1,0,1
3430,36,39853,3,Month-to-month,No,22.4,67.2,0,4.6,0,0,1
3431,45,58772,24,Month-to-month,DSL,52.6,1262.4,4,2.4,1,0,1
3432,29,30000,1,Month-to-month,No,20.51,20.51,2,4.5,1,1,1
3433,39,56275,19,One year,Fiber optic,71.97,1367.43,2,2.7,0,0,1
3434,38,51978,10,Month-to-month,Fiber optic,75.09,750.9,0,3.5,1,0,1
3435,42,43321,17,Month-to-month,No,28.91,491.47,1,4.0,1,1,0
3436,36,45347,14,Month-to-month,Fiber optic,73.16,1024.24,1,3.4,0,1,0
3437,38,43025,10,Month-to-month,Fiber optic,74.85,748.5,0,3.6,1,0,1
3438,48,62839,27,Month-to-month,DSL,52.32,1412.64,2,3.5,0,1,0
3439,35,47861,2,One year,Fiber optic,71.99,143.98,0,3.4,1,0,1
3440,25,30000,3,Month-to-month,DSL,50.69,152.07,1,3.6,0,0,1
3441,57,66698,48,Month-to-month,Fiber optic,70.44,3381.12,2,2.9,1,1,1
3442,53,56354,50,Month-to-month,DSL,43.97,2198.5,1,3.8,1,1,0
3443,27,32662,2,Month-to-month,DSL,52.42,104.84,3,2.7,1,0,1
3444,46,45174,29,Month-to-month,DSL,41.62,1206.98,1,3.9,1,0,1
3445,34,52985,1,Month-to-month,No,19.24,19.24,1,4.1,0,0,1
3446,42,55320,29,Two year,Fiber optic,68.78,1994.62,0,3.8,1,0,1
3447,42,41081,25,Two year,DSL,35.55,888.75,0,4.0,0,1,0
3448,37,31323,11,One year,DSL,40.68,447.48,1,4.0,1,0,1
3449,32,33914,15,Month-to-month,Fiber optic,75.56,1133.4,1,3.4,1,0,1
3450,33,41476,8,Month-to-month,DSL,45.23,361.84,1,3.7,1,0,1
3451,30,36921,3,Month-to-month,DSL,51.4,154.2,1,3.7,1,1,1
3452,31,46025,10,One year,Fiber optic,78.96,789.6,2,2.6,0,0,1
3453,39,50319,10,Two year,Fiber optic,63.22,632.2,1,3.9,0,1,1
3454,32,44756,14,Month-to-month,No,20.56,287.84,1,3.9,1,1,1
3455,46,53614,18,Month-to-month,DSL,48.37,870.66,4,3.0,1,0,1
3456,54,47885,28,One year,Fiber optic,78.83,2207.24,1,2.9,0,1,0
3457,34,37434,5,One year,DSL,46.34,231.7,2,3.3,0,1,1
3458,42,55480,24,One year,DSL,44.2,1060.8,2,4.0,1,0,0
3459,44,48587,19,One year,No,22.33,424.27,0,4.3,0,0,0
3460,44,53024,14,Two year,No,21.37,299.18,0,4.2,1,1,1
3461,40,42450,14,Month-to-month,Fiber optic,70.36,985.04,0,3.5,1,0,1
3462,47,43761,26,Two year,Fiber optic,68.46,1779.96,1,3.4,1,0,1
3463,44,48013,15,Two year,Fiber optic,74.8,1122.0,2,3.3,0,0,0
3464,27,34472,1,One year,Fiber optic,70.21,70.21,2,3.2,0,1,1
3465,48,47754,40,Month-to-month,DSL,45.65,1826.0,0,4.0,1,0,1
3466,48,51114,22,Month-to-month,No,18.79,413.38,1,3.8,1,0,1
3467,32,30000,6,Month-to-month,Fiber optic,63.43,380.58,0,3.6,0,0,0
3468,40,53953,15,Month-to-month,DSL,45.1,676.5,1,3.8,0,1,0
3469,46,48644,22,Two year,DSL,42.01,924.22,1,3.8,0,0,0
3470,37,53622,18,Month-to-month,Fiber optic,72.44,1303.92,0,3.4,1,0,1
3471,50,67229,35,Month-to-month,Fiber optic,69.23,2423.05,2,3.0,1,0,1
3472,63,67351,43,One year,DSL,38.35,1649.05,1,4.0,0,0,0
3473,32,30000,1,Month-to-month,Fiber optic,78.82,78.82,1,3.4,0,0,1
3474,26,30000,8,Month-to-month,Fiber optic,84.86,678.88,1,3.4,1,1,1
3475,43,36223,21,Month-to-month,No,26.91,565.11,1,4.1,0,1,0
3476,47,41009,36,One year,Fiber optic,64.53,2323.08,0,3.0,1,1,0
3477,37,53027,1,Month-to-month,DSL,49.27,49.27,1,4.4,1,0,1
3478,54,59926,35,Two year,DSL,37.18,1301.3,0,4.0,1,0,1
3479,26,34116,12,Month-to-month,Fiber optic,72.09,865.08,0,3.4,1,1,0
3480,46,33236,23,Two year,Fiber optic,65.19,1499.37,2,3.2,1,0,1
3481,33,30000,8,Month-to-month,DSL,48.53,388.24,1,3.6,1,1,0
3482,57,69096,40,Month-to-month,DSL,49.8,1992.0,4,2.8,0,1,1
3483,59,66294,37,Month-to-month,No,19.51,721.87,0,4.5,0,1,1
3484,32,35822,6,Month-to-month,Fiber optic,74.59,447.54,2,3.0,1,0,0
3485,34,43518,8,Month-to-month,No,22.32,178.56,0,4.2,0,0,1
3486,48,66086,23,Month-to-month,DSL,47.84,1100.32,1,2.9,1,0,1
3487,36,39231,20,Month-to-month,No,25.88,517.6,0,4.1,0,1,0
3488,39,44554,19,Month-to-month,DSL,38.58,733.02,0,3.7,1,1,1
3489,40,46540,19,Month-to-month,No,20.1,381.9,0,4.1,1,1,1
3490,25,49136,4,Month-to-month,Fiber optic,69.66,278.64,0,3.6,1,0,1
3491,39,30000,15,One year,DSL,42.5,637.5,1,3.6,0,1,1
3492,33,43465,4,Two year,DSL,39.37,157.48,0,3.9,1,1,1
3493,35,39081,8,Month-to-month,Fiber optic,74.77,598.16,2,3.1,0,0,1
3494,54,63534,34,Month-to-month,Fiber optic,71.0,2414.0,0,3.4,0,0,1
3495,27,30000,1,Two year,DSL,33.06,33.06,1,3.6,0,1,0
3496,48,52608,24,Month-to-month,No,15.0,360.0,0,3.9,1,0,0
3497,37,47691,11,Two year,Fiber optic,66.84,735.24,1,3.5,0,0,1
3498,37,66903,27,Month-to-month,DSL,42.84,1156.68,3,3.2,1,0,1
3499,47,58464,9,Two year,Fiber optic,64.12,577.08,2,2.7,1,1,0
3500,43,41215,20,Month-to-month,DSL,51.61,1032.2,2,3.8,1,0,1
