Log_Cum_Production,Log_Proppant_LB,Log_Carbonate,Log_Frac_Fluid_GL,Log_GrossPerforatedInterval,Log_LowerPerforation_xy,Log_UpperPerforation_xy,Log_TotalDepth,N_Stages,X_Well,Y_Well,Operator,County
12.23815254,13.92531518,0.779820494,14.76491725,7.926241523,9.135401285,8.825559855,9.061608318,9,-97.56065,32.6365,1,11
12.81044599,13.19179429,0.826583745,14.04512115,7.866722285,9.113609183,8.97055918,9.298351249,6,-97.32242,32.81973,1,13
11.30485524,14.18850757,1.943306929,14.5513091,8.061802275,9.033841828,8.797850649,8.765458532,4,-97.80391,32.72011,1,11
12.92143376,13.54893745,2.046585595,14.66854195,7.571473649,9.145054905,8.991562278,9.251290358,8,-97.57937,32.77724,1,11
11.8697394,14.70730366,0.094671224,15.59848757,7.53796266,9.315330819,8.908018323,9.386979146,8,-97.51588,32.88015,1,13
12.77914322,13.57088797,1.620060397,14.70992862,7.556950572,9.150378031,9.01845321,9.282381925,10,-97.11884,32.80549,1,13
12.52435909,14.18431168,1.326134727,15.02745153,6.551080335,9.133783249,8.878358041,9.254357257,7,-97.52909,32.81567,1,13
13.34280408,14.46573197,2.650047532,15.47774659,7.571988449,9.242032819,8.983439772,9.25636481,6,-97.25944,32.57285,1,13
12.27654509,14.49892099,0.431117538,14.4945507,7.804251384,9.079662048,8.753529337,9.185535253,7,-97.81298,32.90674,1,11
12.62979016,14.48333993,0.240839613,14.71274813,8.191463051,9.102866514,8.809862805,9.278466201,11,-97.52139,32.30935,1,9
13.3065299,15.96964205,1.277527811,15.98982787,7.903965634,9.516353401,9.016148643,9.165343006,12,-97.14869,32.50164,1,9
12.93464247,14.20924041,1.713000224,15.09234936,7.544332108,9.214332393,8.957252944,9.265775079,13,-97.48215,33.13325,1,14
12.46917894,13.7954609,1.092766826,15.23928205,7.486613313,9.398644,8.998507612,9.292381082,13,-97.24765,32.2515,1,9
12.68500504,13.20945808,0.719167268,14.01811992,7.396948603,9.183893722,8.886547413,9.372969295,7,-97.42537,32.32653,1,9
12.20110533,15.07158233,1.098110346,14.70557969,7.206377291,9.194515822,8.604287898,9.174713194,12,-98.11638,32.40946,1,5
11.81711061,13.64460361,1.113527334,14.97396285,7.760467029,9.357034751,9.109635668,9.12314716,6,-97.21142,32.06246,1,6
13.7961422,13.90095404,0.33166287,15.1460279,7.572502985,9.319015389,8.955060951,9.252153875,3,-97.30171,32.63764,1,13
12.69598919,13.79354303,1.283995773,14.52014056,8.070280893,9.194312611,8.9185164,9.168580438,11,-97.44252,32.68779,1,13
13.00429355,14.05249784,0.278329215,14.31695471,7.651595574,9.108529106,8.966866554,9.172638505,5,-97.2967,32.54549,1,9
12.80215811,14.26658618,2.016687692,14.93113334,7.142036575,9.121836973,8.947025656,9.306740866,13,-97.29918,33.03301,1,3
13.26652779,15.18414998,1.272559012,11.83137192,8.068089626,9.260082464,8.915969311,9.287394001,7,-97.30344,32.81923,1,13
11.99998285,14.83370785,0.762149032,14.64569162,8.134760782,9.29293367,8.992184362,9.118773178,9,-97.34721,32.1118,1,6
10.01636971,12.83551562,-0.290499312,13.13149753,7.972810784,8.950532836,8.761393485,9.270023374,3,-98.03894,33.07429,1,8
11.37693391,14.80356366,1.225245103,14.21129294,7.668561108,9.000976444,8.527143522,9.314790473,6,-97.90831,32.2787,1,7
11.16679473,14.55152564,0.099458094,14.34058932,7.819234454,8.994668836,8.769040811,9.226508953,6,-97.6012,32.38379,1,9
13.0532255,14.31810238,1.889257619,14.97639505,8.272059622,9.384125598,9.033603193,9.288226911,12,-97.0455,32.94221,1,13
13.63083022,14.62421608,0.431913149,15.28260142,7.914983006,9.433243894,9.03539157,9.339173244,12,-97.07463,32.61247,1,13
12.29847405,13.77901253,-0.872664142,14.34581052,7.935587386,9.257605564,8.881836305,9.336091577,8,-97.45484,32.30298,1,9
12.4798865,13.66468767,2.584723571,15.40492003,7.811163385,9.141633174,8.809414944,8.911934336,12,-97.4984,32.37836,1,9
11.02874177,13.51589085,2.929506689,14.7752653,8.019612794,9.024131268,8.802372134,8.953510763,5,-97.53878,32.3476,2,9
11.9209606,12.72188581,2.064866094,14.04662228,7.897296473,8.958668737,8.802372134,9.238052811,9,-97.79904,32.69939,2,11
13.01813111,14.03114277,2.199720028,14.87208344,7.909122183,9.099185323,8.87961161,9.08545719,8,-97.52999,32.96321,2,13
11.89546307,14.13498195,-0.250886375,13.93403465,8.174984533,9.064967719,8.59858883,9.094480486,9,-98.18527,32.98365,2,10
12.37728691,14.79150313,0.901411702,14.63479335,7.688913337,9.129455643,8.785845338,9.299906815,12,-97.59321,32.26763,2,9
13.95601744,14.00265381,0.213111432,15.23644786,7.589841512,9.379238908,8.944680684,9.124019666,8,-97.30327,32.64095,2,13
12.27110636,14.24456198,0.875789109,14.11098668,7.776115477,9.207837242,8.868554041,9.193092479,4,-97.605,32.53899,2,9
13.10462498,14.3576953,1.559149189,14.74550299,7.918628653,9.217812387,9.015662793,9.244548543,9,-97.16921,32.56917,2,13
12.04501148,14.14869167,0.374923489,15.04675275,7.346655163,9.132919225,8.80762149,9.252441548,11,-97.48881,32.36187,2,9
12.48905745,13.6127332,1.705303371,14.67531982,8.165932137,9.194515822,8.879054662,9.126958763,13,-97.45254,32.41707,2,9
13.41045537,14.90957084,1.976005665,11.91839057,7.803843304,9.287301413,8.970813341,9.203315757,4,-97.48626,32.44181,3,9
12.65467387,14.04423849,2.068481509,15.23994861,7.853216388,9.305195903,9.112396728,9.107532152,6,-97.20492,33.21264,3,3
12.82298382,14.32353225,1.899793581,15.28032863,8.039802344,9.152181458,8.791790024,9.350971502,6,-97.70945,32.73002,3,11
12.80417536,14.50294143,2.447324357,15.38341998,7.038783541,9.251482315,8.960596139,9.215825302,7,-97.31973,32.22009,3,9
12.34799313,14.56031569,1.724672775,15.22003278,7.170119543,9.163458386,8.823206221,9.401786837,4,-97.78429,32.70352,3,11
12.88677015,15.01439192,2.116471893,11.69524702,7.759187439,9.114930187,8.811056123,9.137769679,12,-97.58169,32.40193,3,9
12.19808584,14.12505196,2.675079037,15.03426576,7.710205194,9.286375058,9.035986985,9.132162591,8,-97.26978,32.21801,3,6
11.6651314,13.76512317,2.994859694,14.36018093,6.811244379,8.880724576,8.61974978,9.035629778,8,-97.81097,32.35312,3,7
12.54974036,13.77572969,1.60707329,14.72502961,7.937374696,9.05998249,8.857230494,9.085343882,4,-97.59534,32.84105,3,11
12.71138912,14.61706361,1.920126868,15.20053887,7.932362154,9.241354426,9.048409505,9.116249449,7,-97.21206,32.20444,3,6
12.3941733,14.59161926,0.268717518,14.84766604,7.495541944,9.192176401,8.872066513,9.392411898,6,-97.62385,32.97353,3,11
11.97787258,14.73379929,2.385820319,15.06429649,7.522940918,8.882114044,8.843615092,9.112507012,11,-97.64373,32.97502,3,11
12.54121543,14.36686373,0.800844019,14.80193016,7.462789157,8.98619632,8.737131612,8.968268811,7,-97.62222,32.23731,3,12
12.96315895,14.04350632,0.283267123,14.86458801,7.768110379,9.291920359,8.902455592,9.223355309,5,-97.50257,32.33923,3,9
14.1827593,14.08694967,2.193045018,15.26578907,7.697121317,9.257700943,8.913953859,9.053686562,11,-97.48352,32.92417,3,13
12.10150071,15.21473077,2.977811079,11.69977011,8.02289687,9.152923101,8.66974259,9.106090351,2,-97.86491,32.65349,3,11
13.00941862,14.56243544,2.626058953,14.55456375,7.41517511,9.058586817,8.845057054,9.044049632,8,-97.50848,32.31827,3,9
12.84227904,14.56068077,1.292101884,14.74412978,7.124478262,9.172742342,8.793308627,8.973984927,7,-97.62162,32.29392,3,12
12.06181536,14.03576995,1.540815452,15.26429087,7.340835554,9.192990734,8.885994315,9.129130317,12,-97.609,32.65837,3,11
12.67733486,14.35934534,1.046638328,14.62130494,7.701652363,9.153029005,8.774931387,8.951440101,11,-97.8134,32.63622,3,11
12.08003879,14.67084291,0.971415308,14.95042199,8.074026216,9.253399861,8.719317376,9.077951184,8,-97.81808,32.60031,3,11
11.88159518,15.1261944,0.342296234,15.15153321,8.002024818,9.217613856,8.935903526,9.226410552,6,-97.35479,32.26788,3,9
13.30354762,14.56692665,0.338951525,15.37723151,7.286191715,9.32527491,8.902999662,9.26860928,4,-97.37017,32.561,3,13
12.81106325,14.14504809,1.734392087,14.91511635,7.532088144,9.230142999,8.879333175,9.160729871,13,-97.5887,32.4642,3,9
13.27652206,13.64602625,0.455502423,14.89153635,6.595780514,9.289151552,8.914222821,9.145588495,12,-97.30846,32.63425,3,13
12.69211263,14.35200393,-1.508183218,15.63499997,8.113726086,9.379998755,9.002701007,9.447781228,7,-97.25242,32.22837,3,6
12.77799243,15.64520787,1.7027651,15.48447093,7.696212639,9.436678814,9.025575834,9.008835996,3,-97.12808,32.45716,3,9
12.91853949,14.70689365,1.780696427,15.45700745,7.892078421,9.172015258,8.935903526,9.415727202,4,-97.36079,33.00696,3,3
12.61823196,14.07787482,2.220149089,14.84134783,7.428927195,9.142489705,8.943767263,9.16293425,11,-97.35986,32.97611,3,13
12.88601553,15.15528967,1.738151588,15.19782903,4.744932128,9.287486581,9.019179867,9.170559502,13,-97.44538,33.20146,3,14
11.89782045,14.04821704,0.163376712,14.77923511,7.576609767,9.172846168,8.881836305,9.2023082,8,-97.42501,32.5196,3,9
12.82456363,14.11561515,1.852414693,14.87713654,7.978653729,9.13583232,8.912473274,9.39199504,2,-97.32605,32.58839,3,13
12.84367276,13.9432008,-0.121931251,14.71470803,7.796469243,9.205629292,9.014082149,9.064505024,9,-97.21742,32.38792,3,9
12.32077984,14.26010791,0.578669183,14.9565704,8.072467369,9.336973023,9.004053938,9.278372782,8,-97.33918,32.39043,3,9
12.05115417,13.92526142,0.471953194,14.82712965,7.843064017,9.114049712,8.842171049,9.152711259,6,-97.51507,32.25057,3,9
13.08009242,14.50700638,0.672489695,14.73219881,8.007034012,9.147613542,8.973858256,9.164086987,11,-97.2539,32.42548,4,9
12.36255489,13.57864833,1.659947251,14.3993896,7.688913337,9.033125753,8.798756583,9.150696519,6,-97.71375,32.72141,4,11
12.92353188,14.34614587,0.012633693,14.71697837,7.434847875,9.118663583,8.966994113,9.364348184,8,-97.24576,33.06846,4,3
13.34544453,15.3168286,1.413578146,15.31388103,8.098034756,9.380504998,9.087607607,9.146335042,7,-97.13418,32.50667,4,9
11.40028294,14.44390586,1.728394927,14.52972427,8.055157732,9.041685006,8.650324504,9.043340831,7,-97.97308,32.88183,4,11
12.49129294,14.36709417,0.312297007,14.35030072,7.918628653,9.011889433,8.59858883,9.142061531,6,-98.06535,33.06831,4,8
11.91758358,13.18121891,1.570891016,13.97852187,7.873217055,8.992557427,8.854664928,9.079092085,13,-97.54234,32.70248,4,13
12.71414548,14.7545486,2.272807552,14.82055036,7.25981961,9.536040512,9.11712799,9.350971502,11,-97.02239,32.51264,4,4
13.27979609,14.38456735,0.648461192,14.72944973,8.195609567,9.189525232,8.98844604,9.077951184,12,-97.26425,32.53152,4,9
13.35675384,14.06279633,1.330806703,15.00272543,7.329093736,9.267571005,8.956093076,9.243001154,9,-97.53384,32.38412,4,9
12.93685515,13.94055605,2.107742168,15.22185604,7.904703914,9.214332393,8.859363449,9.286838343,8,-97.50025,33.0203,4,14
12.87888191,15.14639368,1.896096952,15.18347953,7.251344983,9.239899174,8.870663004,9.22818029,13,-97.54677,32.48684,5,9
14.28520852,12.92269218,1.809104332,14.04788814,7.119635638,9.411565459,8.991935575,9.165970424,11,-97.28186,32.76296,5,13
11.53413886,13.89524553,-0.568951614,14.76782227,8.340694648,9.241354426,9.01225522,9.203215047,9,-97.35515,33.25605,5,3
12.62135936,14.39828468,1.553972848,14.97819376,8.301769763,9.257414779,9.059168584,9.133459328,6,-97.34158,33.18561,5,3
11.9212199,14.48877182,0.726393399,15.63126972,8.214735833,9.081256219,9.040737588,9.010669177,11,-97.40153,33.36668,5,14
12.30631157,15.05452227,2.322484923,15.32228299,7.655390645,9.043340831,8.722580021,9.046879823,8,-97.68257,32.44848,5,7
12.85593386,14.6908472,0.22857088,14.68416362,7.319202459,9.222565342,9.011889433,9.177507215,5,-97.15197,32.5214,5,9
13.20725768,14.967523,2.263429449,13.81551056,8.289288323,9.081369991,8.795733606,9.246865147,10,-97.59125,32.40052,5,9
9.511259447,12.75902054,2.206667434,13.82883933,7.591861715,8.915566546,8.786456678,9.165029149,8,-97.71267,32.746,5,11
11.8384523,13.42984808,1.211579886,14.45672108,8.033009499,9.365975664,9.272375763,9.103756887,12,-97.03563,33.1204,5,3
11.83111007,13.84506936,-0.872975437,14.10518988,7.605890001,9.257987025,9.040737588,9.29320985,4,-97.13016,32.26533,5,9
11.86146743,13.55801104,1.718812742,14.29379481,8.111928063,9.017726026,8.821732381,9.226705726,8,-97.65831,32.91418,5,11
11.31510847,13.83236768,2.058841024,14.13163722,7.513163545,9.050758302,8.931948346,9.208338369,8,-97.34808,32.21215,5,9
11.2256833,13.53288369,0.378965132,14.58374109,7.358830898,9.126415137,8.878358041,9.235715678,12,-97.65613,32.90397,5,11
13.6411905,14.84413412,1.91714294,15.42308514,7.828834528,9.158836529,8.835355971,9.182763604,8,-97.75171,32.70631,5,11
12.23248086,13.6950364,1.388745152,16.33208495,7.536363938,9.216918687,8.947936107,9.172119159,8,-97.54911,33.09826,5,14
11.90846818,14.92914281,1.828921627,14.64356793,7.992944547,9.111403624,8.608130186,9.204121072,13,-97.97437,32.88186,5,11
12.58108198,14.56584115,1.480183789,15.10923503,7.395107547,9.049584593,8.879054662,9.178952899,7,-97.67368,32.50481,5,7
11.61986773,13.96406676,2.440815319,14.99232448,7.087573706,9.212837252,8.830543011,8.835064935,4,-97.60663,32.93933,5,11
12.57493255,14.00281966,1.590719193,14.78808332,7.210818453,9.103868127,8.77801781,9.191667107,4,-97.76345,32.78555,5,11
10.94142939,14.11260173,0.854029599,15.32947096,7.95927596,9.29007534,9.08545719,9.077151778,7,-97.20184,33.16387,5,3
12.10121756,13.77728935,1.867983287,14.29137075,8.146709052,8.991437815,8.865029187,9.064157862,6,-97.63831,32.70852,5,11
13.05520169,12.73243002,0.554817347,14.09544419,7.408530567,8.993551586,8.859505485,9.275847174,14,-97.54094,32.94478,5,13
12.98536771,14.83985178,1.471935226,14.70587283,7.714231145,9.098290868,8.890135108,9.319822383,6,-97.41875,32.43194,5,9
13.65277984,15.06298327,0.887906858,15.10857936,7.7164608,9.162199997,8.978408315,9.390993872,7,-97.20743,32.47552,5,9
13.12270532,14.6629227,1.63338666,15.60366454,8.085794701,9.256269304,8.939187601,9.180087329,14,-97.28054,32.99616,5,3
12.07068238,13.65156355,2.48554731,14.63631453,6.431331082,9.254931255,9.059517482,9.172119159,8,-97.21462,32.15646,5,6
12.92262136,14.18556953,0.65763427,14.8832058,7.278628942,9.200794959,8.948975608,9.263881139,6,-97.26591,33.07286,5,3
12.19975272,13.59316044,2.09800724,14.70700519,8.119696253,9.068200605,8.757783656,9.075665469,4,-97.78465,32.37815,5,7
12.12481378,13.77729973,-0.712576885,14.54131852,8.032684876,9.366317953,8.946374826,9.210840247,6,-97.58547,32.98569,5,11
11.86850681,12.44705611,3.076101667,12.75419405,8.794824928,9.043577154,8.699514748,9.01371703,12,-97.9536,32.89097,5,11
12.0040299,15.26200592,1.679802264,12.66032792,8.185907481,9.371012597,9.024131268,9.358501723,13,-97.1362,32.40445,5,9
12.74419335,14.21671661,0.815790298,15.02180526,8.376781038,9.244741799,9.017483513,9.033603193,2,-97.38647,33.11617,5,3
12.20529735,14.07402125,1.752569541,14.61078012,7.924795914,9.028218795,8.71489585,9.243484971,8,-97.79818,32.51173,5,7
12.13418452,14.29693806,1.864962996,15.40965654,7.676009932,9.287301413,8.898638794,9.33996414,13,-97.46016,32.89046,5,13
12.19953633,14.07787482,0.49830397,14.69050918,7.818430272,9.115040192,8.859363449,9.030735123,3,-97.63102,32.61446,5,11
10.60154764,13.596303,1.060428342,17.40849076,7.715123604,8.756525003,8.317521996,9.307467083,5,-98.33205,32.5093,5,5
13.43827133,14.61607703,1.456433103,15.16832156,8.107720062,9.342858752,9.071078305,8.907747687,8,-97.09508,32.50401,5,9
13.45881847,13.98398671,1.386111005,14.68242279,7.458186157,9.358932776,9.025214888,9.06762407,12,-97.17837,32.55113,5,13
12.77873157,14.92199644,1.654868148,15.16414355,7.410951876,9.118225083,8.677609913,9.341368634,9,-97.9023,32.74447,5,11
12.39466202,14.25344286,1.797894954,14.96095109,8.117312462,9.159257582,9.059517482,8.947546015,12,-97.15688,33.08399,5,3
11.11459485,12.67074961,0.178616688,15.23740514,8.02289687,9.312445595,9.097171674,9.103868127,5,-97.09592,32.35933,5,9
11.75602065,14.68818372,1.070833402,14.44776696,7.650644551,8.920255415,8.691146499,9.36091323,4,-97.73943,32.42976,5,7
13.16467546,14.28563918,1.833326927,15.00423408,7.017506143,9.157150543,8.924523226,8.992930353,9,-97.30581,32.97633,5,13
13.41252836,14.53761053,1.649115917,14.61498609,7.761319181,9.36391946,8.942460927,8.987696696,13,-97.40253,32.4069,5,9
13.10091704,13.96866074,2.132770031,14.68282783,7.458186157,9.183893722,8.930361884,9.34417172,13,-97.26756,32.76909,5,13
11.89056021,14.231058,0.276729463,15.03302348,7.371489295,9.116469156,8.71078434,9.23415455,4,-97.82407,32.58846,5,11
12.04411826,14.84883738,-1.082294298,14.5769956,7.534762657,9.112727543,8.762489547,8.973351414,4,-98.01635,33.11362,5,8
12.68569549,13.81150254,2.207662359,14.65989618,7.593374193,9.078293591,8.927446816,9.123692565,6,-97.37034,32.95475,5,13
13.08836389,13.64531518,1.998306163,14.45306469,7.729295674,9.230829038,9.016391479,9.22078563,2,-97.33722,32.92034,5,13
13.54115134,14.47983122,1.912530454,14.91335655,7.247080585,9.280798836,8.844192126,9.179881164,6,-97.47413,32.34791,5,9
13.61291323,14.58737418,1.780263624,15.00417742,7.897296473,9.279399908,8.910990495,9.169518377,2,-97.42129,32.39621,5,9
12.92876649,14.13025195,2.08880413,14.2956155,7.83991936,9.058586817,8.824677891,8.929037906,14,-97.56308,32.59088,5,11
12.57748102,14.33530385,-1.13492503,14.45930572,7.421775794,9.071078305,8.845057054,9.22177475,12,-97.56316,32.59088,5,11
12.45287803,13.6759036,1.116826586,14.89059625,8.098946749,9.103868127,8.699014623,9.208739091,4,-97.70305,32.49692,5,7
12.21342058,15.00311005,0.339898864,15.19355599,7.923710334,9.381095292,9.103868127,9.124237673,9,-97.31321,33.29246,5,3
10.90881428,14.68235891,1.305514741,14.28550794,7.918628653,8.906528918,8.655911111,9.185227671,5,-97.85804,32.46785,5,7
12.42366079,14.99968873,1.009974951,15.02163105,7.569411792,9.419384999,9.002331708,8.980172206,7,-97.30217,32.6541,5,13
12.80025824,14.8633908,2.129989088,14.89558542,7.656810091,9.44888472,9.047468439,9.1616752,8,-97.30234,32.65417,5,13
12.22984288,14.81172091,0.032320728,14.96292825,7.414572881,9.261223582,8.840724917,9.079548082,4,-97.57217,32.30696,5,9
12.02027305,14.61796047,0.821249568,14.50341401,7.398174093,9.195226734,8.94428932,9.222071295,8,-97.74587,32.39035,5,7
12.23152594,14.2044397,1.968913379,14.10180617,7.646353722,9.074520649,8.730690366,9.171599544,7,-97.86868,32.82115,5,11
11.99148613,14.26607649,1.650750116,14.13310428,8.07184315,9.097395613,8.711113884,9.427385365,10,-97.91087,32.81326,5,11
12.39761407,14.9843949,2.049330739,15.04343736,7.87359779,9.335650563,9.036582046,9.401208635,10,-97.13299,32.52397,5,9
12.00872476,14.23484767,2.463994096,14.53755127,6.210600077,9.127502094,8.9226583,9.377548291,9,-97.63039,32.52966,5,7
11.70481774,13.98440909,1.818289341,13.99029881,8.387084506,8.97866049,8.70450229,8.955835144,11,-97.78179,32.35605,5,7
13.41072822,14.37276928,1.777434214,15.1474765,8.111328003,9.276315361,8.904630097,9.049232212,8,-97.36259,32.55752,5,13
13.27844191,14.15226847,2.274066372,15.05414215,8.464635941,9.241548299,8.933136544,9.270682601,12,-97.34144,32.4252,5,9
12.25635693,14.77960049,1.451501381,14.83281445,7.940939762,9.028818495,8.615589513,9.19907718,12,-97.95442,32.7512,5,11
12.86292922,14.14477186,1.584758611,15.09298175,7.784889296,9.3284789,8.974744613,9.216819338,3,-97.35459,32.5054,5,9
12.62589092,13.68483223,1.729223129,14.41606865,7.791109511,9.131729971,8.907206195,9.196951135,12,-97.34779,32.82301,5,13
13.58231793,14.53372345,1.334783576,14.8504309,7.753623547,9.252153875,9.007856923,9.087268374,3,-97.23696,32.50498,5,9
12.8512552,15.67265194,2.208412656,15.40813715,6.551080335,9.263881139,8.767017621,8.911934336,4,-97.64216,32.42719,5,7
12.76210201,14.41927993,-1.016187463,15.36065952,8.051659557,9.276128113,9.069237531,9.062652099,7,-97.27187,33.01131,5,3
13.45810678,13.83765456,0.641241055,15.34385771,7.427144133,9.190647739,8.935903526,9.15334665,12,-97.22748,32.52291,5,9
13.52482398,14.86570541,0.908409519,14.86432948,7.78113851,9.237955539,8.904358542,9.332823456,13,-97.36373,32.52533,5,9
12.83035463,14.33098934,-0.402923592,14.86179533,7.742835955,9.276408972,8.827321453,9.283869605,10,-97.54664,32.38149,5,9
12.60627057,15.00405495,2.0934302,15.56499003,8.045908742,9.398478314,9.179881164,9.269080867,2,-97.12064,32.06578,5,6
11.9988209,14.09767745,0.672236361,15.48321738,8.10832229,9.381348169,9.062883903,9.124237673,12,-97.25822,32.03593,5,6
13.81804435,13.83286902,2.115017778,15.15315864,8.074649075,9.366745651,8.965590067,9.080573314,6,-97.24471,32.44599,5,9
11.19283039,13.59859756,1.016300818,14.03865411,7.932721027,8.879193928,8.639410824,9.413281216,2,-97.91908,32.73049,5,11
13.35790653,15.01348541,2.265014297,15.18350397,7.762170607,9.400133944,9.033006357,9.23415455,10,-97.19173,32.60506,5,13
12.96657469,14.87125084,2.008593639,15.02923744,7.64921632,9.268797942,8.963928194,9.271059107,6,-97.28419,32.60179,5,13
11.61012477,15.31843173,2.511993939,17.33899141,7.960672608,9.050758302,8.682877107,9.084663764,9,-97.71387,32.33248,5,7
12.23850111,15.68274849,3.043586308,15.41308801,7.787796878,9.196849782,8.664578178,9.058237594,13,-97.66445,32.34364,5,7
13.22818179,15.87711903,2.14484159,15.70528594,7.301147806,9.523251498,9.042276687,9.000113046,4,-97.15361,32.49936,5,9
12.71016968,15.08751577,1.312918299,14.63903842,7.481555702,9.094143578,8.578664514,9.093132171,4,-98.05125,32.42756,5,5
13.44074292,16.56098499,-0.579127913,15.70429026,6.995766156,9.534233826,9.053335623,9.208839246,9,-97.15375,32.49929,5,9
13.02497103,14.51885012,1.143508298,14.50075056,8.343315881,9.245321341,8.977651408,9.218308542,6,-97.29389,32.52173,5,9
12.35165674,14.96963639,1.736520836,15.8743118,8.084562415,9.420601297,9.083075021,9.055439411,3,-97.35325,33.32863,5,3
12.31771688,15.25974594,1.063296059,15.36584539,7.751475318,9.317219734,9.037771107,9.209339872,8,-97.13308,32.4725,5,9
11.84442105,13.37914903,0.087459106,14.46499473,7.664815785,9.189525232,8.837971491,9.187787968,8,-97.57465,32.44771,5,9
11.54361954,11.73706852,1.676006733,14.43374236,7.714231145,9.198166571,8.844336333,9.241354426,3,-97.56024,32.21435,5,9
12.81672641,14.01923558,1.956933041,13.77939622,7.454719949,9.115150185,8.959954084,9.122273893,9,-97.27981,32.56741,6,13
11.10980261,13.65369726,1.779020517,14.25244332,7.902487437,9.236592743,9.091106284,9.096611607,7,-97.07652,32.36225,6,4
10.87043338,12.98007605,1.735205169,14.34615881,7.534228326,8.884194633,8.662331957,9.096723645,9,-97.72288,32.15827,6,1
12.32283739,13.96047633,1.703671527,14.62921027,7.917171989,9.160099156,8.935245415,9.193295937,7,-97.33024,32.62687,6,13
13.14633183,14.48487721,1.017701265,14.78953572,6.047372179,9.249849505,8.974618038,9.258654232,6,-97.36494,32.42588,6,9
11.65860897,13.8264505,-0.243774879,14.69183893,7.549609165,9.274066063,9.097059686,9.316230747,3,-97.32285,33.22844,6,3
13.73636561,14.67738734,1.204795944,15.58116422,7.423568444,9.261033486,8.930626469,9.258940042,7,-97.32471,32.98306,6,13
13.52366918,14.26696827,0.842168605,15.18260528,8.364508104,9.159047078,8.925321417,9.28126471,8,-97.32491,32.98315,6,13
13.45834835,13.74059303,1.562936216,14.96602815,7.273786318,9.132054454,8.89781901,9.330343164,3,-97.47365,32.93392,6,13
13.18510341,14.69259341,1.149180318,9.61580548,7.283448229,9.070158341,8.824824939,9.268420583,12,-97.55757,32.40705,6,9
12.68371577,14.01738961,2.371234536,14.91578014,7.605890001,9.124237673,8.945202264,9.173053787,9,-97.38235,32.99528,6,3
12.59995088,14.70059954,1.298947339,14.89544958,7.326465614,9.230142999,8.794824928,9.186047679,9,-97.54404,32.35245,6,9
13.12190327,14.96540862,0.00841412,15.13855677,8.029432841,9.396404915,9.070503427,8.935903526,7,-97.09378,32.47626,6,9
12.51283282,14.15269683,-1.341767165,15.00941484,8.099250562,9.254357257,9.131946305,9.245610986,8,-97.35273,33.13311,6,3
12.18131366,13.99586518,0.551106992,15.2359179,7.956476798,9.141847376,8.857230494,9.255504924,12,-97.51318,32.68688,6,13
12.25735019,13.88238385,1.237923327,15.21084543,6.484635236,9.126197604,8.851377098,9.131297165,9,-97.51815,32.68591,6,13
12.65453338,14.11636302,1.523221086,14.98382613,7.959625305,9.183996397,8.985946039,9.200290036,3,-97.39152,33.08194,6,3
12.65961338,13.81083967,2.113536166,14.91471667,7.313886832,9.132378831,8.935903526,9.03503415,12,-97.42417,32.87613,6,13
11.01394606,10.07878449,2.137457096,14.26829809,6.936342736,9.058935918,9.032170186,9.154193211,7,-97.34467,33.1832,6,3
12.6679748,13.44367847,1.926969385,14.57895496,7.525100746,9.055205875,8.816260209,9.269080867,4,-97.54867,32.59656,6,13
12.30158735,13.38469072,1.234931629,14.49839829,7.518607217,9.217613856,8.955319082,9.149103063,9,-97.31828,32.19324,6,6
11.52824748,14.35337025,1.56051855,15.33450634,7.467371067,9.365633256,9.103868127,9.134754385,3,-97.26433,33.29725,6,3
12.26460095,13.81641015,2.497238037,14.99107278,7.604894481,9.236397906,8.947676062,9.196748418,11,-97.31835,32.19326,6,6
12.29755277,13.55154501,1.860054672,15.86632112,8.15075647,9.169726689,8.890548246,9.335385861,13,-97.49907,32.39274,6,9
12.68265149,14.64787257,1.771429634,14.69120177,7.33432935,9.126958763,8.820994646,9.391828248,7,-97.54628,32.36448,6,9
11.57342773,14.04549625,1.746017572,10.81977828,7.748028524,9.026417534,8.719317376,9.105535258,2,-97.94031,33.06948,6,8
12.81135536,13.98172899,1.819661746,14.10070003,7.632885505,9.121509158,8.952864142,9.222268943,8,-97.53693,32.44299,6,9
12.88771136,13.70076391,1.167822003,14.85311303,7.5416831,9.181220473,8.832003931,9.035986985,12,-97.54797,32.77887,6,11
12.22540948,13.74840875,1.636254682,14.83647261,7.714231145,9.194515822,9.010424947,9.214232787,9,-97.24272,32.27894,6,9
11.82681607,14.01681741,1.80651692,14.68861651,7.258412151,9.123038044,8.88322423,9.066470002,7,-97.76455,33.13925,6,14
12.00959537,14.31689172,1.357269038,15.25058508,8.157370441,9.210340372,9.047350743,9.33273498,12,-97.24497,33.12536,6,3
11.72757706,13.65843561,2.353684573,14.42366505,7.959625305,9.059517482,8.866581653,9.435881048,13,-98.0904,33.15913,6,8
12.04934866,13.6649946,0.85178999,13.44038356,7.723120092,9.039552051,8.862908295,9.119320974,7,-97.49875,32.49501,6,9
13.20801984,15.53359729,0.419049224,15.66264418,7.53369371,9.411728991,9.017968479,9.162199997,6,-97.1709,32.49345,6,9
12.84274735,14.06475763,2.156293669,14.74530411,7.086737935,9.158836529,8.863757192,9.121836973,13,-97.41582,32.63492,6,13
12.8011521,14.0278358,2.57869853,15.17838992,7.456454555,9.230535079,9.013595295,8.931816237,2,-97.56684,33.23171,6,14
12.58063171,14.09643233,1.347041416,14.68695705,7.482681828,9.235032985,9.053218616,9.197964101,12,-97.37321,33.14109,6,3
10.94432948,13.3046916,0.96917483,14.46085833,7.722234745,9.293025739,9.264260214,9.316680408,3,-97.37403,33.36284,6,3
12.6852435,14.7091466,-0.359722006,15.07360728,7.5416831,8.999866224,8.717682052,9.191361405,11,-97.66777,32.39997,6,7
12.16062539,13.77468856,0.704922634,14.4706256,7.229838778,9.029297997,8.853379673,9.250041739,3,-97.55864,32.68149,6,11
12.7839212,14.03007905,2.705884824,14.75493718,7.057036982,9.188401464,8.890272839,9.107421318,7,-97.53888,32.68208,6,13
11.31094391,13.1235307,1.38302832,13.97473236,7.468513271,9.01541978,8.878079256,9.282195809,8,-97.5953,32.73545,6,11
12.61941002,14.86894659,1.698720876,14.7300774,7.291656209,9.142061531,8.834191318,9.179984252,7,-97.52997,32.49379,6,9
13.3552307,15.28819842,0.109509106,15.1694031,6.86171134,9.226705726,8.852950887,9.206332351,8,-97.43913,32.51599,6,9
12.80747727,14.86599366,1.884986577,12.27373129,7.607381426,9.426902312,9.076808979,9.232590981,2,-97.11451,32.4555,6,9
10.70629599,13.15869531,2.111798383,14.5139139,7.40671073,8.975883061,8.444192299,9.272939514,10,-98.22874,32.11144,6,5
12.14287722,13.46453364,1.15529044,14.57703482,7.50659178,8.909235279,8.400659375,9.238927829,8,-98.18728,32.10404,6,5
11.34786212,12.20306814,1.740081621,13.46650612,7.99193052,8.602636673,8.39705739,9.294405747,4,-98.20537,32.11839,6,5
12.1056665,13.69447223,2.78414292,14.74000277,7.688455357,8.896998553,8.385716829,9.347926035,9,-98.17032,32.11004,6,5
12.02264848,14.26135404,2.114358986,15.22592322,8.186464429,9.144627829,8.909235279,9.212837252,10,-97.68275,33.09212,6,14
12.78983734,13.97037527,1.178312265,14.50804755,7.601402335,9.114269903,8.916774356,9.195835686,8,-97.36123,32.37684,6,9
12.56280609,14.15554786,1.156966072,15.14150381,8.154787573,9.17616292,8.857799727,9.284426915,3,-97.60077,32.86445,6,11
11.80234353,14.59455558,1.656675005,14.96709283,7.762170607,9.064157862,8.592486175,9.114159814,4,-97.61744,32.31774,6,12
12.33361237,14.1563447,1.425026252,15.01391026,7.882314919,9.31784858,9.017968479,9.200693995,12,-97.40718,33.26657,6,14
13.20798863,13.55034116,2.067851078,14.81598949,7.654443226,9.200290036,9.039552051,8.952346543,6,-97.20978,32.30642,6,9
12.6604168,14.78507662,1.741496639,15.09996985,8.14031554,9.024613022,8.725020039,9.139917908,9,-97.63847,32.37145,6,7
13.4816519,14.25983734,0.887861375,15.37077524,8.065579427,9.263975921,8.964951212,8.996404301,2,-97.21045,32.54335,6,9
13.13573952,14.48012142,1.509045816,15.21319431,7.753623547,9.185330209,8.887790764,9.261508659,6,-97.43675,32.33602,6,9
13.36765817,13.93804761,1.354377121,14.96395247,7.461065514,9.17616292,8.912203842,9.280798836,5,-97.44965,32.8646,6,13
13.56487761,14.02530946,2.298053982,14.97010045,7.491645474,9.255887187,8.983188799,9.135077887,7,-97.28452,32.57858,6,13
12.73120642,13.52304372,0.621042069,14.59616849,7.814803429,9.22078563,8.87626526,9.18962733,11,-97.54796,32.77884,6,11
12.50685479,13.45883561,-0.105394574,14.3415282,7.629489916,9.267476563,8.824677891,9.252057965,9,-97.60037,32.76208,6,11
12.75608533,14.01747133,1.719685562,15.13917178,7.935587386,9.250137842,8.909235279,9.127176131,12,-97.55846,32.75274,6,11
13.13965894,13.20434144,0.193094469,14.91551388,7.772331575,9.120196822,8.888756748,9.197457746,6,-97.55151,32.95675,6,11
12.76247757,13.30468493,2.175687451,13.98375347,7.582738489,9.132162591,8.887376485,9.17616292,7,-97.54514,32.96597,6,11
12.20130128,13.55084164,3.188372275,14.73970279,7.719573989,9.10919319,8.893435441,9.263881139,8,-97.47164,32.69006,6,13
12.59575045,14.4916133,1.414131981,14.90840051,8.094073148,8.989070065,8.741615924,9.299541017,12,-97.67529,32.23952,6,12
12.07243839,13.65239851,1.736592322,14.50601224,8.084254106,9.306195858,9.108307646,9.139917908,11,-97.21185,33.08257,6,3
12.44951282,13.82367712,2.040709649,14.58677367,7.608374474,9.225819943,9.040263542,9.301094735,6,-97.22379,32.16564,6,6
10.44190889,13.84030073,2.077606616,14.64642901,7.844240718,9.127284797,8.813587204,9.114710141,7,-97.73752,32.74737,6,11
12.4540727,14.22762021,-0.306853491,14.55144995,7.43838353,9.146867949,8.972083183,9.263407093,11,-97.33999,32.36235,6,9
12.54733695,13.51516194,0.74353555,14.77606924,7.583247524,9.060911858,8.926650321,9.086476385,3,-97.42962,32.99653,6,14
11.73421129,14.18907212,1.43913222,14.96179238,7.016609684,9.146228427,8.962776046,9.18860588,7,-97.26756,32.39382,6,9
13.15016724,13.83236768,-0.10224836,14.75575841,7.700747795,9.087833697,8.918650278,9.068892008,8,-97.35706,32.97512,6,13
13.04960772,15.0761028,-2.348628693,15.30655945,7.77443551,9.206332351,9.017968479,9.080801001,8,-97.17628,32.42862,6,9
12.97736535,14.31790877,-1.729242288,15.45334815,7.780720886,9.250233936,8.840145878,9.183996397,2,-97.48924,32.57701,6,13
12.9258082,13.83529358,1.316902328,14.88545585,8.287025025,9.08000387,8.827907963,9.059633755,12,-97.56456,32.60815,6,11
13.09367991,14.44144899,1.829049068,14.53918694,7.428333194,9.259130536,8.963800243,9.204825191,6,-97.36221,33.0013,6,3
12.80617209,14.42009971,1.424193237,15.2487281,7.644919345,9.146228427,8.9226583,9.295140974,8,-97.41091,32.95291,6,13
11.64861827,14.52818288,1.458574754,14.12656828,7.016609684,9.006999448,8.805375139,9.162409838,5,-97.77466,32.68933,6,11
12.78022794,15.17515289,1.72992521,14.93207671,7.693937326,9.254357257,8.781094735,9.25502689,8,-97.57854,32.25142,6,9
11.92347098,14.47342219,0.541124255,13.59236701,7.361375429,8.85509298,8.683724062,9.382864086,12,-98.05031,32.97989,6,11
12.37458682,14.93705782,2.179735727,14.42439857,7.641084249,9.142061531,8.737933858,9.197660319,11,-98.03249,33.10355,6,8
13.21467452,14.80727975,0.736685904,14.8341918,7.921898411,9.328123408,9.023408203,9.157993892,8,-97.12661,32.53313,6,9
13.46730394,15.53017298,2.770307657,16.02491993,7.31521839,9.28451977,8.849370504,9.303830715,7,-97.4618,32.51816,6,9
12.05755524,13.04186023,2.219355574,11.72803684,7.296413269,9.190137665,8.84101431,9.439943018,7,-97.58521,32.48952,6,9
11.70764485,13.27861813,0.953480858,10.08580911,7.444248649,9.174920427,8.849800827,9.266248004,14,-97.58526,32.48952,6,9
13.36008968,14.28087846,1.107929963,15.00984627,8.044305407,9.296426321,8.92691589,9.232395363,2,-97.43744,32.3954,6,9
12.68761878,15.06012614,1.63216755,13.13767358,7.501082124,9.115480091,8.69282576,9.258082368,4,-97.80234,32.38962,6,7
12.59921885,13.81188399,1.593916897,14.77948684,7.578656851,9.252345666,9.093806556,9.234252192,4,-97.51431,32.69257,6,13
13.5694962,14.34519366,-0.211583589,15.03238932,7.770645234,9.223947375,8.961750799,8.826734598,10,-97.28433,32.57857,6,13
13.16771717,14.04168711,1.872242613,14.92826635,7.538494999,9.090430075,8.939187601,9.26926944,6,-97.25918,32.64986,6,13
13.43821008,14.73284954,1.744416767,15.19545228,7.527255919,9.299541017,9.089414904,9.160204302,5,-97.0988,32.51209,6,9
12.45261627,14.23624319,2.196910177,14.90353095,7.869783903,9.073489189,8.925055424,9.002824077,3,-97.25913,32.64993,6,13
11.51887772,13.33884479,0.800920121,14.41290756,8.294799359,9.059517482,8.605204069,9.058819564,11,-97.85058,32.33573,6,7
12.99553405,14.21609578,3.10396698,15.17928166,7.787382026,9.295967458,8.982058643,9.308374112,7,-97.25026,32.6428,6,13
12.73158489,14.03012746,1.922185822,14.85941742,7.868636894,9.147187557,9.029417836,9.098738195,4,-97.25164,33.06562,6,3
12.16505271,14.33072653,1.2098452,15.29227431,7.883069351,9.431722373,9.248599084,9.306104994,11,-97.03981,33.11809,6,3
13.08315674,14.65137184,-0.256089814,15.36521036,7.60339934,9.480367509,9.171599544,9.200895913,13,-97.09271,33.15448,6,3
13.19147891,14.40541054,1.14264188,14.93318206,7.901747519,9.210740292,9.005773206,9.082279702,2,-97.26638,33.06722,6,3
13.83185525,14.53637018,1.711217033,15.67482306,7.129297549,9.299723933,9.045937316,9.071997422,4,-97.26011,32.77208,6,13
13.1011377,13.41622631,1.712137607,14.22051689,7.868636894,9.271059107,8.916640227,9.158520623,13,-97.44667,32.38593,6,9
12.83809148,14.59904674,1.081475075,12.44508955,6.091309882,9.24425859,8.937481228,9.443038136,9,-97.43744,32.3954,6,9
12.62944316,13.47863824,0.80512059,14.35207059,7.440733707,9.15377002,8.88322423,9.48372066,4,-97.44617,32.34678,6,9
12.62970833,13.84312572,1.748736495,14.78780651,7.651595574,9.294221856,9.00675432,9.258177701,11,-97.37655,32.37307,6,9
13.74080856,14.88380109,-0.975119546,15.37275962,7.883823215,9.224539091,8.837826364,9.168893182,7,-97.49037,32.33086,6,9
12.71336604,13.19932442,1.28151248,13.99469553,7.69802917,9.09403125,8.860073424,9.101975347,8,-97.44745,32.55233,6,9
12.98210081,14.55520825,1.358712589,15.41845986,7.507690078,9.190647739,8.913953859,9.237760968,6,-97.29421,32.65192,6,13
12.3271879,14.39747587,0.61333746,9.61580548,7.392031568,9.003685138,8.827614751,9.116029693,8,-97.68377,32.56118,6,11
13.38688531,13.9715908,1.378154134,14.97971831,7.643003636,9.182660803,8.926650321,9.133459328,7,-97.30952,32.63458,6,13
13.45676776,14.38738631,1.824665201,9.61580548,7.194436851,9.26926944,8.968268811,9.12608882,6,-97.30966,32.63466,6,13
11.60946217,13.31364468,1.674876636,14.10292985,7.99125393,9.187583385,9.100525506,9.260653186,9,-97.12191,32.31885,6,9
12.53946514,14.11709554,1.037096447,14.9107204,8.242756346,9.1454818,8.874727766,9.187071745,12,-97.49144,32.3786,6,9
11.34847526,12.91282683,1.054465332,14.19550195,7.431891917,9.103200496,9.036938913,9.1378772,11,-97.26047,32.63745,6,13
11.86672528,13.78709462,-0.100428773,14.50983205,7.252762418,9.124019666,8.998754769,9.200290036,4,-97.24198,32.64262,6,13
13.26099076,13.60954364,0.133310481,14.96055022,7.670428522,9.256937657,8.985320061,9.171807422,7,-97.26943,32.5693,6,13
11.78562841,13.56070863,0.623560345,14.54501088,7.751045118,9.043813421,8.844336333,9.198773736,4,-97.5098,32.72786,6,13
12.40893594,13.91661302,1.000995395,14.22655209,7.651595574,9.28451977,9.112727543,9.251962047,10,-97.31676,33.18555,6,3
11.62711985,13.54782848,1.403151808,14.56442352,7.72841578,9.31343833,9.146335042,9.240675572,7,-97.31706,33.18581,6,3
13.24572549,14.32399665,2.335143298,15.46191703,7.772752716,9.126523886,8.81774213,9.225819943,2,-97.52442,32.79252,6,13
12.33541088,13.94895695,1.868972936,14.91647807,7.286191715,9.100525506,8.826147399,9.251194366,4,-97.51984,32.62686,6,13
12.92873737,13.40410786,1.291140715,14.34563986,7.648263031,9.186457432,9.074864232,9.061492275,7,-97.47211,32.57661,6,13
11.86344852,13.79479752,1.708425975,14.69581757,8.28172399,9.197255132,8.995908761,9.053686562,3,-97.22588,33.0561,6,3
13.10839832,14.699526,1.367642168,15.4716244,6.396929655,9.268797942,8.854522204,9.295600216,7,-97.47386,32.40613,6,9
11.37407711,14.29565014,0.685763524,15.02675129,7.514254653,9.088511664,8.691482577,9.162199997,4,-97.75327,32.3447,6,7
11.70942931,14.17346468,1.00589284,14.7593433,7.847371836,9.074749718,8.885994315,9.254165852,8,-97.68139,32.58274,6,11
10.49984846,14.34340508,1.475219572,14.89484556,7.965892735,9.108750516,8.82834762,9.201804041,9,-97.6244,32.85274,6,11
13.00414275,13.8362931,1.149254313,14.81143875,8.055475142,9.219300113,9.022322623,9.120525068,8,-97.2924,33.1549,6,3
13.17666783,14.27036375,1.586019047,15.24535136,7.644440762,9.245900547,9.005773206,9.221379219,12,-97.24274,33.08522,6,3
12.22833303,13.77832777,0.631302767,16.27239001,7.905072849,9.230633075,9.044993919,9.114049712,12,-97.41544,33.20677,6,14
11.7077683,13.82070703,1.838822337,14.47994031,7.185387016,9.048056709,8.867850063,9.322150047,2,-97.61674,32.635,6,11
12.6648036,14.53539704,1.520506307,11.5959238,7.783640596,9.189116736,8.950273467,9.183277452,8,-97.36881,32.53516,6,9
13.51104171,15.40719175,2.716621599,11.78531622,8.084562415,9.238247325,8.937218451,9.303375238,5,-97.23153,32.78372,6,13
13.32527157,14.61391825,1.077421876,15.16445969,5.605802066,9.291828189,9.012742728,9.106977859,8,-97.18997,32.58224,6,13
13.45036268,14.81193212,2.466634988,15.42435509,7.549609165,9.35357454,8.989444293,9.181632208,8,-97.28756,32.46381,6,9
14.0088281,14.63382235,1.724363587,15.13342061,7.488293515,9.265869682,9.010669177,9.048409505,13,-97.24981,32.4642,6,9
12.25725993,14.39641247,1.837133177,14.8281008,7.13089883,9.006631733,8.737131612,9.156095357,11,-97.75786,32.53193,6,7
12.54729075,14.63389206,1.485284011,14.94239733,7.151485464,9.072456665,8.756210092,9.213335881,12,-97.72994,32.54991,6,7
11.89590635,14.63705095,1.767906508,15.22599497,7.485491608,9.009691898,8.706159291,8.961879013,9,-97.79845,32.53678,6,7
12.1159291,14.64701522,0.497614984,15.07844166,7.778211475,9.050406334,8.725832057,9.304741047,4,-97.76133,32.55079,6,7
12.41543365,14.09019097,1.954344061,14.41609169,7.705262475,8.926650321,8.753055515,9.363061459,3,-97.71981,32.54847,6,7
12.61313315,14.42019804,0.37014048,14.87024201,7.718240952,9.009080614,8.779557456,9.331672657,4,-97.71353,32.55168,6,7
11.80127232,14.55649507,1.927137584,15.06663619,7.800572655,8.987821625,8.637639344,9.013108202,9,-97.80557,32.35761,6,7
13.1732751,14.13657905,2.606687758,14.92410288,8.022240917,9.292196818,8.925720274,9.017119634,12,-97.44672,32.38592,6,9
12.27968085,13.30801272,1.668845549,14.15781859,7.754481547,9.18440699,8.854379459,9.062999784,3,-97.49692,32.37006,6,9
11.98055127,13.43048023,1.01268755,14.21699977,7.498869734,9.244741799,9.059517482,8.935903526,2,-97.15815,32.33481,6,9
12.13690476,13.22852357,1.472073986,14.05373029,7.38274645,9.144307401,8.863191341,9.014325488,5,-97.57454,32.4601,6,9
13.0399096,13.93418209,1.690553335,15.17321716,7.916807491,9.086136769,8.868413285,9.006386515,7,-97.42352,32.55698,6,13
13.31972789,14.11413257,2.66297573,14.85007203,7.217443432,9.126741348,8.909235279,9.100302267,6,-97.41912,32.56716,6,13
11.43968788,13.22987877,2.624459182,13.93356022,7.084226422,9.126741348,9.004545459,9.307467083,2,-97.35991,32.31034,6,9
12.99527291,14.16968237,0.664459468,14.97033808,7.50659178,9.121946221,8.906257878,9.19573422,2,-97.41926,32.5813,6,13
11.76140922,13.11376653,1.325453879,13.93438633,7.773594467,9.113719333,8.821142236,9.259511416,8,-97.61859,32.48947,6,7
12.63363513,13.64120479,2.490091362,14.54570494,7.720461695,9.320539164,8.917846743,9.155672971,6,-97.40978,32.28557,6,9
11.66966422,14.32202691,2.353045888,15.17961452,7.767263997,9.213335881,9.068315872,9.173365136,12,-97.47404,33.33493,6,14
12.31727854,14.29329633,0.703832656,15.50898222,7.669495251,9.223256597,8.95635094,9.018574356,4,-97.31647,32.36567,6,9
12.97297667,12.90021933,1.327004582,14.24323019,7.902487437,9.123038044,9.003562175,9.200996857,7,-97.23438,32.49855,6,9
13.54268951,13.30568443,1.246616132,14.61526388,7.390181428,9.213036734,9.007856923,9.113499021,8,-97.22776,32.49237,6,9
11.62438634,13.55834476,0.717114391,14.73177089,7.751045118,8.918248591,8.646992629,9.186047679,3,-97.93322,32.70286,6,11
12.18240988,13.56131484,1.353188007,14.36335331,7.516977225,9.126850061,8.887376485,9.241645222,4,-97.56121,33.00394,6,14
13.12953758,13.68088028,2.438860783,14.903347,8.212839585,9.150378031,8.867850063,9.338821534,8,-97.55028,32.9614,6,11
13.42604822,14.58260498,1.998226458,15.42785385,7.550661243,9.211339872,8.939974177,9.242032819,4,-97.40887,33.04569,6,14
12.8835248,14.47043653,1.74173401,15.38424272,7.562161631,9.29320985,8.942460927,9.32349047,12,-97.41439,33.01822,6,14
12.28736227,14.32112261,2.289458506,14.52845154,7.19518732,9.187276432,8.99838401,9.106977859,8,-97.17461,32.53307,6,9
11.66285295,13.73700833,0.999767623,14.4481463,7.388946098,9.123474439,8.943506132,9.188503677,13,-97.35764,32.43857,6,9
12.05602271,13.96341319,-0.210080808,14.86532958,7.897668151,9.222071295,9.03586793,9.257223958,6,-97.40697,33.21462,6,14
12.89958476,14.50238813,2.195570544,15.32632388,7.565793282,9.238830642,8.875287128,9.059052258,7,-97.31738,32.48584,6,9
12.02204163,14.2395226,1.989356422,14.37753145,7.724004657,9.006999448,8.760453046,9.219101878,6,-97.77039,32.51703,6,7
12.62901415,14.09918461,2.537601406,14.94174385,7.79399909,9.119540008,8.939843124,9.311271091,10,-97.39369,32.941,6,13
13.03954465,14.78553161,1.330255079,14.75953941,6.908754779,9.202005735,8.949494953,9.197457746,12,-97.35711,32.4249,6,9
13.23748153,14.96734761,2.341259314,14.94178471,7.261927093,9.224440496,8.969541885,9.132378831,14,-97.28367,32.4711,6,9
12.26969981,13.30658313,2.17150783,14.10409572,7.380255788,9.098290868,8.849083519,9.229946902,3,-97.52823,32.32914,6,9
12.72792129,13.14899557,2.146528351,13.95497854,7.746300662,9.168267596,8.915566546,9.246672301,12,-97.41379,32.38884,6,9
12.8830879,14.46167095,1.314736721,15.25819045,7.809541325,9.202409002,8.841448244,9.015905747,4,-97.49697,32.37004,6,9
12.56074258,14.29347616,1.815910965,15.07808523,7.410951876,9.236300474,8.823647949,9.127502094,12,-97.5887,32.46414,6,9
12.01087251,13.90205516,2.400150733,15.03247639,7.542743545,9.150908788,8.837826364,9.210340372,8,-97.58275,32.45514,6,9
12.23913017,13.90536954,1.161725116,14.65117154,7.665753432,9.149103063,8.870382066,9.232101864,7,-97.58275,32.45509,6,9
12.83812603,13.90644755,1.224458818,14.68166354,7.150701458,9.143666239,8.585225602,9.110520037,11,-97.50845,32.42443,6,9
11.33602121,13.61400618,1.397958687,14.66401869,7.277938573,9.021960501,8.885994315,9.170143182,7,-97.48229,32.94984,6,13
12.7163151,14.64284417,1.459580137,14.63524193,7.319202459,9.024131268,8.812099109,9.149634497,12,-97.50064,32.35935,6,9
11.59975433,14.07625813,1.910607331,14.71162715,7.464509835,9.125762396,8.694502206,9.016876975,9,-97.76363,32.33945,6,7
12.51107633,14.12887938,2.962669806,14.52428401,8.008032847,9.071537969,8.907883014,9.165865882,9,-97.75521,32.71979,6,11
12.00792654,13.01643381,-0.040995158,14.11987274,8.123854263,9.043104453,8.823206221,9.240384493,9,-97.9319,33.19643,6,8
13.47099425,15.12546369,0.758587583,14.77640595,7.601402335,9.210340372,8.867427439,9.040737588,4,-97.46209,32.50194,6,9
12.70218252,15.03728399,1.430503104,14.56197668,7.763021309,9.071078305,8.594154233,8.968905551,10,-98.04866,32.43611,6,5
11.95632199,13.3534751,0.816105492,14.45208739,7.188412736,8.994420666,8.95828281,8.998136761,8,-97.5422,32.81596,6,13
13.47673728,14.50042393,0.992468957,15.13006453,7.5750717,9.301916315,9.080231687,9.261033486,7,-97.18998,32.5823,6,13
11.81834922,13.44444688,0.938589736,14.12312025,8.138564737,8.934059722,8.777247097,9.360741173,7,-97.71856,32.73496,6,11
12.1967039,14.4442792,1.793935387,15.01736332,7.168579897,9.096499556,8.806873267,9.198672567,4,-97.61428,32.2894,6,9
13.03822931,14.25634281,2.200877776,14.97485476,7.955074273,9.173780117,8.977777599,9.140990294,14,-97.3049,32.97664,6,13
11.52967441,13.57017252,2.98608431,14.62695531,7.641084249,9.092569836,8.888756748,9.22177475,11,-97.71929,32.52573,6,7
11.38037645,13.98811842,1.182444797,14.67920525,7.660114319,9.104979856,8.888756748,9.042040057,10,-97.71916,32.52584,6,7
13.25619822,14.27672568,1.223219106,15.01459423,7.719573989,9.188299241,8.972083183,9.312626166,12,-97.30331,32.98156,6,13
13.69674842,14.86332066,-0.828051681,15.59125141,6.921658184,9.369649154,8.968141414,8.952087644,6,-97.30354,32.98156,6,13
11.86892018,13.807683,3.080231062,14.25385323,7.721791777,9.022443301,8.740336743,9.114379981,9,-98.09,33.16479,6,8
12.3589611,12.05035407,1.151238444,14.37447928,7.82084088,9.178333576,8.834336974,9.185330209,10,-97.48523,32.32786,6,9
12.98398138,14.29236566,0.231900365,15.07745525,8.298539545,9.261603666,8.934718614,9.104979856,9,-97.37972,32.56068,6,13
13.40960485,13.83531319,1.914779516,14.6632012,7.902487437,9.320807825,8.929567708,9.165865882,11,-97.33376,32.57346,6,13
12.5684145,14.06237064,1.499629534,14.16599206,7.355001921,9.08375622,8.877521454,9.198672567,9,-97.42817,32.59914,6,13
13.67881187,14.16975254,1.420079836,14.94832651,7.379632153,9.236008119,8.896040502,9.376701909,9,-97.33483,32.5678,6,13
11.94803351,13.97538199,0.87901639,14.76040507,7.566828479,9.142275641,8.833171133,9.044285788,8,-97.59546,32.48934,6,9
12.77020678,13.66235938,0.033033647,14.01158215,7.711996507,9.222071295,8.919319398,9.190137665,4,-97.45336,32.39802,6,9
12.59898935,14.09503444,1.268256894,14.8115466,7.551186867,9.165865882,8.907612341,9.276221741,7,-97.38212,32.60578,6,13
13.02248337,15.17494746,0.938476979,15.0529104,7.355001921,9.252729138,8.831419819,9.327234123,12,-97.57035,32.49864,6,9
11.2959255,14.00613092,1.72340175,14.30286528,7.566311015,9.024251729,8.782629655,9.305650552,3,-97.55338,32.17741,6,9
11.42101849,13.74014888,1.348485576,14.27910872,8.085178748,8.96213539,8.744009988,9.395657438,6,-98.09028,33.16735,6,8
13.24636349,15.06271525,1.685737191,15.289115,7.763021309,9.28377669,8.884610232,9.03503415,5,-97.53429,32.30696,6,9
13.34468899,15.11782531,2.079983742,15.29375172,7.8671055,9.225819943,8.79996322,9.034080407,13,-97.53438,32.30693,6,9
13.43689671,13.75363515,2.298028977,14.53470066,7.344719054,9.103089181,8.948975608,9.167954655,12,-97.32249,32.55506,6,13
11.83006925,13.9396732,2.005332281,14.13227413,7.311218384,9.002947131,8.71604405,9.122273893,6,-97.91135,32.8106,6,11
12.00126619,6.602587892,-0.234058723,14.6626184,7.856319571,9.135724579,8.836373931,9.11482017,8,-97.69076,32.92589,6,11
13.46441289,14.71956675,0.694907025,15.31523985,7.738923757,9.285169513,9.021960501,9.120087383,2,-97.17632,32.57096,6,13
13.64007921,14.56106042,-0.645958391,15.0998187,7.903226809,9.266248004,9.017483513,9.280705635,4,-97.17635,32.5709,6,13
10.68496607,13.63668289,-0.606735126,14.46285147,7.230563153,9.053218616,8.801920904,9.291551627,11,-97.78886,32.85176,6,11
12.50631797,13.81750856,0.753135583,14.76847029,7.787796878,9.291828189,9.079889943,9.046762058,3,-97.12487,33.12402,6,3
12.33859978,13.28172332,0.93448306,14.19739583,7.518064181,9.146335042,8.999125392,9.051930635,7,-97.22529,32.59395,6,13
12.64013817,13.91506626,1.954228351,14.69345623,7.780303088,9.272375763,8.823206221,9.283590834,5,-97.53963,32.32223,6,9
12.1968452,14.12299526,2.510579341,14.90686054,7.576609767,9.133459328,8.851520272,9.25598273,7,-97.5562,32.38904,6,9
12.19533015,13.53187363,1.831386236,14.2391613,7.124478262,9.12314716,8.845489237,9.143024665,7,-97.53965,32.32232,6,9
11.73799516,13.8969062,1.293561119,13.89700022,6.938284484,9.220290703,9.112727543,9.121509158,14,-97.20233,32.1688,6,6
11.3081006,13.72361454,1.477543479,13.92468061,7.6118424,9.112948026,8.839276691,9.131838144,4,-98.05605,33.1899,6,8
11.9394212,14.96649769,0.873970615,14.89892697,8.38685669,9.184612223,9.077380245,9.152605321,6,-97.14302,32.32854,6,9
12.27848168,14.72433347,1.417181714,14.97994866,7.833996342,9.199481629,8.846209127,9.1338912,12,-97.56843,32.31133,6,9
12.98507637,13.69479272,0.886734648,14.53286828,7.859413155,8.980172206,8.794824928,9.232101864,12,-97.72612,32.71724,6,11
13.32360482,14.02130447,1.351554865,14.89666535,7.899895323,9.239219332,8.89439599,9.227000813,8,-97.26,32.77223,6,13
11.69876582,14.36970597,0.830684418,15.17918501,6.661854741,9.147187557,8.81150325,8.944419791,2,-97.61481,32.44805,6,9
12.13080477,13.72949505,2.197870094,14.60522803,7.792761721,9.106866963,8.935640334,9.119101892,5,-97.25022,32.64271,6,13
12.87153512,13.90808974,1.745638341,14.7113014,7.938445551,9.091444217,8.871926251,9.120415664,13,-97.52177,32.9812,6,13
12.11798979,15.06340455,3.011412141,14.78604626,7.985143931,9.181117513,8.762802487,9.098290868,9,-97.60387,32.40588,6,9
14.12570042,14.68252995,0.408832733,12.17557735,7.700295203,9.371778718,9.014325488,9.017119634,8,-97.18106,32.54958,6,9
12.61680718,14.20488829,1.80720058,14.10088948,7.566311015,9.204724633,8.895766604,9.35296777,7,-97.6354,32.75035,6,11
14.31185544,13.90699525,1.599294673,15.11062231,7.563719668,9.316950107,8.989693701,9.104979856,4,-97.30235,32.63774,6,13
12.41443144,14.41236708,2.086530139,14.76795191,7.642044403,8.954415331,8.707482918,9.294405747,6,-97.62354,32.24441,6,12
12.16630738,13.91761578,2.126681847,14.69682633,7.562161631,9.139703292,8.851233903,9.312264992,6,-97.58862,32.46419,6,9
12.56505044,13.4326383,0.222605256,14.2585219,7.440733707,9.168788945,8.914088349,9.146228427,9,-97.44395,32.32084,6,9
12.18901804,15.20833356,2.004791507,14.66045651,7.41517511,9.152711259,8.779249716,9.342595951,2,-98.01629,33.11358,6,8
12.07249554,13.21767356,1.114663984,14.03386024,8.29729437,9.28377669,8.987196821,9.077266018,3,-97.44116,32.37037,6,9
12.53231776,15.15208933,1.589051467,15.26670134,8.086410275,9.090768237,8.784162222,9.076008659,8,-97.82471,32.76736,6,11
12.89254007,13.84156809,-0.288817796,15.10781726,7.13169851,9.128370809,8.885994315,9.135616826,8,-97.56697,32.87987,6,11
12.42957213,14.13889756,1.979194033,14.04843809,7.615791072,9.125980023,8.89233654,8.92651751,12,-97.50099,32.46421,6,9
13.0007199,14.34360619,1.72900119,14.69386513,7.576609767,9.148464968,8.977777599,9.29118276,11,-97.24193,33.06939,6,3
12.64866975,14.21663292,1.6452875,14.95664004,7.758760544,9.038365107,8.76950712,9.173780117,7,-97.61116,32.69012,6,11
12.16919598,13.73748523,1.269981255,14.33380542,7.228388452,9.016998312,8.823206221,9.154827662,11,-97.63299,32.70775,6,11
13.05956627,13.62110023,1.881603602,14.52018208,6.883462586,9.253878674,9.04581944,9.240384493,4,-97.31503,32.84235,6,13
13.13062515,14.86849767,2.056627119,15.02178072,7.521859252,9.192380047,8.827614751,9.403189651,12,-97.52688,32.3084,6,9
12.43553221,14.66275127,0.893762074,14.96446482,7.07834158,9.256460308,9.109967398,9.118553976,11,-97.33978,33.27176,6,3
13.15008165,14.47757978,2.109655494,15.4059479,7.858640656,9.225130457,8.98757175,9.259701802,3,-97.27918,33.00024,6,3
12.6056471,14.22828224,1.846454247,15.10576582,7.857480787,9.202509793,9.014325488,9.200895913,3,-97.27932,33.00051,6,3
13.27829989,13.77789176,2.337891386,15.41471872,7.608870629,9.239802082,8.932476608,9.10342309,5,-97.34208,32.99625,6,3
13.52712957,15.14470533,2.182545955,15.28422326,7.33432935,9.284891103,8.991064332,9.068892008,9,-97.23567,32.57419,6,13
13.03515489,14.16616743,1.062928761,14.95728259,7.437206367,9.233470789,8.908018323,9.203617826,6,-97.26005,32.77223,6,13
12.7452408,14.08858648,2.152302164,14.86068409,7.826443135,9.166388484,8.969796306,9.279399908,8,-97.36823,32.40013,6,9
12.73678913,14.28607653,2.145491687,15.06316335,7.714677474,9.203819155,8.971321472,9.235130541,11,-97.36828,32.40013,6,9
12.9402514,14.40630381,0.358895083,15.17123746,7.715123604,9.203819155,8.858937222,9.208338369,4,-97.44936,32.60794,6,13
13.67036686,14.5994121,2.945633867,16.09924917,7.570958583,9.164191716,8.866863661,9.18860588,8,-97.52018,32.98023,6,13
12.31677288,13.27920643,0.785033011,14.01241033,7.631916513,9.068661594,8.957896735,9.250137842,6,-97.31512,32.84235,6,13
13.19863344,13.71856895,-0.58578298,14.60247863,7.419979924,9.107975365,8.951440101,9.079776002,11,-97.31079,32.58462,6,13
13.14547034,13.82238686,1.287573202,14.53207051,7.61085279,9.083529205,8.954156967,9.301277367,4,-97.29868,32.5725,6,13
12.81426361,13.15560471,0.890948693,15.97383976,7.804251384,9.175541866,8.657476737,9.116908427,9,-97.59217,32.77774,6,11
11.81403696,14.29273803,0.155556561,14.14036558,6.802394763,9.098290868,8.787678239,9.276315361,8,-98.0328,33.10346,6,8
12.67385819,14.79165385,1.348806019,14.73557496,7.623153068,9.122819774,8.782629655,9.33767762,12,-97.64085,32.41127,6,7
12.41912142,14.7091466,1.662757623,14.74499388,7.761319181,9.098290868,8.853236765,9.007489524,8,-97.57543,32.93836,6,11
12.65256133,13.80868733,2.258047117,14.64940181,8.006367568,9.164296433,8.919988071,9.095826985,13,-97.41727,32.3195,6,9
13.5241872,13.93785208,1.115593418,14.75068192,7.936302693,9.156200926,8.919319398,9.242517104,13,-97.35231,32.49767,6,9
13.19690111,14.14840497,1.184469703,14.95405292,7.429520843,9.222861653,8.906122331,9.192074563,4,-97.41925,32.58124,6,13
13.12314907,14.11272208,0.159336186,14.91256964,8.191186005,9.166910814,8.857230494,9.233568498,8,-97.45863,32.35291,6,9
13.51924778,14.50581871,-0.084914317,15.2652627,7.923710334,9.348274558,8.956479848,9.174194925,11,-97.3934,32.40635,6,9
12.84930716,13.71015004,0.869268738,14.49765442,7.686621335,9.150696519,8.925720274,9.14825218,7,-97.26832,32.84611,6,13
12.99549318,13.69249511,0.205360022,14.73294544,8.136518252,9.217812387,8.955964118,9.249368759,6,-97.26826,32.84603,6,13
12.49462934,14.09420234,0.750507172,15.08542559,7.697121317,9.210140352,8.81135423,9.119977932,8,-97.61427,32.63657,6,11
13.4229212,14.35434038,2.038569879,14.75646268,8.256088134,9.171183657,8.963416292,9.275847174,9,-97.25785,32.62787,6,13
14.32570138,14.27063783,1.152801716,15.341952,7.333676396,9.331229689,9.001715907,9.211339872,12,-97.21398,32.54562,6,9
11.47033107,13.51601903,1.085148964,14.2004872,6.974478911,9.006509132,8.86939816,9.31784858,14,-97.59864,32.51651,6,9
13.42890646,14.06665831,2.071371869,14.4689882,7.585788822,9.154193211,8.99788945,9.255218131,8,-97.20079,32.50121,6,9
12.94844561,14.02874922,0.79348496,14.92188266,8.270013062,9.172534657,8.955835144,9.167224081,7,-97.38139,32.51984,6,9
13.4113456,14.3077648,2.253862308,15.02908769,7.777792626,9.109856833,8.86418137,9.268043082,5,-97.51884,32.97052,6,13
11.64247896,14.40905837,1.519384206,14.57249695,7.571988449,9.134646528,8.87696334,9.338645632,9,-97.59068,32.29572,6,9
12.5599567,14.09480757,1.257912928,14.96165889,7.635303886,9.127936546,8.990815266,9.014933576,6,-97.34005,32.9993,6,3
13.02787466,14.4879447,-0.354464357,15.42764443,7.599901959,9.222960403,8.996775795,9.161570208,6,-97.33982,32.9993,6,3
13.55451066,14.3864901,-0.11704379,15.14017098,7.62900389,9.294037931,8.934718614,9.117566972,4,-97.37744,32.50522,6,9
12.32437999,14.40329722,1.213274965,15.18338022,7.339537695,9.147613542,8.788593431,9.303830715,3,-97.60254,32.45317,6,9
11.99832251,14.0337702,1.366387553,14.79153479,7.983098941,9.243001154,9.031692061,9.245224774,3,-97.45167,32.57022,6,13
12.18172872,10.22157758,0.913972774,7.824046011,7.920446505,9.088172738,8.942460927,9.318297513,12,-97.40747,32.9192,6,13
12.40184911,12.71783583,2.328670547,14.71774537,7.754481547,9.157045075,8.80762149,9.257700943,6,-97.7017,32.5797,6,11
11.35996075,14.37740945,1.922141103,15.23651644,7.725771442,9.360138737,9.032528631,9.106090351,6,-97.25821,33.28068,6,3
11.89667652,14.09616802,1.028179085,14.25687163,7.315883505,8.998631198,8.829372735,8.994048296,6,-97.71884,32.6242,6,11
11.60114694,13.37734972,0.565385734,14.08369325,7.832014181,8.923324744,8.756210092,9.266058861,10,-98.0888,33.17173,6,8
13.10719898,14.48244209,2.29337157,15.35343142,7.068172,9.340051978,9.005282288,9.190137665,6,-97.39397,33.15118,6,14
11.62703063,13.8411783,2.054099125,14.28175588,7.608870629,9.041566628,8.637639344,8.933268479,9,-97.82463,32.32587,6,7
11.06126457,13.8411783,0.708943289,14.28175588,7.996653875,8.925454387,8.669399124,9.182455168,4,-97.8157,32.35144,6,7
11.38668174,14.47613455,2.150925395,14.62259606,7.456454555,8.983565234,8.564076777,9.121618442,6,-97.90861,32.27652,6,7
11.61540985,14.59666862,0.530200512,14.75725615,8.060855753,9.036106025,8.642944397,9.063694792,12,-97.84115,32.34538,6,7
12.11642142,14.68261105,1.66229735,14.37834516,6.951772164,9.084777149,8.847647356,8.933532296,11,-97.6063,32.60311,6,11
12.91679203,14.52768065,0.779471187,15.19683459,7.53689713,9.37627845,9.033006357,8.863615759,6,-97.06119,32.91692,6,13
12.56912422,13.53322855,-0.312533603,13.72034237,7.585788822,9.111514018,8.851520272,9.031452912,8,-97.4788,32.40154,6,9
13.34224883,14.09341498,-0.414759667,16.61727828,7.636269603,9.18584274,8.919453169,9.108750516,6,-97.36916,32.56523,6,13
12.58708794,13.91591682,1.403867674,14.69505016,7.652545693,9.132595023,8.870382066,9.083642719,6,-97.4395,32.57361,6,13
13.75134743,14.51612975,2.095943414,15.25250326,7.557472902,9.142489705,8.850517622,9.230731062,9,-97.46874,32.8659,6,13
13.5596191,14.35434038,1.117462052,14.75849307,7.944492164,9.22177475,9.015662793,8.902591637,4,-97.21969,32.47855,6,9
11.51423461,14.51205197,2.467921021,14.66078809,8.054840221,9.059052258,8.675904883,9.113719333,11,-97.84105,32.34538,6,7
13.23756887,13.55932715,1.638787771,14.56386536,7.327123292,9.198976042,9.00944743,9.331672657,4,-97.19333,32.32892,6,9
11.92006251,14.64528434,1.417453672,14.24748127,8.168769824,9.096051226,8.683215975,9.285818833,9,-97.95338,32.95913,6,11
12.59200149,12.78549106,2.21189525,14.83695666,7.667158255,9.216421842,8.861633598,9.082961443,8,-97.60625,32.60301,6,11
13.26298061,14.81076033,1.878027468,15.0512535,7.584773078,9.21820933,8.986071187,9.181735115,9,-97.19974,32.57141,6,13
12.5650225,14.37809337,1.101546116,15.30465704,8.246433786,9.189321005,8.985570499,9.371778718,11,-97.27103,33.00025,6,3
12.47604253,14.91205404,1.334598758,14.62081699,7.407924323,9.10786458,8.838841813,9.227197489,12,-97.60627,32.60306,6,11
13.13649703,14.71168715,-0.503291074,15.07793414,7.284820913,9.283033057,8.98469369,8.946765375,3,-97.51581,33.19071,6,14
13.14483499,14.34766705,0.460271622,11.28978191,7.768956045,9.289613553,9.000236434,8.869538777,9,-97.19873,32.49419,6,9
12.54936089,14.72376912,0.867610486,14.96193666,7.95927596,9.1378772,8.783396232,9.229946902,7,-97.76942,32.64178,6,11
13.68677109,14.54296254,-1.862865532,15.4137593,7.329093736,9.254835612,8.934455109,8.858368636,3,-97.36201,32.56064,6,13
13.464393,14.69077011,1.885240026,15.96621243,8.054840221,9.262743051,8.930494185,9.201501423,12,-97.36736,32.58677,6,13
13.19062371,13.91335389,1.739437446,14.09828586,7.541152455,9.224834818,8.969923492,9.139381283,7,-97.32453,32.50562,6,9
12.73354592,13.92883924,1.459394529,12.98600743,7.562161631,9.132919225,8.874727766,9.381348169,6,-97.42715,32.57301,6,13
13.37170007,13.85801434,0.474381812,13.97216809,7.094234846,9.16753725,8.992308733,9.148464968,8,-97.20911,32.49933,6,9
13.41723951,13.66259245,1.098252064,15.05425052,7.301822342,9.301551252,8.916908468,9.293945956,2,-97.26292,32.76844,6,13
11.7650529,13.92669409,1.787627949,14.8524538,7.193685818,9.15641203,8.829079953,9.238247325,13,-97.52395,32.35632,6,9
12.04771563,14.92865015,1.713830239,14.18931299,7.544861069,9.191157553,8.860782896,9.300181076,12,-97.52398,32.35635,6,9
13.40912753,14.15198279,0.805807055,14.93482115,7.681099002,9.301459965,8.940760135,9.143986871,3,-97.26292,32.76848,6,13
12.68092388,14.91570826,1.564542525,15.19393554,7.914252279,9.317399444,8.955448122,9.183996397,8,-97.35162,32.31116,6,9
12.4884733,14.47819853,0.988697139,14.80430798,7.640123173,9.201904893,8.992184362,9.31289696,6,-97.4159,32.63487,6,13
12.78927939,14.06141862,2.115843381,14.83696531,7.387709239,9.213036734,8.909235279,9.201299627,6,-97.32473,32.77641,6,13
13.08639832,14.20457524,1.927589925,10.37349118,7.342131731,9.390325869,9.044285788,9.329810872,12,-97.04918,32.93715,6,13
12.77767064,13.91082074,2.723873652,14.78748573,7.832410927,9.247636157,8.93260863,9.237469039,12,-97.41373,32.37919,6,9
12.97488605,14.3362578,-0.405784943,15.1194543,7.532088144,9.301094735,9.052516287,9.366831169,7,-97.03243,32.94683,6,13
12.71822838,13.91082074,1.547628346,14.68747483,7.442492723,9.181632208,8.913819351,9.220290703,9,-97.39599,32.54283,6,9
13.06804235,13.91082074,1.776817537,14.68697211,7.945909599,9.175541866,8.926118971,9.398726833,11,-97.39602,32.5428,6,9
12.69654045,14.15119177,0.75474257,14.92790674,7.715123604,9.252633284,9.040737588,9.257414779,11,-97.04484,32.94216,6,13
13.28144701,14.39981896,2.457776167,15.291017,8.068402959,9.267193184,8.87626526,9.241839039,12,-97.54711,33.07111,6,14
12.95236004,14.31628585,0.344420505,15.17719609,7.742835955,9.231612507,8.908694593,9.249849505,6,-97.50946,33.08883,6,14
13.12536487,13.95701012,0.914268569,14.56307206,7.229838778,9.18962733,9.025936649,9.122601458,9,-97.21975,32.47868,6,9
12.92043812,14.50865774,1.841923473,15.09155832,7.6666902,9.149209372,8.801619971,9.123038044,6,-97.73892,32.77586,6,11
12.28846336,14.94310122,1.404364207,14.60998343,8.319961022,8.943114308,8.734238184,9.159573255,4,-97.61869,32.41094,6,7
13.20591929,13.69334292,0.67635279,14.72431735,7.760467029,9.070388412,8.88322423,9.230142999,6,-97.46017,32.87202,6,13
11.694405,12.46843691,2.396358581,13.64115717,7.499976541,9.008224188,8.751474487,9.011279491,10,-97.80046,32.6746,6,11
13.25766321,14.59872694,2.010434751,15.13453307,7.949797216,9.155250406,8.884610232,9.428672366,10,-97.45723,32.94501,6,13
12.06476251,12.46843691,1.319480176,13.64115717,7.684783944,8.989693701,8.76013937,8.811056123,11,-97.80038,32.67463,6,11
12.41041251,14.586868,1.920084275,14.96165889,7.541152455,9.076237387,8.777247097,8.843903651,12,-97.48396,32.31516,6,9
11.93128047,14.44668393,0.716535527,14.92688506,7.022868086,9.322150047,9.112286432,9.167432871,3,-97.19397,33.24745,6,3
12.28880404,14.12483181,1.779815929,14.94782645,7.458186157,9.226213721,9.025936649,9.124237673,13,-97.35312,33.14745,6,3
12.78306796,14.28492964,0.779923875,14.9462008,6.747586527,9.260367866,9.073145133,8.994668836,6,-97.20646,33.20139,6,3
13.49130695,14.97521795,-0.332480834,15.24128185,7.585788822,9.230633075,8.976009475,9.155144737,8,-97.19975,32.57145,6,13
12.45837492,12.52906153,0.258865218,11.40921914,7.856319571,9.050288984,8.874587876,9.33220396,7,-97.4272,32.57301,6,13
13.33090646,15.07539099,1.332053502,15.8493073,7.711996507,9.517383798,9.062883903,9.230142999,9,-97.04484,32.94212,6,13
13.217839,14.12829735,1.72375204,13.6237397,7.299121463,9.164505836,8.969541885,9.267854278,12,-97.35462,32.51697,6,9
13.26068777,14.44157732,2.172608809,15.23083543,7.021083964,9.397400683,8.943375541,9.250714266,3,-97.39846,32.37734,6,9
12.9379837,13.94302388,0.018904969,14.99439876,7.153833802,9.096499556,8.870663004,9.169518377,4,-97.47632,32.95904,6,13
12.07290119,13.73169407,-0.142187544,14.50690621,7.400620577,9.19421099,9.097395613,9.14259672,10,-97.35965,32.33115,6,9
12.81523477,13.48042935,1.717062923,14.40390815,7.803843304,9.179881164,8.971448464,9.104979856,3,-97.36166,32.5162,6,9
12.47360431,14.05562921,0.505849145,15.12095814,7.274479559,9.402942238,9.033125753,9.190137665,8,-97.03721,32.94469,6,13
12.59647488,14.71078192,1.900951947,15.01834772,8.098338846,9.162409838,8.820256366,9.205830216,6,-97.57341,32.64592,6,11
12.68700694,13.73071491,1.973994292,13.57785852,7.722234745,9.230142999,8.909235279,9.319643107,2,-97.43468,32.34122,6,9
11.99514789,13.26299451,1.268447686,14.14214456,7.609862201,8.956995312,8.793915424,9.41970949,12,-97.52041,32.33787,6,9
13.29130076,13.80394392,2.614410283,14.52335323,7.795646536,9.074978734,8.965717789,9.292196818,12,-97.38993,32.91867,6,13
12.66296887,14.12251794,0.542550914,14.89667281,8.054840221,9.269363712,9.062072355,9.259892151,9,-97.05628,32.93789,6,13
13.19649635,14.02053902,1.807596199,14.79902396,8.084870629,9.241548299,9.108750516,9.176266392,3,-97.43465,32.34114,6,9
13.04329203,13.8645864,0.085133855,14.64642813,7.92984643,9.181940897,9.070503427,9.248695326,10,-97.26723,32.76881,6,13
13.16308297,15.32755612,1.178265229,16.75072215,7.722677516,9.126958763,8.919586921,9.084210095,7,-97.30871,32.40291,6,9
12.98355178,14.1815416,-1.073286348,14.9574505,8.318742253,9.37678658,9.0653146,9.253016646,13,-97.0575,32.93082,6,13
12.48995375,14.78869189,1.942818369,14.82780505,7.233455419,9.212637731,9.047821442,9.128913373,13,-97.29629,32.26823,6,9
12.702079,13.32193365,2.192454934,14.19086691,8.330863613,9.124673545,8.986321438,9.109967398,11,-97.24649,32.59781,6,13
12.59788498,15.5655796,1.619545863,15.31714096,7.43366654,9.200290036,8.756052599,9.179571838,9,-97.64511,32.4393,6,7
12.14037612,15.17592285,1.750109236,15.05823531,7.297091005,9.200996857,8.826147399,9.195531256,7,-97.90383,33.20491,6,14
13.42524485,14.10668652,1.773156204,15.05226028,7.943782692,9.267476563,8.935245415,9.261793654,8,-97.34144,32.42514,6,9
12.05718973,14.14082362,1.304533964,14.18275445,7.525100746,9.033961125,8.829079953,9.222268943,4,-97.70629,32.93588,6,11
12.44871289,14.36319372,0.439472624,14.68907248,7.750184162,9.247732491,9.076808979,9.132378831,12,-97.35211,33.19545,6,3
12.50097112,13.69410309,1.522551235,14.52126098,8.153349758,9.018574356,8.86939816,9.210840247,6,-97.55416,33.00589,6,14
12.98924561,14.31628585,1.406859179,15.22572846,7.45760929,9.243775148,8.958154135,9.271905728,11,-97.47058,33.13416,6,14
12.8078937,14.96924215,1.828420098,14.95317816,7.840312983,9.31766895,9.081256219,9.11018849,10,-97.06553,32.91627,6,13
12.93157326,14.21611722,0.866884563,15.27608181,7.50659178,9.446992273,9.380083147,9.287301413,11,-97.06558,32.91627,6,13
12.98939183,14.6501573,1.708328349,15.36976911,8.03915739,9.464129513,9.056489647,9.230142999,7,-97.03717,32.94462,6,13
12.89791648,14.81319693,-0.149171972,15.23430309,7.263329617,9.249561085,8.797095077,9.193702731,3,-97.52853,32.37171,6,9
13.290094,14.59207935,2.439461087,15.06654002,7.857093865,9.315780884,9.069467813,9.084777149,4,-97.5007,32.35928,6,9
12.51877533,14.68261105,0.904681779,14.79256745,8.196436811,9.127610724,8.835501457,9.185432736,4,-97.70082,32.73518,6,11
13.01320678,15.12059486,1.482542563,15.58030882,7.43838353,9.246672301,8.792549614,9.092119741,8,-97.49321,32.34667,6,9
13.05650772,14.4970911,2.146321802,15.24139287,7.571988449,9.340403256,9.030016818,9.337413455,6,-97.23906,33.12297,6,3
12.90328157,14.4970911,1.133316832,15.23419127,7.918628653,9.217315986,8.959311617,9.099408811,6,-97.41342,33.00185,6,14
11.29217904,14.76740007,1.644773727,14.52960383,8.174984533,8.953640037,8.700847193,9.252729138,4,-97.68919,32.33341,6,7
12.02601852,12.95692254,1.233106255,14.2985538,4.605170186,9.261983605,8.96213539,9.19044374,11,-97.67067,32.51003,6,7
12.1198446,15.57081349,2.410959901,15.32272968,7.661997559,9.208438565,9.151545325,9.271059107,9,-97.64169,32.45677,6,7
11.78156232,13.25661626,2.301502795,13.62685539,7.71154898,8.928110078,8.815073089,9.282568006,9,-97.65305,32.94159,6,11
12.24923749,14.30898654,0.839967344,14.85138537,7.906547232,9.186047679,9.04192172,9.164296433,8,-97.21483,32.17581,6,6
12.31030202,13.35727738,0.465415599,14.66779596,7.160069208,9.248599084,8.951828677,9.268797942,12,-97.67081,32.51014,6,7
12.95187632,13.85276106,0.451351996,13.87980374,8.175266104,9.174298601,8.911260255,9.212837252,9,-97.38998,32.4891,6,9
12.09348049,13.27422573,2.617794001,13.74398448,6.661854741,8.853951102,8.281470858,9.232493177,6,-98.50581,32.52076,6,10
11.74792644,13.1285979,0.8565103,13.82564305,7.804251384,8.817594036,8.180320875,9.222170124,8,-98.47988,32.51284,6,10
12.13793298,13.46168868,0.93503617,13.97987688,7.730614066,8.868131714,8.268731832,9.236203032,11,-98.47996,32.51284,6,10
11.05764492,14.34437254,2.051969815,14.220965,7.829232538,9.129347213,8.767173397,9.263122557,10,-97.95677,32.86872,6,11
11.34144889,14.82273828,1.334689317,14.42302251,8.058327307,9.080459451,8.614319902,9.086023537,7,-97.90749,32.27647,6,7
10.72302506,13.69672702,1.451936657,13.78200548,8.529121762,8.996775795,8.87332799,9.230829038,12,-97.78173,32.35596,6,7
9.881804158,14.148749,0.274181624,14.24295631,8.448914351,8.978408315,8.70417056,9.047821442,12,-97.78176,32.356,6,7
13.55796705,14.9906517,2.593085634,15.12528126,7.586803535,9.263975921,9.002331708,9.021598247,12,-97.23552,32.57425,6,13
11.46353562,13.71081649,0.72765319,9.89807292,8.325063694,9.17616292,8.745125259,9.024492605,13,-98.09853,33.15563,6,8
11.53761808,14.64641768,1.488834141,14.26848501,7.684783944,9.092907275,8.793915424,9.184201714,12,-98.22419,32.90835,6,10
13.68368856,14.98669154,2.42319187,15.15115037,8.152486076,9.327056172,8.991811158,9.367515046,8,-97.23547,32.57425,6,13
10.99618237,13.97915885,1.089786225,13.73186587,7.701652363,8.968523555,8.718336502,9.34661799,12,-97.97761,32.98432,6,11
12.7913896,13.58025647,1.78341449,14.51533341,8.055157732,8.982812222,8.836373931,9.351666308,2,-97.71665,32.70806,6,11
12.93556381,13.83488859,2.304033687,14.72140342,8.107720062,9.28126471,8.924656302,8.869257523,11,-97.42107,32.40453,6,9
13.0219307,13.45935548,2.238361947,14.24344793,8.018625465,9.069698042,8.809862805,8.987196821,8,-97.50402,32.79667,6,13
12.55816862,14.29947873,-0.011752528,15.04453513,7.491645474,9.140561477,8.829079953,8.952217102,6,-97.5002,32.73778,6,13
12.12567029,13.11085744,0.964870149,13.96251577,7.38832786,9.231710398,8.86418137,8.917310693,11,-97.43651,32.26307,6,9
12.86291885,14.04582831,1.302625765,15.16277975,8.007367068,9.283404943,8.812843434,9.307557823,11,-97.58452,32.61935,6,11
13.35628068,13.99783211,1.201064864,14.94128071,8.106514516,9.186047679,8.974618038,9.311542252,6,-97.56732,33.16378,6,14
10.45590607,13.7712974,1.381606567,14.42451062,7.706612914,8.975124239,8.700347735,9.35357454,10,-97.94872,32.70249,6,11
13.28616109,14.31355485,1.724090393,15.06544553,7.715569535,9.138199694,8.9226583,9.220092663,12,-97.39937,32.93073,6,13
13.40357355,14.70340182,2.563803285,15.56709053,7.895063498,9.296426321,9.041329829,9.361773076,11,-97.21878,33.18164,6,3
12.88848491,14.57388352,2.27026454,14.89730013,8.000684785,9.072456665,8.840001066,9.195226734,6,-97.5144,32.39306,6,9
12.70414124,14.31991561,1.437643234,14.64157369,8.261009786,9.1338912,8.940367233,9.331495494,12,-97.34596,32.49174,6,9
11.45645035,14.76073854,2.546459009,14.25699897,7.52131798,9.186150133,8.733755131,9.396404915,8,-97.6478,32.43828,6,7
10.57602378,14.98383546,2.397172758,14.71001447,7.768956045,9.030016818,8.76499033,9.29173601,7,-97.62817,32.46638,6,7
12.7624661,14.30271969,0.292145065,14.66834506,7.746300662,9.15641203,8.952217102,9.039077443,6,-97.27446,33.08115,6,3
13.72175028,15.67480406,2.059571634,11.95772025,7.62754439,9.402034535,8.996651979,9.348710041,11,-97.25303,32.50134,6,9
13.4023605,15.58614853,0.568028142,15.46189005,7.774015077,9.3969859,9.002331708,9.413689296,3,-97.2605,32.47933,6,9
12.95566632,13.59564039,0.192215764,14.41401514,7.340835554,9.101417965,8.820699399,9.030016818,11,-97.50399,32.79659,6,13
12.36710672,13.53094363,1.356415319,14.38176029,7.525100746,9.096611607,8.854236693,9.193702731,9,-97.4716,32.30786,6,9
12.28803505,14.92815724,0.764882048,11.57936842,7.264730178,9.226705726,8.992433087,9.402694764,2,-97.16929,32.52628,6,9
13.16493808,14.71964773,2.271519331,14.60061503,7.973155433,9.062768008,8.769973212,9.410583703,3,-97.55632,32.29332,6,9
13.00759205,15.55842986,1.03414214,17.01554923,7.528331767,9.348187439,9.010547069,9.112727543,11,-97.177,32.48413,6,9
12.70565025,13.76841895,0.227020506,15.83059596,7.805474625,9.157888512,8.99974279,9.084550366,12,-97.20256,32.4883,6,9
11.80523681,13.96134101,2.473746405,15.21693488,7.499423291,9.167224081,8.838261683,9.362202721,11,-97.61244,32.49872,6,9
12.71799766,14.24273716,0.785372289,15.0539474,7.697121317,9.356602879,8.931287626,9.244645176,3,-97.40788,32.23139,6,9
13.46349332,14.65806433,0.151849066,15.18690598,7.615791072,9.388402872,8.92651751,9.230437074,9,-97.42249,32.55378,6,13
12.74549156,14.70960394,1.297693121,15.47620758,7.418180823,9.255600503,8.914357274,9.265964276,2,-97.40587,32.54784,6,9
13.32313534,14.3118524,1.393377207,14.63853007,7.850103545,9.261223582,9.07532216,9.228671329,11,-97.1013,32.50495,6,9
13.28759472,14.56332346,1.487059108,14.82814657,7.895436007,9.156728603,8.934323331,8.971321472,12,-97.29679,32.54549,6,9
13.18079642,14.83693038,1.845266307,15.09266561,7.885705391,9.152923101,8.836809882,9.251386341,7,-97.53482,32.60524,6,13
12.99418222,14.31432757,1.295190167,14.81498515,7.972466016,9.161990111,8.915969311,9.374073564,2,-97.40543,32.92322,6,13
12.17292943,14.33430435,0.683847444,15.28321715,7.489970899,9.18440699,8.909505513,9.379914356,6,-97.6368,33.278,6,14
12.57263059,13.96191128,0.541864041,14.93434891,7.627057417,9.118225083,8.942460927,9.204724633,8,-97.6091,33.22837,6,14
13.08297369,14.34672687,2.203607926,15.11749788,7.864419905,9.14676139,8.908559375,9.189116736,9,-97.4293,32.92982,6,13
12.30591346,14.58986899,2.08947516,14.58724246,7.723120092,9.037652264,8.79996322,9.17222305,6,-97.51076,32.3078,6,9
12.60966934,14.19968393,1.39165703,14.57963983,7.562161631,9.112837791,8.968396191,9.248021439,8,-97.27011,32.49454,6,9
13.77188255,15.40641783,0.79573893,15.32693777,7.853604813,9.308646061,8.935508712,9.271905728,6,-97.31237,32.4115,6,9
12.33714038,14.59281505,2.567388746,14.46123379,7.849323818,9.155884186,8.837826364,9.019664011,4,-97.55328,32.31575,6,9
13.3254234,14.96278602,1.139246911,14.84217991,7.294377299,9.190647739,8.940105213,9.316860215,9,-97.28676,32.48686,6,9
11.57145849,13.55912558,2.062871974,13.70020071,6.695798917,8.931948346,8.520786727,9.176783588,12,-98.14656,32.37859,6,5
12.9455355,14.08247959,1.123696134,14.78855962,7.992944547,9.132378831,8.915969311,9.172534657,6,-97.52669,32.81142,6,13
12.45745763,15.56326589,2.184666681,15.29645716,7.868636894,9.178849705,8.722417141,9.345482966,9,-97.71889,32.44631,6,7
13.93671263,14.06406607,0.827813158,14.50865774,7.530479995,9.368198457,9.099408811,9.187276432,12,-97.08158,32.60354,6,13
11.83003284,14.1973385,0.454557747,14.88897938,7.86787149,9.213535263,8.928242678,9.023890305,12,-97.3351,32.17361,6,6
10.82580012,13.73791868,1.434359649,13.76836235,7.404887576,8.913011922,8.472195825,9.2043223,12,-98.33231,32.50656,6,5
13.91796516,15.89719957,1.788638834,15.45028166,8.132118773,9.310999855,8.929964875,9.10586835,9,-97.19088,32.7304,6,13
12.22271833,15.16098292,2.297044054,14.89392014,7.232733136,9.108418382,8.80762149,9.323401164,8,-97.66206,32.48772,6,7
11.59821286,14.65080813,0.92607564,14.41205212,7.844632644,8.905308661,8.682368589,9.134322886,7,-97.78629,32.37974,6,7
12.28980239,15.44418231,0.654170128,15.18638717,7.921898411,9.091556836,8.653645315,9.143131622,6,-97.6737,32.3359,6,7
13.69840017,14.77489948,0.750308464,15.54806658,7.440733707,9.264733856,8.902999662,9.268986567,2,-97.41378,32.55256,6,9
12.30243227,15.32020998,1.129297452,15.06483161,7.552237288,9.141097469,8.792245847,8.914357274,8,-97.65534,32.49116,6,7
12.84868677,14.31751842,0.826527645,15.00236447,7.391415235,9.126415137,8.871084264,9.118225083,5,-97.5279,32.74619,6,13
13.07213688,13.97738278,0.681102605,15.09105993,7.716015267,9.126523886,8.840145878,9.083983183,9,-97.4891,32.57695,6,13
13.45337358,14.70340182,1.893922863,15.12666318,8.056426768,9.129347213,8.813438495,8.922124824,9,-97.51624,32.39297,6,9
13.33384074,13.90619003,0.196943138,12.49353844,7.748891337,9.180808569,8.924123892,9.101640955,8,-97.36921,32.56524,6,13
11.69863295,13.50353579,0.93131493,14.30105037,8.038512021,9.106866963,8.843470782,9.275940829,6,-97.57454,32.46016,6,9
12.12279429,14.09479018,1.186939669,14.82620888,6.063785209,9.156939595,8.788745882,9.198571388,3,-97.61957,32.48017,6,7
11.96384821,13.69854968,1.150370263,14.72614935,7.614312146,9.027138428,8.773848885,9.137662146,4,-97.61957,32.48025,6,7
12.81414113,14.23712457,-0.563626073,15.09705921,7.408530567,9.26492325,8.958797346,9.196038587,2,-97.34593,32.37669,6,9
12.10689851,13.82417293,1.08728774,14.82025822,7.522940918,9.133243322,8.787830829,9.113388846,9,-97.60841,32.48227,6,9
13.5314911,14.4473779,1.665845012,15.33819902,7.955074273,9.36494809,8.961750799,9.186662245,7,-97.31742,32.52759,6,9
12.39269743,14.16557782,0.087687589,14.96873602,7.818430272,9.351058379,9.068661594,9.169622539,8,-97.04402,32.91787,6,13
12.14657739,13.91416514,2.20980318,14.70398683,7.757906208,9.306740866,8.919854372,9.042158379,4,-97.44963,32.28123,6,9
13.75380854,14.80544015,1.192531188,16.94210687,7.40367029,9.324383088,8.967121656,9.149421957,8,-97.27707,32.50989,6,9
11.97686072,14.00530413,2.137841011,13.90497642,8.165647925,8.987321813,8.657302899,9.02220193,13,-97.97983,32.87633,6,11
13.51143077,14.32112261,1.202765776,15.3255634,7.661527081,9.174816816,8.951699168,9.058121159,6,-97.32456,32.98289,6,13
12.03719827,14.45055182,0.538165904,14.22434598,7.989221409,9.152817186,8.965717789,9.105979357,8,-97.32661,32.15743,6,6
13.8737106,15.98666491,2.748443973,11.82726164,7.855544678,9.371693622,8.99342737,9.209339872,6,-97.20981,32.72387,6,13
13.27603337,14.862619,1.76941876,14.60972857,7.907651595,9.187071745,8.965206803,9.359794325,9,-97.2761,32.49749,6,9
11.06491813,14.30752027,1.010019316,14.20479344,7.966239777,9.159152335,8.956222016,9.164086987,12,-97.35582,32.19011,6,6
11.67348698,13.79046963,2.087624549,14.56799212,7.68386398,9.115699968,8.825559855,9.252633284,6,-97.61238,32.49879,6,9
12.77938281,15.45018728,2.284107201,15.18227342,7.707512195,9.127067453,8.707978827,9.374243343,8,-97.63381,32.4054,6,7
12.20126611,13.83167914,2.098395575,14.60930004,7.844632644,9.182660803,8.838696812,9.007734472,8,-97.48507,32.30248,6,9
12.71649519,14.30442794,1.331854037,15.07303418,7.495541944,9.253878674,8.902591637,9.203819155,3,-97.42983,32.37824,6,9
12.04257677,14.45033983,1.425781591,14.21911393,7.897296473,9.135724579,8.939056445,9.125326998,11,-97.32657,32.15745,6,6
13.07420411,13.99954731,1.758638308,14.77121968,7.682482447,9.229750765,8.912607964,9.167432871,12,-97.41475,32.37275,6,9
12.2326805,15.21126008,1.293168743,14.95854348,8.068089626,9.221181395,8.926118971,9.126850061,6,-97.39881,32.1891,6,6
12.31511089,14.51473921,0.953790515,14.37798625,8.087025471,9.245804036,9.010669177,9.194718991,4,-97.30649,32.15485,6,6
12.16706151,13.74565338,0.349797626,14.52812207,7.6666902,9.166492972,8.806573821,9.263881139,6,-97.48515,32.30243,6,9
12.66825199,14.36999319,0.098451347,15.16025453,8.18729927,9.272469743,9.021960501,9.150908788,4,-97.20433,32.41276,6,9
12.61193767,14.93399083,1.250809766,14.60879534,7.99125393,9.104757609,8.834336974,9.229162126,9,-97.57124,32.37985,6,9
12.86253769,15.14951112,-0.506771529,14.81970227,8.303999971,9.194718991,8.78186249,8.984066928,4,-97.56942,32.38074,6,9
12.83138789,15.2192027,1.51056074,14.97648776,8.327242607,9.223947375,8.810310466,9.330786525,2,-97.56928,32.3808,6,9
11.00133288,13.32836077,0.31571118,14.18484266,7.813591553,9.092682329,8.941152882,9.072800958,9,-97.56231,33.15923,6,14
11.07794915,14.08592464,0.629225214,13.81469022,7.735433352,9.012133306,8.795884972,9.36048303,4,-97.55988,32.21397,6,9
13.35524338,15.31155578,1.837186653,15.20080442,7.541152455,9.236982303,8.926650321,9.230142999,8,-97.30334,32.81923,6,13
13.32752543,14.7823423,1.358219699,15.73626289,7.881559917,9.332380998,9.014082149,9.104757609,7,-97.32937,32.98745,6,13
12.25504851,14.7704834,-2.39834609,15.40503184,7.803843304,9.206332351,9.019179867,9.214830277,3,-97.20175,32.17887,6,6
13.8397377,14.97056619,0.600796034,15.89945594,7.556950572,9.376363156,9.006509132,9.243484971,7,-97.3292,32.98758,6,13
12.51698529,14.02366229,1.68160278,15.246828,7.823245691,9.354267541,8.895629627,9.336973023,3,-97.52586,33.01391,6,14
12.59875304,13.99532898,0.708112743,15.2244359,7.695303135,9.35617082,8.87696334,9.355825039,2,-97.53032,33.02393,6,14
13.23562063,14.66343679,1.618191569,15.95958116,7.643961949,9.484177038,9.153558358,9.113609183,6,-97.11456,33.15194,6,3
12.78220275,14.42281822,-0.773653069,15.38157071,7.910957383,9.203819155,8.897135342,9.351405812,8,-97.41875,32.96233,6,13
12.97763583,14.48459811,1.468546142,14.74810132,7.979338895,9.070848393,8.852950887,9.132378831,14,-97.50623,32.60811,6,13
13.36885464,14.7881389,0.206975433,15.21677973,8.041091004,9.208438565,8.998136761,9.314880551,6,-97.49505,32.63416,6,13
12.44361602,14.21238285,2.165741089,14.63961758,7.529943371,9.196647045,9.023167064,9.376532547,6,-97.23052,32.31913,6,9
12.615719,14.36958071,-0.40684851,14.79695287,7.932003152,9.211939093,9.00675432,9.35617082,5,-97.39857,32.5818,6,13
12.95625448,15.0724451,0.922328331,15.32121197,7.902487437,9.255887187,8.835646923,9.489107827,7,-97.5062,32.60816,6,13
13.05510971,13.94653882,1.75289885,14.81283403,8.169902647,9.246768729,8.857372833,9.203819155,8,-97.47407,32.34785,6,9
11.72494336,14.27939551,1.796499398,15.06306226,8.299783172,9.23190615,8.830104318,9.219300113,12,-97.62006,32.51029,6,7
14.07152935,14.92407318,0.613529834,15.57473444,8.220941168,9.406811352,8.975756631,9.16356318,6,-97.31938,32.40861,6,9
12.4800766,14.52155027,2.328618678,15.30470441,7.474204806,9.243484971,8.860499168,9.259606613,8,-97.5522,32.4135,6,9
12.90343344,14.13361514,1.811127192,14.91356869,7.953318347,9.281544131,8.881836305,9.244838412,5,-97.45832,32.3955,6,9
12.87468633,13.79469542,2.1114693,14.63540844,7.273092596,9.176886996,8.878497404,9.216322444,7,-97.45832,32.39558,6,9
13.17236043,14.08637704,2.504831482,14.85904767,7.760040681,9.209339872,8.934455109,9.216223035,8,-97.37426,32.39742,6,9
12.34904248,14.45204453,2.089058242,14.79742497,7.412764017,9.205126805,9.014447135,9.056023012,5,-97.38363,33.22874,6,3
13.16472339,15.09422806,2.24124952,15.46085601,7.68294317,9.35036315,8.945723572,9.118553976,4,-97.28109,33.07532,6,3
12.58576856,14.75508647,1.640362077,15.08071975,7.765569081,9.197052478,8.985946039,9.213335881,2,-97.25669,33.08903,6,3
13.18418634,15.17830059,2.214715662,15.57827881,7.986504939,9.404425796,8.97525075,9.145801851,6,-97.37005,33.19863,6,3
12.95872146,12.77138645,0.463066363,13.40453027,8.435983136,9.327145152,8.925055424,9.358760377,8,-97.62833,33.22842,6,14
12.46807915,14.06707984,0.340823042,14.05860496,8.255828427,9.116029693,8.815963561,9.372544252,8,-97.60221,32.44887,6,9
12.63323727,14.33430435,1.325295942,15.12833705,8.369620827,9.379154445,9.005159521,9.35677565,9,-97.07702,32.89356,6,13
11.19423421,13.68994733,0.704992818,13.94181716,8.327967858,8.817445921,8.643825842,9.318207743,9,-97.98231,32.73022,6,11
12.33237925,15.68548029,1.689851463,15.41540104,7.97831097,9.203416457,8.685753833,9.408699306,10,-97.80379,32.53216,6,7
13.73569216,16.10639749,1.888248415,11.89430278,7.618742378,9.363147292,8.955448122,9.126523886,8,-97.20983,32.72382,6,13
12.75111997,14.05529331,1.77303464,14.85137046,7.951207156,9.261128539,8.895766604,8.830543011,12,-97.42109,32.2749,6,9
11.61370249,13.72667934,0.362609962,14.38328497,8.342839804,9.159152335,8.895629627,9.210540352,3,-97.44775,32.55322,6,9
13.70996669,14.83075356,0.903865397,15.4833419,7.894318064,9.44367185,9.057655284,9.366489054,11,-97.07412,32.61277,6,13
12.39484833,13.8924716,1.388499387,14.57269113,8.386628821,9.1902397,8.879054662,9.36828385,6,-97.44771,32.55322,6,9
12.90711607,15.67180808,1.890162474,15.4124673,8.210124405,9.222268943,8.726967775,9.171599544,8,-97.60028,32.36719,6,9
12.31280372,15.28391472,1.616530712,11.29479433,7.890582535,9.252537421,8.953252165,9.077494459,11,-97.2914,32.12502,6,6
12.92897278,14.88140818,1.730886167,15.04461588,8.186185994,9.300181076,9.112948026,9.099967314,4,-97.5454,33.1869,6,14
12.51730766,14.19941149,0.627385931,14.55684772,8.171316875,9.119540008,8.97525075,9.33202689,14,-97.27012,32.49459,6,9
12.87196938,13.95966025,0.362774283,14.752916,7.914983006,9.206733876,9.015662793,9.112507012,10,-97.3623,33.11536,6,3
13.33310231,14.89085422,0.618064173,15.60365751,6.981005741,9.224440496,8.942199455,9.256746745,10,-97.3929,33.05165,6,3
12.92319511,14.05845674,0.689915088,15.29123786,8.338066526,9.202812106,8.839276691,9.227983807,6,-97.58204,32.69562,6,11
11.33692787,13.75495875,1.992083083,13.42571307,8.282230063,9.036106025,8.569406063,9.314610293,10,-98.28414,32.87448,6,10
12.87112637,13.97251431,0.85380856,14.70431498,7.890956716,9.177197153,8.906528918,9.189321005,11,-97.36907,32.84332,6,13
13.02792082,14.21944249,1.565250047,14.63987546,8.38526052,9.136693832,8.890410552,9.194718991,11,-97.54221,32.84724,6,13
12.47020842,13.73432545,0.122599416,14.50356178,7.821643126,9.196647045,9.036701016,9.184509612,8,-97.45359,32.96266,6,13
13.10090887,14.56359942,0.609291053,15.06032488,8.032360148,9.159152335,8.917310693,9.221379219,4,-97.30164,32.81456,6,13
12.73363444,14.92545836,-0.3108654,15.01607396,8.013343181,9.24009333,9.021598247,9.334326352,5,-97.44535,33.20151,6,14
12.30832684,13.44444688,0.429420322,14.13496888,7.919356191,9.058237594,8.802372134,9.146335042,12,-97.50537,32.3306,6,9
12.65601386,15.01764167,2.356324694,14.85044156,8.214735833,9.220389708,8.868694777,9.260082464,10,-97.59639,32.34931,6,9
13.28140948,15.14486413,-0.121795319,15.28985426,7.759614151,9.316500568,9.006631733,9.203919804,5,-97.24224,32.59213,6,13
13.1272534,14.80839189,-0.299681317,14.95657296,7.697575347,9.208839246,9.00307017,9.286189684,6,-97.24215,32.59213,6,13
12.56049355,13.92263971,1.017034932,14.36638424,7.891330758,9.059052258,8.799510901,9.071652852,11,-97.50541,32.33058,6,9
12.90017187,14.41312653,2.105549342,15.07859607,7.945555428,9.209840247,8.939056445,9.264828557,6,-97.39376,32.47997,6,9
12.71316732,14.03719384,-0.116462,14.70526428,8.252706677,9.237566358,8.929302842,9.326700173,8,-97.39847,32.37725,6,9
13.15768805,14.2535203,1.332576375,14.90426643,7.427144133,9.210740292,8.902591637,9.220884586,7,-97.41819,32.40359,6,9
13.02839989,13.94978005,2.151970874,14.75661019,6.64509097,9.224539091,8.946374826,9.330786525,6,-97.39591,32.5427,6,9
12.54167665,14.06008678,0.49865771,14.8434686,7.396335294,9.189014585,8.969160133,9.070733418,9,-97.35642,32.47787,6,9
12.39123599,13.91976967,0.523026303,14.57459996,7.607878073,9.147400572,8.904086914,9.223454011,8,-97.39588,32.54273,6,9
12.46577568,14.59253922,0.483612126,15.24088812,7.908754739,9.295783854,8.923591198,9.234740259,8,-97.39179,32.46764,6,9
12.58650025,14.26110622,1.035024858,14.90089575,8.120588712,9.239413619,8.963288276,9.158520623,7,-97.39366,32.47997,6,9
12.86416243,14.7824944,0.4239148,15.42019439,8.181720455,9.360655133,8.970813341,9.306195858,3,-97.30369,32.39335,6,9
12.78674518,14.07201151,1.590499302,15.27002509,8.292798858,9.308827319,8.882530508,9.228671329,7,-97.50728,33.00786,6,14
12.74081009,13.67106265,1.649217318,15.01216021,7.779048645,9.147613542,8.817297784,9.157783121,13,-97.51208,32.35789,6,9
11.86814235,12.86039843,1.807848278,15.02317992,8.123557835,9.130322664,8.875007486,9.177197153,4,-97.46349,32.34839,6,9
11.41207698,14.13701418,2.38975952,15.26603527,7.124478262,9.18962733,8.818778169,9.392828582,12,-97.57983,32.69023,6,11
12.47749957,14.06424388,1.999266879,15.28329458,8.104401308,9.155356064,8.839276691,9.223256597,8,-97.58201,32.69573,6,11
12.70024436,13.99699843,0.574820424,14.59890056,7.835974582,8.993924141,8.846496939,9.141526056,8,-97.5652,32.6207,6,11
13.42719898,13.9090009,0.228302926,14.80742811,8.224699562,9.125109228,8.923990745,9.299266581,9,-97.51859,32.82464,6,13
13.87393794,15.04766724,-0.024281936,15.14898203,8.018625465,9.381010986,9.017968479,9.210940192,9,-97.24474,32.44587,6,9
11.59157027,11.75587164,0.68523708,13.4153792,7.967626739,9.087155271,9.039314775,9.12858787,6,-97.35244,32.37597,6,9
13.01988759,14.26211761,0.06068778,14.53230102,6.539585956,9.010547069,8.790269111,9.446913344,8,-97.49292,32.35341,6,9
12.31902179,14.37169188,1.41703289,14.70511722,7.405495663,9.121727714,8.88086361,9.194515822,10,-97.49777,32.35815,6,9
12.91557042,14.06533499,0.938988871,15.26191082,7.367708572,9.343559216,8.889446165,9.236690147,8,-97.50731,33.00788,6,14
12.50326188,14.66700247,2.260044066,14.94748799,7.416979621,9.130322664,8.899457906,9.239996257,9,-97.70488,33.24131,6,14
12.89058768,15.33991332,2.394870576,15.18416678,7.738052298,9.117676687,8.74846363,9.209239767,10,-97.64519,32.43925,6,7
12.23343973,14.48590075,2.093360063,14.54931972,7.832807517,9.183996397,8.990566138,9.04192172,8,-97.15775,32.52551,6,9
13.35861267,13.17355067,1.794734475,14.45725181,8.117610746,9.176369852,8.962776046,9.040500593,14,-97.34773,32.93878,6,13
12.89770618,14.42091882,1.03087505,14.83541292,7.527793988,9.059517482,8.803874764,9.257223958,13,-97.49689,32.35997,6,9
13.47588796,14.18587201,0.586278408,15.19695166,7.583247524,9.344696424,9.070848393,9.283590834,12,-97.09871,32.51205,6,9
12.68546952,14.11809873,0.630804487,14.37678896,7.446001498,9.084096645,8.832003931,9.085910294,11,-97.53658,32.7956,6,13
13.01916718,14.71893649,1.896005782,15.02177294,7.546446274,9.255122515,8.971067439,9.516868732,7,-97.23977,32.60682,6,13
12.76578843,15.04987677,1.408939548,15.39756576,7.332369206,9.382948237,9.052047793,9.157150543,9,-97.14275,32.48443,6,9
13.32903603,14.55661899,1.65868559,14.99878196,7.993619995,9.236690147,9.000483165,9.22078563,3,-97.2066,32.59338,6,13
13.59887205,14.382722,0.469140738,15.00611298,7.663877259,9.455167134,9.09403125,9.261983605,5,-97.04743,32.58734,6,13
13.3665668,13.83259479,0.808848954,15.14121539,8.13123655,9.271999752,8.984944286,9.441372725,12,-97.21719,32.58054,6,13
12.59371996,14.350248,1.918438466,15.15128291,7.582738489,9.241839039,9.027738776,9.163039099,5,-97.30035,33.17313,6,3
12.24551929,14.63264372,2.551884994,15.04707032,7.800572655,9.151121012,8.883917471,9.229358378,8,-97.511,32.25944,6,9
12.54722676,14.64406238,1.493615233,14.97204452,8.342839804,9.16104508,8.888756748,9.363061459,7,-97.51099,32.25955,6,9
13.00629462,14.52167268,2.070840702,14.79108025,8.367532417,9.123365358,8.87276753,9.16680637,6,-97.5457,32.62168,6,13
12.2218328,14.46939702,1.411153592,14.96367145,7.630461262,9.142275641,8.845057054,9.264828557,7,-97.55653,32.6651,6,11
13.01660278,15.11856895,0.747754528,15.05779886,7.778630147,9.230142999,8.977146485,9.299449547,7,-97.5777,33.17672,6,14
12.35671432,14.33951042,2.464374615,14.7660056,7.749322465,9.070158341,8.847934753,8.963544292,9,-97.4824,32.58223,6,13
12.65973409,14.55298558,2.527150769,14.23371024,8.313607139,9.062768008,8.822027323,9.152923101,9,-97.51019,32.32194,6,9
11.99084146,14.00613092,1.116859234,13.79065418,8.036896773,8.985194818,8.827321453,8.986321438,14,-97.51021,32.32197,6,9
13.45006296,15.14777103,1.45616566,15.29123786,7.920446505,9.327945614,9.018210874,9.239899174,6,-97.24219,32.59213,6,13
13.88643676,14.65364167,1.373318418,15.57148947,7.727094485,9.270588452,8.980172206,9.338029733,7,-97.24213,32.52262,6,9
11.35459774,14.65707774,0.712861592,14.28819808,6.837332815,9.052867513,8.603921195,9.092907275,7,-98.14429,32.42695,6,5
13.03908394,14.3380082,0.581256915,14.76418561,7.824845691,9.142810715,8.931023216,9.199279425,8,-97.38206,32.58209,6,13
12.49107864,13.70346105,0.218563727,14.22927711,7.520776415,9.129780864,8.949235314,9.255313738,9,-97.45164,32.33694,6,9
13.16777451,14.52498128,1.372501222,14.75054453,7.906547232,9.155250406,8.897545599,9.138307169,13,-97.4608,32.98814,6,13
12.84268916,14.35229628,1.20559892,15.16317271,8.37609035,9.105535258,8.92305822,9.163248764,12,-97.37088,33.03998,6,3
12.14561114,14.66283699,2.039256846,14.65033524,7.957177323,9.192278229,8.779557456,9.310185707,9,-97.79281,32.36001,6,7
10.74746562,14.75598646,0.745655038,13.76999004,7.631916513,8.936035097,8.709300049,9.451952328,8,-97.79188,32.53238,6,7
12.40812738,14.0855377,1.580894421,14.68307564,7.830425618,9.147400572,8.888756748,9.291920359,8,-97.68599,32.85146,6,11
11.92594861,15.126165,-2.129778687,14.85060993,8.095293777,9.046055178,8.664578178,8.954286157,9,-97.67519,32.23951,6,12
13.1446355,14.46783574,1.388999434,15.12597812,7.41397029,9.325809622,8.885025658,9.325453179,8,-97.42242,32.5537,6,9
12.64701107,13.60478953,2.777019887,14.26743804,8.016647877,9.127284797,8.923990745,9.338645632,7,-97.42241,32.55362,6,9
13.40494647,14.10880982,0.349703791,14.1361626,8.213923596,9.201299627,8.95001403,9.065083359,9,-97.32448,32.50562,6,9
13.05188941,13.95733125,0.583247229,14.74948481,7.935945103,9.21880445,8.953252165,9.075779879,7,-97.24424,32.76392,6,13
13.19947256,13.89556865,-0.144671768,14.67364662,6.82437367,9.177300518,8.921057018,9.064157862,4,-97.29936,32.68626,6,13
12.55344243,15.05333275,1.819722787,15.29303177,8.214465161,9.243097936,8.949624748,9.165238398,3,-97.40987,33.05024,6,14
12.87892783,14.40975577,2.107888296,14.43532547,7.902117546,9.162095059,8.973097896,9.262648152,6,-97.27569,33.05155,6,3
12.00213718,15.44704259,2.418677717,15.18165221,7.690286021,9.12489141,8.704668113,9.00797936,8,-97.65472,32.32194,6,7
12.15032206,14.98240435,2.329095144,14.49380498,7.079184395,8.963928194,8.668024081,9.428993858,12,-97.73221,32.38293,6,7
12.41328192,15.07901562,0.828639762,14.90779487,8.175266104,8.994172434,8.649974303,9.487972109,9,-97.73225,32.3829,6,7
12.67358568,14.51583194,2.022526255,14.51618831,7.593374193,9.066700922,8.910585718,9.022443301,8,-97.23651,32.6759,6,13
12.53284441,16.00823614,2.403710641,15.72477125,8.171316875,9.003439196,8.618304693,9.410256237,8,-97.74308,32.34879,6,7
12.58266492,15.44907507,1.788854164,15.18335578,7.496652438,9.159152335,8.75636756,9.102086787,11,-97.80375,32.53214,6,7
12.5837211,14.10181668,1.037577677,14.92408902,7.438971592,9.259130536,9.001592701,9.359105145,8,-97.38322,33.09955,6,3
12.8286686,17.85546933,1.642981874,15.34868322,7.793586803,9.128045129,8.71489585,9.333354148,7,-97.6531,32.45971,6,7
11.7781932,15.16451833,1.993514917,14.90845683,7.897668151,9.006509132,8.66733585,9.35832925,4,-97.73229,32.38288,6,7
12.83610962,14.31628585,2.354314864,14.76296502,8.006034179,9.080459451,8.81135423,9.272375763,6,-97.72934,32.70716,6,11
13.00342442,14.18361988,1.736750875,14.6503552,7.888709524,9.062072355,8.764053269,9.286375058,7,-97.72941,32.70716,6,11
13.47684812,13.9560548,2.811940324,14.97641698,7.920446505,9.299632479,8.949754525,9.014325488,12,-97.35588,32.45598,6,9
13.29621584,14.16249874,0.856955336,15.21506117,8.294299609,9.247057955,8.945593271,9.183893722,11,-97.33127,32.45191,6,9
13.52759379,14.04741561,1.451248252,15.20272749,7.434257382,9.328390039,8.948585922,9.191870856,7,-97.2778,32.51724,6,9
12.67395215,14.28426341,1.195384808,15.44433454,7.697121317,9.345482966,8.996528148,9.01005849,8,-97.19959,32.33733,6,9
12.16488079,14.77486078,1.503073459,14.71606208,7.690286021,9.151757415,8.717682052,9.073833127,8,-97.7929,32.35997,6,7
13.03727814,15.04184154,1.711287261,15.04918856,7.60190196,9.112507012,8.801168402,8.987196821,7,-97.53871,32.43045,6,9
12.55006652,14.30715336,1.854144739,14.94720359,8.196161139,9.143559338,8.93458687,9.148464968,11,-97.40044,32.95466,6,13
12.94949222,13.30401805,-0.261048281,15.49017426,7.856706793,9.27799902,9.066354521,9.17543832,10,-97.10926,32.35962,6,9
13.49547332,15.75299963,0.237954799,15.37020756,7.760467029,9.404261065,8.979668554,9.316950107,6,-97.21924,32.69881,6,13
13.08464905,13.80242532,0.292150449,14.94114445,8.458716262,9.19258365,8.927977461,9.157045075,11,-97.41833,32.94282,6,13
12.20093949,14.06334672,2.182771648,14.66864933,7.756195344,9.105313134,8.881836305,9.137769679,8,-97.73323,32.80914,6,11
13.01040112,14.7075086,1.685740708,15.47607191,7.307872781,9.172015258,8.977146485,9.29118276,6,-97.28883,33.06029,6,3
12.7714177,13.86210784,0.609544968,14.92792121,7.426549072,9.118663583,8.959954084,9.268420583,12,-97.2205,32.52728,6,9
12.73572395,14.11709554,1.056017468,15.21177109,7.918628653,9.285355076,8.939187601,9.296426321,6,-97.36855,32.95783,6,13
13.39938432,14.25376549,0.103030825,14.84877333,7.775275846,9.115809888,8.879054662,9.241839039,11,-97.51005,32.92683,6,13
12.78281802,14.80769213,1.069699113,15.09665105,7.780303088,9.137769679,8.856233556,9.325631416,7,-97.53119,32.85062,6,13
12.78624708,13.87094526,-0.326673219,15.13221687,7.585788822,9.262837941,8.996528148,9.195226734,11,-97.27255,33.10106,6,3
12.67878822,14.84327111,2.29318832,14.48031073,7.651595574,9.223750059,8.942068693,9.314430081,8,-97.40772,32.53274,6,9
11.47850999,13.97677871,0.939608948,14.57131136,7.664815785,9.01833205,8.832003931,9.20532783,3,-97.74245,32.96704,6,11
12.59515427,14.16090714,1.348421921,14.38025716,8.03106018,9.065545787,8.881002624,9.311994026,12,-97.52491,32.28519,6,9
12.66314617,14.658809,0.030603954,15.25981247,7.596894438,9.244065241,8.909640602,9.287301413,6,-97.51636,32.91217,6,13
12.98674753,14.15974544,1.600354461,14.64697777,7.707062655,9.360827205,9.157888512,9.395491256,4,-97.11141,32.53974,6,9
13.38220755,14.72410777,2.240940898,15.03175476,7.519692404,9.323133199,9.071997422,9.236592743,12,-97.11139,32.5397,6,9
12.25753543,15.0711266,1.570408151,14.81174898,8.24196656,9.08262063,8.690137586,9.280052984,8,-97.61623,32.24053,6,12
12.12952632,15.21012025,1.890160043,14.95236423,7.857867559,9.102866514,8.723882105,9.111624399,14,-97.61992,32.23924,6,12
12.09261835,15.36426385,2.131601084,15.11326219,8.020270473,9.188197007,8.679482094,9.250714266,11,-97.6199,32.23927,6,12
12.22372099,15.41437274,1.7497623,12.69479375,8.046869511,9.183996397,8.793460361,9.383200645,10,-97.63666,32.45609,6,7
12.62049089,14.20162294,0.051235979,15.08570865,7.602900462,9.215327913,8.954415331,9.209540052,4,-97.46666,33.10843,6,14
12.59411689,14.55066303,0.379014599,14.53517016,8.036249942,9.12858787,8.935640334,9.297984882,6,-97.31362,32.48043,6,9
13.36215478,14.75934642,0.613808855,15.18127716,7.444248649,9.289428778,9.016391479,9.073947747,6,-97.22534,32.59395,6,13
13.37036499,14.54369664,0.738131298,15.1347352,7.505492275,9.177920481,8.850660919,9.081369991,10,-97.5312,32.85058,6,13
12.51645022,14.26569406,1.095103262,15.41251834,8.154787573,9.254835612,8.806873267,9.184714824,8,-97.61438,32.63659,6,11
13.45605461,14.72628611,1.577766562,15.20581736,7.723120092,9.319374133,8.979668554,9.446834408,8,-97.3643,32.51244,6,9
12.44372247,14.06158908,1.507728822,15.26035728,7.996317232,9.162724518,8.819517541,9.188094763,6,-97.58095,32.6093,6,11
12.47704209,14.61921428,1.311530878,14.71051228,7.791522819,9.282009659,8.970177815,9.245417899,13,-97.60009,33.18023,6,14
12.95886986,14.393303,1.089976678,15.26304723,7.907283609,9.229162126,8.973858256,9.214332393,6,-97.44355,33.12049,6,14
12.93958652,14.34917127,1.558239667,15.22526116,7.729295674,9.357811651,9.073718494,9.242807562,3,-97.05628,32.93798,6,13
12.38726023,15.48219799,0.64668382,15.57592899,8.354674262,9.157256001,8.966100857,9.292381082,12,-97.538,33.16057,6,14
12.23674733,14.37826427,2.260351009,14.68997879,8.178077464,9.071193241,8.824677891,9.214332393,6,-97.55127,32.58984,6,13
11.2966458,13.59345267,-0.538657535,15.28958683,6.997595983,9.397234791,9.14889041,9.411565459,6,-97.16136,32.05535,6,6
11.82024103,13.3814299,0.82684753,14.14196276,7.043159916,9.227000813,8.826147399,9.248599084,4,-97.60771,32.32874,6,9
13.33663892,14.57832465,0.600121391,15.0041957,7.923710334,9.262458326,9.000853147,9.52164131,6,-97.23502,32.6146,6,13
12.19592635,15.00115645,2.525228822,14.81908443,7.73280753,9.473704137,9.130214327,9.412382853,4,-97.19753,32.0842,6,6
12.0954483,14.22775265,1.362737892,15.26638969,8.479075869,9.28804188,9.00540504,9.455714972,12,-97.19742,32.60848,6,13
13.03121911,13.04979268,1.304674651,14.92979736,8.007034012,9.176783588,8.954156967,9.222170124,2,-97.46665,33.10854,6,14
12.09808089,14.48056686,2.634786009,14.28811455,7.813591553,8.918784138,8.643825842,9.064736398,5,-97.65406,32.3997,6,7
11.91582061,13.8924716,0.633786214,14.79827569,7.851661178,9.222268943,8.9692874,9.175541866,11,-97.26307,32.26937,6,9
12.91271091,15.47737848,1.311142211,15.46353475,7.403061091,9.347664563,8.919319398,9.099297073,7,-97.13317,32.47265,6,9
13.69784464,14.98551284,0.919571936,15.13591348,7.697121317,9.342508336,9.14729407,9.548810611,12,-97.10669,32.7252,6,13
11.43239847,13.85936954,-0.976170061,10.04216195,8.119100838,8.99974279,8.881836305,9.319463799,4,-98.06418,32.89482,6,10
11.89122491,14.62799201,0.577856815,14.25583689,8.185071478,9.15377002,8.707813551,9.125871215,6,-98.14025,33.09977,6,8
13.65942501,14.8339968,1.343794832,14.9859001,8.238272625,9.187583385,8.955319082,9.402364704,9,-97.30334,32.81934,6,13
11.57997645,13.48362439,0.511607435,15.15471331,8.259458195,9.275378768,9.050054242,9.351753125,8,-97.2577,32.02319,6,6
12.63294367,15.03499651,0.63333802,15.32955545,8.220133957,9.417354541,9.327234123,9.012499004,3,-97.5165,33.3907,6,14
13.15072729,14.82093169,1.060156395,14.86968599,7.932362154,9.336179757,9.00307017,8.980927208,6,-97.49699,33.1572,6,14
12.28790145,15.44278839,0.561988376,15.30399727,7.922623574,9.34145635,9.00307017,9.159047078,14,-97.26876,32.11487,6,6
11.70004383,13.64891273,1.804019634,14.53712274,7.618251098,9.062188331,8.879054662,9.389741,6,-97.42497,32.51964,6,9
12.94096859,14.230926,1.558970026,15.16087823,8.344505084,9.470933839,9.011279491,9.201904893,3,-97.21564,32.37076,6,9
12.52083229,14.76097167,1.411502764,15.05927718,8.311889558,9.34897124,9.035986985,9.3079207,2,-97.70142,32.75016,6,11
12.67142171,13.76316408,1.656636474,15.13245484,8.560444233,9.122710622,8.767173397,9.293393927,8,-97.69901,32.49,6,7
12.25758292,14.20660625,-0.038545848,14.54397758,8.293299359,9.028698584,8.596373989,9.476773271,8,-98.12268,32.48974,6,5
12.68447218,15.29269626,2.051998081,14.72798361,7.890208213,9.246672301,8.601166625,9.43986353,6,-97.85582,32.49867,6,7
11.78901814,14.50354469,1.961524332,14.14308331,7.788211558,9.14259672,8.686091728,9.008468956,8,-98.0362,32.95506,6,11
13.48153879,14.4986074,1.281084322,15.71483212,7.362010551,9.323758339,8.887100204,9.148039346,5,-97.41911,32.58126,6,13
13.08820248,15.08206372,1.837503698,15.20871102,7.797291274,9.293945956,9.022805248,9.304832035,7,-97.55098,33.23607,6,14
12.52721005,13.85253656,1.22990924,14.65462906,7.967626739,9.188299241,8.942460927,9.129130317,8,-97.41163,32.30825,6,9
11.82081449,14.63340315,2.063147145,14.97168773,7.539027056,9.104646467,8.766705998,9.169622539,12,-97.79875,32.59827,6,11
12.12239752,14.1057122,1.930031378,14.38921971,8.192293731,8.991313336,8.753055515,9.091331585,9,-97.80246,32.64771,6,11
12.76127012,14.21765014,1.91371406,15.01157074,7.906915489,9.251194366,8.833171133,9.302190026,4,-97.61168,32.47139,6,9
13.91655337,15.55464251,1.983113498,15.5910485,6.803505258,9.415890055,8.995536945,9.200290036,8,-97.24492,32.45081,6,9
12.98032505,14.17634504,1.532512879,15.0181711,8.131530711,9.279493231,9.090768237,9.261033486,6,-97.31715,32.61164,6,13
11.66200904,13.79272186,1.107824732,14.55939268,7.98480339,9.047703788,8.773384597,9.11316846,2,-97.61957,32.48021,6,7
12.98420645,13.99966377,1.874117784,14.77153725,7.613818685,9.177093778,8.964951212,9.315600883,7,-97.36925,32.56524,6,13
12.77952653,13.83874162,0.609805711,14.61973836,7.674617497,9.251962047,8.885994315,9.00393102,4,-97.43896,32.32667,6,9
12.76464503,14.25298906,1.793614901,15.12347088,6.966024187,9.310638093,8.926650321,9.425451752,4,-97.41173,32.30839,6,9
13.01739834,14.01132402,3.034976982,14.81144983,7.421775794,9.254835612,8.917444732,9.282288871,11,-97.44917,32.38097,6,9
12.3729421,14.45208739,2.010512337,15.24410406,8.074960359,9.172742342,8.801619971,9.061376219,4,-97.60254,32.45317,6,9
12.50586608,11.5220834,1.763553085,14.18940656,7.892078421,9.247636157,8.915432254,9.187890243,12,-97.45598,32.40941,6,9
12.45896527,13.62313867,0.462161576,13.68581864,8.13270649,9.116139577,8.978408315,9.363061459,13,-97.36735,32.58681,6,13
12.22162606,14.57163254,1.07170721,15.33786785,7.895436007,9.197356444,8.77801781,9.264070694,12,-97.60256,32.4532,6,9
12.7976106,14.37729542,1.865545192,15.17177861,8.26513563,9.236787542,8.945853857,9.184099061,3,-97.21711,32.77127,6,13
13.06667095,14.13759406,1.428063511,14.57119347,8.093462275,9.245514447,8.954156967,9.257605564,12,-97.21717,32.77102,6,13
12.71502952,14.31628585,0.365629666,15.10702985,7.809541325,9.302737221,8.880724576,9.329633378,13,-97.52541,32.72251,6,13
12.95852122,14.07787482,1.051736638,14.8657327,7.913521017,9.254835612,8.935903526,9.242032819,4,-97.21714,32.77114,6,13
12.18381681,14.26019638,1.809789656,15.04411197,7.508238775,9.242032819,8.886132618,9.429475902,12,-97.35979,32.60821,6,13
12.60900121,14.43077187,1.954853243,15.15391845,7.556427969,9.203919804,8.909505513,9.426419026,7,-97.3248,32.77645,6,13
12.12545352,14.66557601,2.998412285,14.44889924,7.639642288,9.00944743,8.776630098,9.517898598,7,-97.59509,32.2422,6,9
12.28691503,14.76143776,2.349994982,14.54203255,7.812782819,9.021719013,8.759040728,9.517825072,8,-97.59516,32.24223,6,9
11.72315398,13.60018263,1.726651544,13.97440994,8.509765676,9.070043286,8.991562278,9.215725844,11,-97.30045,32.18681,6,6
9.214830277,11.25557859,1.718255521,11.61457912,8.063377822,8.965845495,8.937481228,9.059052258,11,-97.83529,32.85983,6,11
12.7427736,14.16996303,2.102802599,14.82822285,7.274479559,9.235228087,8.896861744,9.154616223,3,-97.42342,32.54181,6,9
12.94398045,14.04662228,1.296384042,14.71109233,8.472614148,9.241935934,8.86220033,9.028698584,12,-97.54678,32.38149,6,9
13.20915373,14.32700396,1.407014443,14.97830068,7.498869734,9.202912856,8.952864142,9.048527076,13,-97.31159,32.38414,6,9
11.76895432,13.60065754,2.452476067,14.24279195,7.642044403,9.237760968,8.947676062,9.083075021,8,-97.39554,32.45579,6,9
13.45188724,14.94919458,0.154196125,15.60748884,8.193953024,9.464439807,9.043695295,9.247154345,5,-97.0375,32.94457,6,13
12.1562467,15.23416755,3.037935202,15.37134008,8.178638789,9.463198053,9.166910814,9.250714266,8,-97.25027,31.88254,6,6
12.43454597,14.73957103,1.090956095,15.38706902,7.551712215,9.237760968,8.788745882,9.217216676,6,-97.6302,32.45694,6,7
13.00483131,13.98763867,0.619682164,14.65176105,7.561641746,9.209439967,8.999619341,9.213335881,9,-97.31163,32.38415,6,9
12.29836464,14.64942787,-1.260279155,14.75224136,8.272059622,9.217812387,8.844480518,9.219795531,3,-97.68927,32.8656,6,11
12.70738112,14.56238806,1.297145414,15.23143265,7.913521017,9.405249044,8.880724576,9.610390847,2,-97.70193,32.86457,6,11
12.65599473,14.1348875,2.491015519,14.78244573,7.565275282,9.177507215,8.91449171,9.503905108,11,-97.39502,32.48682,6,9
12.31906199,13.97514333,1.076315804,14.55147007,7.961370202,9.173365136,8.885994315,9.302554856,9,-97.45566,32.40644,6,9
13.10185858,14.21092533,2.040506929,14.87940096,7.771067086,9.277157545,8.837100411,9.03085479,11,-97.54673,32.38149,6,9
12.39117782,14.50890771,1.849193361,13.99783211,7.642524134,9.077951184,8.917310693,9.256937657,12,-97.57398,32.83937,6,11
12.47006251,13.78195377,2.318971282,14.57764261,7.473069088,9.141311786,8.861066544,9.188094763,10,-97.45162,32.34504,6,9
13.00625868,14.56692665,-0.558577279,15.2298412,7.788211558,9.345395603,8.830689199,9.186457432,2,-97.57267,32.47052,6,9
13.1093754,14.50897119,2.772537109,15.16401271,8.260492857,9.380167531,9.017968479,9.288134399,4,-97.06586,32.87114,6,13
12.45420535,14.3205193,0.898502385,15.09447914,7.626082758,9.203315757,8.793005091,9.355565624,4,-97.60851,32.48227,6,9
12.53976602,13.6035542,2.260301446,14.38637484,7.82084088,9.126850061,8.874587876,9.385469458,11,-97.45158,32.34505,6,9
12.97128929,13.82856498,2.44173588,14.57723092,8.034955025,9.18737876,8.941152882,9.247154345,4,-97.36162,32.5161,6,9
12.46281344,14.29323679,0.308831035,15.06888134,8.240121298,9.377548291,9.012986392,9.219300113,11,-97.0644,32.88479,6,13
12.18681337,14.17632691,2.545422238,16.37306061,7.950854858,9.16136019,8.801017834,9.139595967,6,-97.60846,32.48227,6,9
13.45367949,7.050989447,0.231447202,14.67632325,8.194229305,9.114049712,8.989693701,9.198369,8,-97.59033,33.21761,6,14
12.28257525,13.4634919,2.283443922,14.35902135,7.772752716,9.182763604,8.943897803,9.277344601,7,-97.41166,32.30829,6,9
12.99718783,14.77854975,2.073548257,15.41411601,7.972466016,9.287579152,8.796490207,9.140454245,7,-97.59288,32.45191,6,9
11.31581509,14.34966201,2.728650158,14.24579835,8.284756593,9.064505024,8.843182098,9.096611607,6,-97.53485,32.46585,6,9
12.10974895,14.88489999,0.920138862,14.49812143,8.040124664,9.081711229,8.547334348,9.076808979,8,-98.14266,32.34591,6,5
13.17302988,14.07603852,0.668018413,14.73658105,7.855544678,9.228082053,8.921857979,9.210840247,6,-97.36775,32.55057,6,9
12.91807838,13.91722744,1.342252622,14.68763371,7.836764783,9.104424146,8.914088349,9.092119741,7,-97.4086,32.39607,6,9
12.02248028,14.87897914,1.988684494,14.51807724,7.440146681,9.14772001,8.561401446,9.134538659,11,-98.13351,32.42446,6,5
12.67657927,14.22097567,1.706269397,14.80945098,8.34640487,9.130214327,8.806424064,9.199481629,8,-97.51259,32.57861,6,13
12.45386978,14.6919867,2.744706693,15.48057048,7.620214771,9.254548627,8.793005091,9.234740259,8,-97.63384,32.50888,6,7
12.27510418,13.62313867,1.674175201,14.23437351,7.522400231,8.955448122,8.817297784,9.118225083,4,-97.77786,32.78521,6,11
13.13226816,14.64868052,1.710803993,15.0427834,8.069342367,9.262078567,9.033603193,9.157466882,6,-97.2542,33.10281,6,3
12.92875921,13.92883924,0.185882065,14.7199125,8.24407127,9.169101624,8.924789361,9.417598414,12,-97.36875,32.53518,6,9
12.97756417,13.67048479,1.353782876,14.60787392,8.167635715,9.179984252,8.926650321,9.156939595,2,-97.4156,32.60191,6,13
13.30825688,14.56462211,0.653806549,15.21582764,8.004365565,9.276596168,8.919988071,9.115260166,8,-97.36751,32.5868,6,13
12.37498385,14.24951777,-0.36764626,15.08586868,8.138564737,9.301094735,8.869960511,9.218606116,12,-97.60315,32.49105,6,9
12.15275625,14.3396472,0.486391967,15.11744076,7.956827122,9.243775148,8.910990495,9.159257582,2,-97.67804,33.12953,6,14
11.53631967,14.51588158,1.232075658,14.50567028,8.121777419,9.016391479,8.815370001,9.299632479,8,-97.49712,32.30832,6,9
11.30377111,14.50915761,1.824774152,14.51255513,8.521981708,9.005773206,8.836809882,9.307739278,7,-97.48757,32.29931,6,9
12.87935635,14.05641544,0.309002647,15.27956148,7.763871288,9.199481629,8.846496939,9.251194366,7,-97.61098,32.73768,6,11
12.73323903,13.51669743,1.11272649,8.987196821,6.486160789,9.11316846,8.983188799,9.336091577,9,-97.33338,32.57343,6,13
11.26316839,14.41982652,2.693749464,14.49776159,8.118505068,8.971829344,8.581106517,9.357466437,11,-98.0202,32.73662,6,11
13.22988416,14.08048679,0.639158999,14.83678958,7.788211558,9.11195547,8.926783114,9.099967314,4,-97.36081,32.56639,6,13
12.82894757,14.69575952,1.500185706,15.33987804,8.119993828,9.16785032,8.982184279,9.193092479,10,-97.3883,33.0502,6,3
12.18383215,15.17648711,1.529002661,14.73808709,7.786136438,9.166597449,8.635153989,9.209640127,4,-97.87548,32.4404,6,7
10.29792542,14.91838044,-0.09503073,14.59355939,8.199189359,9.19776159,8.580167991,9.053452616,3,-98.05192,32.40422,6,5
12.71399807,14.23265388,2.042130679,14.9046057,7.732369222,9.181632208,8.792853289,9.02737861,7,-97.6106,32.47915,6,9
12.9586932,14.0278447,1.35590744,14.81717793,8.434897949,9.21820933,8.945071894,9.177507215,12,-97.39497,32.48681,6,9
13.45879561,15.09810968,0.976347724,14.82924301,8.145549632,9.278185919,8.982435504,9.21662061,4,-97.31944,32.49338,6,9
13.26079226,15.34586197,0.877240067,15.30809955,8.016317899,9.36391946,9.036225052,9.277064004,12,-97.17992,32.4817,6,9
12.17382318,15.32645322,1.685191212,15.18720435,7.44775128,9.428672366,9.04192172,9.414504957,9,-97.25377,32.11773,6,6
12.24614876,14.71037334,1.53410938,14.49216447,8.24957515,9.093806556,8.789507787,9.37627845,12,-97.59362,32.26482,6,9
13.19461892,14.81393412,0.221913741,14.53202166,7.895436007,9.20532783,8.872907674,9.406071616,12,-97.43289,32.52536,6,9
12.39621355,14.03384255,1.398088373,15.2765705,8.334951631,9.240578555,8.966866554,9.445254379,9,-97.293,32.21728,6,6
12.61207094,15.27505538,1.047959525,15.00249569,7.845024417,9.174194925,8.785692444,9.309189736,4,-97.55986,32.29537,6,9
12.35268498,14.94600904,1.697891667,14.68462834,7.864419905,9.260558088,9.028578658,9.210240367,9,-97.15888,32.49249,6,9
12.46262776,14.22164211,1.233150745,14.87335293,7.470224136,9.322954516,9.080117785,9.363662137,12,-97.03755,32.92132,6,13
13.19785297,14.58769995,1.670534617,14.6377921,8.028129059,9.308646061,9.044757931,9.346006983,6,-97.49704,33.15734,6,14
12.30613515,13.66983718,0.515806262,14.62723513,7.566311015,9.134538659,8.980801414,9.329899607,13,-97.57197,33.19483,6,14
12.62779817,15.49953633,2.248083969,14.00631024,8.251924714,9.341544058,9.113609183,9.227295813,5,-97.30845,33.28444,6,3
11.78852483,14.6588004,1.948673444,14.31255039,7.981733287,9.140025198,8.627839712,9.390576422,5,-98.03658,32.48346,6,7
12.4526358,13.83335048,-0.167001381,14.74849792,7.313220387,9.159047078,8.961879013,9.317399444,6,-97.58584,33.18038,6,14
12.46273994,14.03687733,1.589402299,14.70597135,7.690286021,9.252249775,8.977777599,9.163772736,10,-97.28042,32.39334,6,9
13.16612377,14.7575205,2.170379572,15.41625358,7.986844901,9.408043031,9.077151778,9.149528233,2,-97.23451,33.08861,6,3
13.36810251,14.51284894,1.815751544,15.15549079,7.817625443,9.232004012,8.956479848,9.261983605,6,-97.27703,32.50988,6,9
13.40822329,14.6479848,1.05252128,15.29457369,8.368693183,9.29366998,8.902455592,9.0653146,9,-97.39744,32.5338,6,9
12.71117794,14.14840497,0.662580956,15.04996407,7.497207223,9.16293425,8.820994646,9.129672469,8,-97.51789,32.2484,6,9
11.69847514,13.7011093,1.155156309,14.67354062,8.173575487,9.158309964,8.937218451,9.227492431,13,-97.51675,32.24936,6,9
12.54181605,16.85612107,0.278714187,14.42520874,7.429520843,8.95751051,8.692657961,9.075665469,7,-97.74205,32.50014,6,7
11.82035134,14.94555691,1.240356708,15.17168174,7.530479995,8.983941528,8.618485443,9.260843354,7,-97.6824,32.2373,6,12
12.12855425,14.24247881,-0.016002326,14.73338244,8.280457687,9.168267596,8.882252885,9.339612708,5,-97.43669,32.33605,6,9
12.74936159,13.96349944,2.057587345,14.70031805,8.050065423,9.07612303,8.907883014,9.260367866,6,-97.45259,32.98805,6,13
12.76404136,14.65119843,1.448198587,15.39517666,7.786967003,9.61873452,9.188810253,9.175231195,6,-97.06568,32.91621,6,13
13.13096825,14.18249814,1.744280223,14.09611061,7.590852124,9.240869577,8.978282203,9.098290868,7,-97.36418,32.52547,6,9
13.2970072,14.03062194,-0.061917322,14.72270726,7.24636808,9.182763604,8.92038906,9.259606613,12,-97.26759,32.76916,6,13
12.55689852,13.61583936,0.933764778,14.40114379,7.349230825,9.142061531,8.948326046,9.133459328,6,-97.20677,32.79772,6,13
11.3386316,14.00893689,1.699688069,14.54820532,8.243019469,9.088511664,8.803273983,9.638740451,12,-98.03256,33.15992,6,8
10.91989508,13.75788145,1.070543059,14.78721821,7.673223121,8.947415951,8.681350778,9.245900547,12,-97.65116,32.23521,6,12
12.30431035,13.83571899,1.607576185,15.19342138,8.276649125,9.192787213,8.910315776,9.137554602,7,-97.41108,32.52242,6,9
12.37440514,14.56326902,0.885102323,15.21900121,7.888334501,9.361944956,8.866158492,9.228867677,2,-97.56928,32.46187,6,9
12.82312141,14.90743386,-0.617937553,16.4301758,7.778211475,9.326522126,8.843182098,9.116798628,4,-97.57267,32.47056,6,9
12.3086518,6.812345094,0.215126067,14.14681949,8.013674143,9.053101596,8.851520272,9.267665439,9,-97.46733,32.51855,6,9
13.68436489,15.2067651,0.692655331,15.17272543,8.29154651,9.255600503,8.927314111,9.136693832,9,-97.38165,32.49939,6,9
12.73955564,14.7981881,1.878207438,14.92288237,8.14786713,9.271905728,9.076237387,9.325453179,7,-97.14786,33.08302,6,3
12.48972787,14.42527613,1.036394419,11.26446411,7.75576717,9.084777149,8.797397374,9.301094735,6,-97.67441,32.50193,6,7
12.68341801,14.16968237,1.519766713,14.82469255,8.040768994,9.203919804,8.879054662,8.992557427,12,-97.45424,32.53456,6,9
12.25429598,13.18063229,0.46023271,13.85093175,7.685703061,9.160309438,8.912607964,9.491073355,6,-97.42506,32.44471,6,9
13.70988779,14.8284197,2.553429661,15.45111668,8.225770799,9.339261152,9.027618735,9.129130317,6,-97.18756,32.57762,6,13
12.17323949,14.29310344,1.429518231,14.89217576,7.825245291,9.11018849,8.707813551,9.122601458,8,-97.83056,32.72202,6,11
12.4510364,14.85698796,1.498814724,14.6074754,7.245655068,9.114049712,8.815815204,9.052750451,8,-97.70211,32.4646,6,7
13.34850403,14.95718234,1.77672238,15.89470432,8.115221973,9.368796058,8.998878325,9.306195858,6,-97.2932,32.99604,6,3
13.13741552,14.78869189,1.841750777,14.83910184,8.182838711,9.191055611,9.037176753,9.107975365,11,-97.37755,32.48889,6,9
12.09323424,15.04181221,1.236813651,14.68579086,7.444248649,9.127502094,8.574895902,9.2570331,4,-98.04805,32.40298,6,5
11.90012476,14.42614532,2.550318046,14.3476647,8.404472321,9.121946221,8.723394022,9.252441548,2,-97.80983,32.63623,6,11
12.63533891,14.3038206,1.254689513,14.97315373,7.540621529,9.243968553,8.776012719,9.135293498,9,-97.60318,32.44207,6,9
12.95185971,14.04667148,1.586508507,14.69795739,8.038834758,9.261888634,9.024131268,9.136047767,8,-97.38966,32.40217,6,9
12.68913131,14.31374565,1.389624815,14.96689175,8.02059915,9.274441297,8.806573821,9.181014543,8,-97.60318,32.44211,6,9
12.77953217,14.07602696,1.990524998,14.72684905,8.106212903,9.250714266,9.030016818,9.131838144,12,-97.17067,33.06543,6,3
12.56733853,15.37293913,2.004947298,15.29010467,7.251344983,9.3079207,9.037176753,9.281171553,6,-97.13039,32.44452,6,9
13.55168042,14.60427696,1.624241808,14.63627801,7.868254266,9.369052063,8.942460927,9.203718496,12,-97.40259,32.40689,6,9
12.59565224,14.08362747,1.756138309,14.94046288,8.567315801,9.231122911,9.013229998,9.377971213,2,-97.38961,33.09861,6,3
12.12961268,13.71015004,2.661497004,14.38247528,7.775275846,9.222466552,8.890135108,9.081369991,12,-97.39653,32.29468,6,9
13.19636634,15.22240429,1.618043373,15.2040469,8.117908942,9.169726689,8.794824928,9.103645633,9,-97.51277,32.33953,6,9
11.75491432,14.31893446,1.099933542,14.92673893,7.982074875,9.345919666,9.121509158,9.048997222,2,-97.19726,31.98413,6,6
12.58493365,14.24729297,-0.661667188,15.07997282,7.544332108,9.132811169,8.942460927,9.228965836,6,-97.40389,33.02059,6,14
11.10701526,14.22097567,2.254792543,14.01592249,6.063785209,9.079434102,8.775085935,9.143131622,3,-97.89945,32.99744,6,11
11.78610792,13.51333733,1.276674026,14.34244257,7.921535632,9.285911559,8.837826364,9.089866219,13,-97.50251,32.33917,6,9
13.07818158,13.89985171,1.573408887,14.66429132,7.98752448,9.052984561,8.901094122,9.068315872,12,-97.45979,32.95001,6,13
11.83476256,15.38749579,0.873136988,15.12583653,8.112527763,9.123801611,8.699848026,9.199279425,6,-97.70023,32.31415,6,12
13.13847686,14.58787133,2.560974824,15.01616306,7.622663951,9.257414779,8.899184943,9.252441548,10,-97.45335,32.97535,6,13
12.2605561,13.91245576,1.303039882,14.89297684,8.050065423,9.197457746,8.936561205,9.322775801,7,-97.33456,32.26622,6,9
11.88332973,13.91987057,2.082187063,15.038614,7.868254266,9.230339058,8.950273467,9.265396578,6,-97.33445,32.26625,6,9
12.98590657,14.71614334,1.990832268,15.67474455,8.005367067,9.220686664,9.029417836,9.465602553,10,-97.24479,33.10962,6,3
12.86407699,14.62821697,1.664920469,15.36420179,7.784889296,9.498522319,9.195226734,9.13884437,11,-97.09652,33.16879,6,3
11.78632858,13.86951188,0.756710315,14.6496068,7.758760544,9.204825191,9.04192172,9.109967398,8,-97.06119,32.91696,6,13
11.55717199,14.1113096,1.550041001,14.459063,5.303304908,9.070503427,8.521185213,9.333530983,11,-98.08239,32.33454,6,5
12.14365454,14.24456198,0.705560744,14.36333828,7.862112212,9.15377002,8.887376485,9.238927829,8,-97.56396,32.33295,6,9
12.525148,14.76233049,1.621766158,14.78408933,7.629489916,9.13905917,8.827614751,9.229652683,12,-97.62065,32.40738,6,7
12.59693837,14.59831561,1.843683859,15.47184083,8.009363077,9.279866435,8.973984927,9.258940042,6,-97.44287,33.11487,6,14
12.65964832,14.33311317,1.601563533,15.12379527,7.708859601,9.289151552,9.02352875,9.09492952,8,-97.3688,33.14211,6,3
12.83519051,14.2386846,1.723166018,15.14912698,7.631431665,9.212837252,8.967759127,9.376109015,12,-97.45243,33.09039,6,14
12.75201538,14.5269887,0.929135565,15.40005765,8.515191189,9.342245443,9.012011377,9.263312257,3,-97.36922,33.1301,6,3
13.45946399,14.74242466,2.416568508,14.89850959,7.869019376,9.129455643,8.856233556,9.290998275,12,-97.49405,32.64162,6,13
12.20231058,14.46051736,1.625613366,14.15020121,8.090095783,9.260082464,9.04192172,9.313257906,9,-97.16975,32.34863,6,9
13.97837233,15.70130667,0.434515797,15.66467473,7.391415235,9.423837546,8.95493186,9.308283446,8,-97.27059,32.47851,6,9
13.07606391,13.97529676,1.682315088,14.63107358,7.349873705,9.254835612,8.938400406,9.106312302,4,-97.30715,32.54267,6,9
12.31828911,14.15910026,1.293405869,15.14805281,7.252053952,9.200290036,8.935903526,9.211040127,11,-97.61409,33.20322,6,14
12.62458559,15.02951904,0.135529114,15.55494568,7.336936914,9.294957218,9.104757609,9.400795429,6,-97.15766,32.22906,6,6
12.11591268,14.01865546,2.158656267,14.62126742,7.691200098,9.132703102,8.955448122,9.391911647,6,-97.75968,32.93341,6,11
13.55839002,14.15910026,2.01910453,15.03227085,7.937374696,9.257987025,8.929567708,9.470933839,11,-97.26758,32.76912,6,13
13.13852212,14.24764356,1.341582782,14.79433656,7.171656823,9.129347213,8.920121752,9.275097619,8,-97.53899,32.60543,6,13
13.72515906,14.91395617,1.321107343,15.31957995,7.951559331,9.324293862,8.959954084,9.236203032,4,-97.26723,32.61515,6,13
12.55790137,14.6195822,1.297456358,15.19458542,8.084254106,9.279399908,9.04192172,9.142168592,10,-97.20531,32.19396,6,6
12.38867333,13.26954986,1.506688709,14.64000437,7.117205503,9.180911561,9.000113046,9.248983996,9,-97.25394,32.63154,17,13
13.67962783,14.25373581,1.260117842,14.91946256,7.709756864,9.28804188,8.981178748,9.259130536,7,-97.33387,32.95603,17,13
11.64704543,13.72770505,2.672982556,14.57371488,7.392647521,9.207135241,9.062768008,9.031452912,7,-97.11377,32.38023,17,9
11.62668263,14.03865411,-2.980381324,11.00209984,7.770223204,9.014933576,8.639410824,9.13884437,8,-98.05352,32.41529,17,5
11.9916844,12.91040702,2.048373096,13.54755006,7.31521839,9.254548627,9.046644279,9.243097936,7,-97.29428,32.29199,17,9
12.51699261,13.97379554,2.053551889,14.82267765,7.96797318,9.085003881,8.904494329,8.896040502,6,-97.38985,32.95264,17,13
13.59613116,14.3102068,1.672587327,12.03765399,8.163371316,9.271435471,8.900821605,9.026537719,11,-97.45286,32.39801,17,9
12.56226697,13.73007684,0.898514568,14.34980854,7.980707821,9.04581944,8.965462329,9.089527752,9,-97.33517,32.9447,17,13
13.14468049,14.55963598,0.912804939,15.64298846,8.142063283,9.260367866,8.942460927,9.101194925,14,-97.37553,32.90694,17,13
11.36887032,13.75065199,0.500675366,14.00621356,7.803843304,9.214631153,9.052750451,9.333442569,6,-97.31634,32.28765,17,9
11.64280394,13.14510286,2.208468911,14.15696323,8.05610966,8.992681751,8.855805993,9.1616752,7,-97.57669,32.9322,17,11
11.54489883,14.45028683,1.578435516,15.01941096,7.644919345,9.122601458,8.76950712,9.13905917,9,-97.68511,32.67712,17,11
12.145218,13.34870182,1.557896816,10.71441777,7.181591945,9.158204618,8.896998553,9.318297513,6,-97.44369,32.29801,17,9
12.7224558,14.0412643,2.101831997,14.79876138,8.040768994,9.085683767,8.93485034,9.143131622,7,-97.30067,32.60918,17,13
11.58409197,12.83201108,2.431816434,13.95066189,7.865187954,9.04192172,8.639410824,9.175955945,5,-97.84479,32.37692,17,7
12.28765263,14.65442509,2.027446677,14.92117393,7.874739125,9.2043223,8.845057054,9.329189506,10,-97.62808,32.77069,17,11
12.51140061,14.34649345,0.929768609,14.92526652,7.206377291,9.258177701,8.865029187,9.17543832,11,-97.628,32.77072,17,11
11.84262482,13.45597438,2.388582382,14.46027599,7.61283103,8.965206803,8.681011277,9.201904893,8,-97.79148,32.51353,17,7
13.40091742,14.99072179,1.783363081,15.28421498,7.69802917,9.184201714,8.838116598,9.093806556,12,-97.56097,32.40101,17,9
12.5448458,14.61146069,2.322517817,13.81551056,8.082711134,9.126958763,8.834919385,9.096051226,6,-97.55076,32.50025,17,9
11.58707701,13.69447223,2.590266525,9.392661929,7.621684999,9.005527777,8.583542572,9.04192172,9,-97.87958,32.47598,17,7
13.58347635,13.99393537,1.49279834,14.82375822,6.749931194,9.173987543,8.92038906,9.213834261,4,-97.50041,32.98139,17,13
12.88890178,14.64776729,0.866483604,14.87330085,7.549609165,9.249753374,9.057189192,9.26860928,11,-97.23821,32.33954,17,9
12.29137381,14.42972275,0.675881083,15.08735825,7.172424577,9.13798471,8.812843434,8.977903774,13,-97.7636,32.72146,17,11
13.2459111,14.74747777,1.68089169,15.01848286,7.521859252,9.157150543,8.818334284,9.27312736,5,-97.54747,32.40935,17,9
13.13241469,14.09276343,1.617303431,15.01604747,7.380255788,9.139917908,8.933268479,9.143131622,11,-97.39434,32.98419,17,13
12.83325896,13.85761173,-0.554629961,15.06828153,7.591861715,9.189218875,9.03539157,9.023649283,9,-97.38212,33.22185,17,3
12.87483235,14.466598,-1.306895104,15.38673017,7.777792626,9.235032985,9.047233034,9.183482918,9,-97.33181,33.14733,17,3
12.61617366,14.09616802,-0.69038947,15.03634048,7.828436359,9.247154345,9.087607607,9.257987025,4,-97.34352,33.14256,17,3
12.8373524,13.83531319,0.799496749,14.77692837,7.35436233,9.147081032,8.940236232,9.213535263,8,-97.50888,33.09685,17,14
12.79998219,14.27554276,1.692492039,15.17777705,7.864035659,9.151651376,8.951051374,9.168788945,14,-97.38527,32.99862,17,3
13.12570579,14.0231343,1.979013343,17.21895561,7.612336837,9.273315171,9.078521797,9.142810715,14,-97.33052,33.13328,17,3
13.27361042,14.10324263,1.115526791,15.01547534,7.691656823,9.27799902,9.037771107,9.195226734,7,-97.34568,33.13913,17,3
12.72532169,14.3864901,-0.202492485,14.67417218,7.381501895,9.2716236,9.015541294,9.244741799,10,-97.17718,32.5216,17,9
12.58742264,14.42339937,2.102709438,15.32478377,7.957177323,9.190137665,8.980675604,9.275659838,10,-97.30725,33.05892,17,3
12.82951599,14.31081637,1.63109617,15.22404575,7.297768283,9.210340372,9.035510681,9.15440474,6,-97.33777,33.14835,17,3
13.02972822,14.22596321,0.780871579,15.03133061,7.175489714,9.209039526,8.980927208,9.162199997,12,-97.48044,33.09031,17,14
13.50181437,14.5266941,1.304447523,14.7893152,7.237059026,9.148784066,8.935903526,9.285726099,6,-97.34,32.43132,17,9
12.67251055,14.56621885,1.032081726,14.80876233,7.26961675,9.278185919,9.042868018,9.333088837,9,-97.18026,32.3837,17,9
13.12594496,14.05410453,2.866635832,14.91188635,7.416378479,9.114159814,8.972083183,9.18152929,10,-97.25768,32.62772,17,13
12.61227748,14.59941438,2.023648789,15.175119,8.0522965,9.097619502,8.823353485,9.038840054,8,-97.57598,32.32362,17,9
11.99146134,14.45683799,-0.708479225,14.76093903,7.757478767,9.103200496,8.866158492,9.230142999,9,-97.58624,32.32783,17,9
12.06009266,14.71482358,2.750412497,15.15943485,7.994969523,9.017968479,8.722580021,9.093019729,12,-97.8103,32.3996,17,7
12.9503121,14.66647953,0.932310738,15.04215012,8.103191752,9.150590368,8.865876285,9.014447135,6,-97.5963,32.31216,17,9
9.535534969,14.5267383,0.84428118,14.9372689,7.903965634,9.066700922,8.799360083,9.234447447,8,-97.5946,32.33373,17,9
11.06278721,13.58898755,1.997605424,14.71183284,7.762170607,9.140990294,9.002085433,9.024251729,6,-97.19488,33.01687,17,3
12.29437194,14.27171884,0.274366413,15.29781258,7.902857191,9.356257247,9.016755623,9.103311799,14,-97.19871,33.01356,17,3
12.58937053,14.09723768,-2.329781596,14.95128567,7.65349491,9.339612708,9.011889433,9.112727543,12,-97.18518,33.01291,17,3
12.52071549,13.98430774,1.631374712,14.82828387,7.80710329,9.320986892,9.032409163,9.030495745,13,-97.18513,33.01286,17,3
12.42176047,14.2115985,0.724862759,15.16696551,7.893945138,9.151969459,8.872487182,9.07543661,12,-97.50974,32.70242,17,13
12.88526541,14.49981879,2.318997929,15.46005342,8.145259567,9.170039075,8.812843434,9.154933365,3,-97.55604,32.62052,17,11
11.8008975,14.0115542,0.987012796,14.73242589,8.029432841,9.143880005,8.839276691,9.032528631,4,-97.68524,32.5746,17,11
11.88508884,14.09622844,0.805953831,15.27455572,8.222553638,9.267098706,9.088511664,9.105979357,11,-97.4103,33.40161,17,14
12.00187964,13.6035542,2.235450262,14.3062906,7.549609165,9.050992879,8.817297784,9.292749508,13,-97.71831,32.57002,17,11
13.01188088,14.33614314,0.292109236,15.53801212,7.790696031,9.34145635,9.120743838,9.234252192,14,-97.3717,33.37257,17,3
12.4561463,14.01593968,2.097835849,15.07608692,7.452982329,9.375346207,8.984066928,9.277064004,9,-97.19878,33.01353,17,3
13.86549239,14.43257066,2.943106087,15.42245376,7.592366129,9.206834233,8.970050662,9.206131527,6,-97.28061,32.55909,17,13
11.35425793,13.6942634,-0.036530745,15.05821107,7.793586803,9.320986892,9.014325488,9.274816391,12,-97.4249,33.28171,17,14
12.83817652,13.84786157,-0.402283529,15.14471221,7.696212639,9.14174028,8.832733592,9.050992879,7,-97.57087,32.61586,17,11
11.84308496,13.75632303,2.504257021,14.38947885,7.522940918,8.989194823,8.901094122,9.348187439,9,-97.47731,32.90112,17,13
13.61187057,14.20605626,0.579254896,14.95895854,8.064636476,9.205629292,8.987196821,9.390409394,8,-97.26404,32.44557,17,9
14.2504445,16.27579044,1.89770675,15.40226759,6.880384082,9.222664122,8.980927208,9.150059441,11,-97.20902,32.48359,17,9
11.65290478,14.08139937,1.500447348,14.13095905,7.752335163,9.082507,8.853665428,9.040737588,12,-97.53393,32.48397,17,9
12.70308024,14.82390269,-0.185825661,14.8896382,7.563719668,9.148464968,8.825412915,9.239802082,6,-97.54548,32.36498,17,9
12.94389439,14.62316163,0.084893558,14.55420455,7.035268599,9.195226734,8.860782896,9.079206104,4,-97.4842,32.476,17,9
12.68804499,14.62764716,1.703750272,14.57550812,7.848153086,9.011523513,8.792549614,9.118773178,10,-97.58655,32.26822,17,9
11.84195579,14.52385222,1.263917781,13.9995132,8.191740021,9.030016818,8.565983356,9.166910814,12,-98.06498,32.39429,17,5
13.05196237,14.31908496,2.489070944,14.88074805,7.432483808,9.153134898,9.010547069,9.070503427,5,-97.26043,32.63754,17,13
12.76707889,14.45611788,1.255354872,14.9320551,7.740664402,9.151863442,8.968014001,9.106423259,9,-97.29273,32.60902,17,13
13.24108286,13.81423675,0.778528178,14.50286499,7.967280179,9.083869708,8.97866049,9.146867949,12,-97.30259,32.58616,17,13
11.22456316,13.33413046,0.889051135,14.5829402,7.691656823,9.140454245,8.980298079,9.107753783,9,-97.37711,32.22359,17,9
12.43373398,12.63487986,1.615341288,13.76712881,7.956827122,9.102977854,8.964567703,9.246479419,5,-97.40271,32.58636,17,13
12.73832311,13.74909721,1.886143851,14.84646908,7.056175284,9.053101596,8.823647949,9.35045008,8,-97.55482,32.57576,17,11
11.95566067,14.76314491,2.104226068,15.16426348,7.529943371,9.061144066,8.782936356,9.200492036,4,-97.62432,32.32856,17,7
13.08924083,15.20866881,-1.034227979,12.26434155,8.03915739,9.332558005,9.054271186,9.275659838,9,-97.13038,32.44368,17,9
11.38094715,13.51075014,1.407757568,14.32258596,7.768110379,9.148464968,8.714567551,9.397898196,9,-97.78186,32.54009,17,7
13.21621067,15.42332595,1.897627154,14.15198279,7.494430215,9.280798836,8.824530822,8.906799884,12,-97.55971,32.40139,17,9
12.58654468,14.35550656,3.259749957,15.01693392,8.160518247,9.280705635,8.905444319,9.152499372,7,-97.56784,32.69763,17,11
12.10595945,13.53452203,2.231150585,14.3216243,8.131530711,9.084323531,8.959568654,9.056373009,7,-97.27797,32.60682,17,13
12.42663286,14.17329269,1.426263675,15.30496963,8.202482447,9.228278517,9.055556158,9.243001154,8,-97.14646,32.4754,17,9
12.72480096,13.95170179,1.448097126,14.78110332,7.803843304,9.123692565,8.954673629,9.234935419,9,-97.36066,32.91707,17,13
12.84391058,13.55793083,2.188160755,14.7155963,6.905753276,9.09549053,8.924789361,9.111624399,5,-97.3259,32.95921,17,13
12.4777549,13.70452313,1.235739695,14.55992483,7.807916629,9.080801001,8.950143756,9.289983,4,-97.31546,32.65985,17,13
13.6026601,14.40740544,1.993600277,15.42206632,7.972466016,9.188810253,8.977525201,9.092457331,9,-97.26365,32.62293,17,13
10.71299453,13.49134429,2.521587817,14.43070485,7.989560449,9.161150128,8.867850063,9.235715678,8,-97.6322,32.65207,17,11
12.66490789,14.07171744,1.987727702,16.35136172,7.316548177,9.268892259,8.899457906,9.131297165,6,-97.47599,32.68136,17,13
11.26415637,13.32088631,1.31540887,14.08375749,7.3524411,9.133027269,9.062072355,9.123692565,12,-97.10887,32.38949,17,9
11.13372734,14.49328823,1.810601949,14.11870962,6.9117473,8.727454117,8.511778559,9.175231195,6,-98.05911,32.36999,17,5
11.23656572,12.91902245,1.18272101,14.10375847,7.864035659,9.04829192,8.942460927,9.279119887,4,-97.55361,32.92792,17,11
12.00036987,13.33989119,2.277030088,14.29545957,8.079308192,9.013473544,8.824824939,9.142703723,6,-97.51187,32.37014,17,9
12.3959572,13.1611994,1.132520702,14.09794891,7.52131798,9.009080614,8.919319398,9.159047078,5,-97.54851,33.06434,17,14
12.95243353,14.24664341,0.761787149,15.0543612,7.54538975,9.172430799,8.999125392,9.328123408,14,-97.29923,33.03562,17,3
12.78465037,14.8644535,1.864111453,14.74025268,8.212297138,9.169518377,8.757311847,9.062420242,12,-97.61396,32.4213,17,9
13.25006154,15.2796311,1.81056769,15.48634305,7.195937226,9.255313738,9.041329829,9.02352875,7,-97.15592,32.40694,17,9
12.32053016,14.31552798,1.644438085,15.12731949,8.368693183,9.237955539,9.096723645,9.179881164,11,-97.20197,33.16387,17,3
13.12692496,14.52202796,1.179226315,15.10203707,8.220941168,9.074978734,8.823795149,9.078065333,11,-97.49754,32.34918,17,9
12.98217674,13.80747839,1.113759944,14.9485977,7.928045601,9.077380245,8.888756748,9.178849705,8,-97.57619,33.1146,17,14
13.2610134,14.91095717,0.80546665,15.75540465,7.857480787,9.388486557,8.991313336,9.396404915,7,-97.28633,33.1007,17,3
12.38287483,13.90132121,2.297337951,14.53567253,8.196987927,9.003316203,8.787983396,9.228965836,3,-97.79956,32.69652,17,11
12.99374333,14.28626391,1.7742781,15.10412318,8.181720455,9.285076718,8.985946039,9.265869682,10,-97.19153,32.4189,17,9
13.28888578,14.7099556,0.797322439,15.61177387,7.857480787,9.220290703,8.954156967,9.185022564,6,-97.34293,33.04111,17,3
12.97981315,14.56685589,1.71408856,15.39559545,7.29301768,9.20532783,8.933927892,9.08375622,4,-97.36495,32.99271,17,3
12.91652669,14.79591722,1.396505472,15.45011785,7.938088727,9.267193184,8.856518497,9.244838412,11,-97.54247,32.52341,17,9
12.67327235,13.32090927,2.116533795,14.58917633,7.252762418,9.283126042,9.076808979,9.240772579,5,-97.20239,32.48326,17,9
12.52408264,14.00298548,1.923451512,14.87758748,6.553933404,9.099520537,8.809862805,9.164296433,12,-97.71708,32.57429,17,11
12.25154302,13.61708523,1.493366512,14.3232434,7.33432935,9.175852442,8.832003931,9.187583385,9,-97.55846,32.75249,17,11
13.75824473,6.309918278,1.965775243,15.28775598,7.828038032,9.156728603,8.873187904,9.180396496,6,-97.29141,32.7565,17,13
12.04023646,14.44667595,1.911448554,15.62928491,6.948897222,9.287856814,8.999001866,9.221280312,8,-97.18757,32.79193,17,13
12.56826832,13.8224971,-0.938026075,14.36696513,7.920446505,9.021960501,8.913953859,9.296518068,12,-97.32494,32.83337,17,13
12.34636488,13.40754232,1.829175306,14.34118066,7.693025748,9.151121012,8.967631665,9.005527777,10,-97.66092,33.2569,17,14
12.75171121,13.60903236,0.930631498,14.8247844,8.086102536,9.138307169,8.866581653,9.136155474,5,-97.46079,32.32609,17,9
12.20281234,13.72178542,-1.202683869,14.90420988,7.967280179,9.312084356,9.085797037,9.248214024,13,-97.09873,32.5121,17,9
12.17486574,13.77992483,1.219362352,14.72494343,7.29301768,9.143131622,8.817297784,9.042158379,13,-97.66221,32.55319,17,7
11.21731874,12.72147677,0.25442838,14.0805405,7.673223121,9.030016818,8.831273738,9.205026277,9,-97.69291,32.59099,17,11
12.46927886,14.14077739,-0.152237448,14.40348054,7.910957383,9.172638505,8.990939807,9.17232693,7,-97.69591,32.62604,17,11
12.47831869,14.09673055,2.327480359,14.36177359,7.279318835,9.078179468,8.809862805,8.982812222,5,-97.72489,32.59248,17,11
12.54109741,13.91402741,2.024621628,15.1670939,7.793586803,9.350102314,8.955448122,9.145801851,2,-97.22588,33.05617,17,3
11.69454678,14.2757479,2.074132285,14.5953023,7.618251098,9.116359309,8.870663004,9.322239464,10,-97.54697,32.98154,17,11
12.11965382,14.66437861,0.872798392,15.40804318,7.807916629,9.253878674,8.950792139,9.151757415,4,-97.27085,32.38215,17,9
12.71149771,13.78505135,0.366872652,14.42754421,7.355641103,8.965462329,8.793763759,9.045229852,8,-97.50606,32.34601,17,9
12.70854952,13.75469842,1.946124436,14.51499959,7.617267814,8.943114308,8.779865101,9.180911561,8,-97.4738,32.38335,17,9
12.69729028,14.15888747,1.269165762,14.93920758,7.761319181,9.007734472,8.820551743,9.150271846,10,-97.51412,32.32219,17,9
12.93490063,14.00240498,1.514002024,14.61216333,7.734558844,9.06912237,8.808219665,9.24009333,7,-97.53152,32.4285,17,9
12.3918092,14.27987331,1.5564414,14.59699549,7.528331767,9.069582934,8.808369153,9.254931255,6,-97.54004,32.43506,17,9
12.28071155,14.10354257,1.309253073,14.74259879,7.786551806,9.064967719,8.853665428,9.157888512,7,-97.63268,32.86461,17,11
12.89805915,14.21428668,2.30556332,15.20644464,8.001689978,9.16461052,8.931948346,9.276876896,8,-97.4089,33.00393,17,14
13.08457843,14.70200166,1.250904813,15.40704312,7.446001498,9.165865882,8.913684825,9.034557392,6,-97.33024,32.62673,17,13
12.48208185,14.07258625,2.634857064,14.72976963,7.677863501,9.11107237,8.905444319,9.181735115,7,-97.43674,32.33611,17,9
12.49122903,14.03737329,2.319070308,14.90038491,7.17472431,9.310728546,9.068661594,9.085117227,7,-97.2105,32.17213,17,6
12.6048387,14.40440772,1.569322354,14.97105312,7.828038032,9.067162602,8.817297784,9.073603848,2,-97.73386,32.59285,17,11
11.44505339,13.55544365,0.932865299,14.40020913,7.823245691,9.234349824,9.00146948,9.173468897,4,-97.61864,33.19836,17,14
12.51806555,13.50257905,0.901714539,14.41803859,7.987864096,9.065776921,8.885302513,9.121509158,6,-97.60677,32.83329,17,11
12.36296528,13.83362942,-1.403239415,14.69529497,8.239593454,9.098738195,8.873468055,9.178849705,12,-97.59892,32.8794,17,11
11.73300031,14.32100198,1.630227641,14.96978868,8.00836557,9.059866259,8.764053269,9.320986892,4,-97.77728,32.58707,17,11
13.0441099,14.12225969,3.113624556,15.17751376,7.543273347,9.15408743,8.917310693,9.072571442,4,-97.54657,33.10894,17,14
12.93096071,14.10125325,0.756196389,14.92320151,7.604894481,9.132378831,8.948455992,9.138307169,3,-97.36501,32.99265,17,3
12.7243276,14.37068794,2.042346843,15.20867874,7.469654173,9.200290036,9.011645501,9.244355251,4,-97.26153,33.05249,17,3
11.82908566,13.75879628,2.107934777,14.85538719,8.178919333,9.239899174,9.018574356,9.077266018,6,-97.22826,32.22057,17,6
12.26223556,14.46099993,1.010021719,15.06748922,7.581209826,9.148677712,8.832003931,9.108307646,9,-97.656,32.64998,17,11
11.18622533,13.63110683,1.882661555,14.34699668,7.865187954,9.091782036,8.845777255,9.072456665,12,-97.64793,32.87517,17,11
12.24332508,14.03585018,-1.067188466,15.17635633,7.928766322,9.206733876,9.013108202,9.163458386,13,-97.57389,33.23113,17,14
12.09655349,13.8924716,1.380368088,14.73177089,7.783224016,9.098290868,8.924123892,9.211839248,7,-97.66882,33.16737,17,14
12.63864371,14.75238792,1.14067481,15.12857433,7.791522819,9.250810305,9.055089087,9.251482315,7,-97.20689,32.22375,17,6
12.34196625,14.42391651,0.5808504,15.09487428,8.183955717,9.257987025,9.090204571,9.138629524,8,-97.23978,32.207,17,6
12.73641556,14.60805048,2.479579218,15.7661515,7.311218384,9.371778718,9.017968479,9.216322444,13,-97.41695,33.18036,17,14
13.09081079,14.22164211,2.080799,15.52953657,7.211556733,9.386308455,9.113388846,9.024010794,12,-97.5739,33.23123,17,14
12.37890768,14.49678757,1.388576302,14.99486377,8.086410275,9.074978734,8.850804196,9.109856833,6,-97.58593,32.57756,17,11
12.76701042,14.31032874,1.62600743,14.92903346,7.712890961,9.064736398,8.867850063,9.257987025,6,-97.5729,32.87017,17,11
12.15053351,14.11561515,1.400008077,14.69776621,7.632885505,9.04829192,8.842893331,9.0205107,13,-97.74743,32.65159,17,11
12.29236043,13.89151651,-0.136262807,15.1687015,7.77317368,9.203315757,9.053218616,9.26530193,11,-97.36075,33.19275,17,3
12.70061644,14.37735529,0.495363871,15.50749058,8.111328003,9.301003407,8.998754769,9.394992544,8,-97.47092,33.12655,17,14
12.50231051,14.22319054,-1.542839957,14.83520084,6.907755279,9.070388412,8.901094122,9.237663668,8,-97.56668,33.00969,17,14
12.45837492,14.29793671,2.698511984,15.12907292,7.44132039,9.197255132,8.904630097,9.308827319,4,-97.72163,33.08989,17,14
11.44726632,14.07910483,1.696135567,14.53576889,6.802394763,8.905444319,8.625150333,9.298534383,7,-97.90587,32.64827,17,11
12.11786965,14.47370391,0.537800148,15.59752671,7.45760929,9.38706295,9.092119741,9.001346244,10,-97.2281,33.19867,17,3
12.52223648,13.38472764,2.119000313,13.83158074,7.787382026,9.143559338,8.975630184,9.064157862,8,-97.47977,33.14014,17,14
12.17463358,14.64038751,1.34673258,15.3814128,7.196686571,9.27322127,8.969541885,9.084777149,4,-97.35581,32.61122,17,13
12.99390254,13.82536187,1.815405769,14.76649253,7.740664402,9.219795531,8.871365005,9.198470199,9,-97.61109,32.59346,17,11
11.78777303,13.57252903,1.056340091,14.6948136,7.60339934,9.25292082,9.139917908,8.919988071,13,-97.20905,32.26385,17,9
11.85970865,13.81551056,1.231133045,15.42874964,7.719129841,9.349667437,9.137769679,9.394493584,9,-97.27806,33.29787,17,3
13.36803681,13.91432459,1.496119782,14.96770279,7.715123604,9.185535253,8.810459642,9.071652852,8,-97.55523,32.94465,17,11
11.0782272,13.58034503,0.856945096,14.57870139,7.863266724,9.087042156,8.774931387,9.258654232,12,-97.67327,32.70363,17,11
12.64489838,14.15036077,-0.119002725,14.72960288,7.316548177,9.157361447,8.751316247,9.094817281,5,-97.67373,32.50485,17,7
12.68046662,13.84506936,0.863931177,14.64828576,7.553286606,9.093806556,8.992930353,9.195226734,9,-97.3007,33.03011,17,3
11.65841878,14.5184843,0.460864617,15.32128651,7.303170051,9.314700387,9.087720658,9.28405541,6,-97.28778,33.29605,17,3
12.81362381,13.96720107,1.264686484,11.31661857,7.316548177,9.151121012,8.933268479,8.5754621,12,-97.37964,32.56073,17,13
12.67245096,13.43789648,2.559994677,14.69449311,7.66293785,9.31766895,8.872066513,9.166701915,4,-97.59316,32.62739,17,11
12.21196028,14.45620114,2.487216282,14.55116727,7.264730178,9.072456665,8.748622322,9.269552232,6,-97.86551,32.82993,17,11
12.14651371,13.99327592,1.809901189,15.12198869,7.497761701,9.284891103,9.006999448,9.154298981,8,-97.19871,33.01356,17,3
11.96521691,14.4098209,0.524829553,15.08548456,7.697575347,9.14974075,8.818778169,9.26926944,5,-97.7738,32.72126,17,11
11.78162348,13.53187097,1.957542689,14.58879244,7.59739632,9.096611607,8.842171049,9.068892008,8,-97.56759,32.94746,17,11
13.21872755,14.16195293,1.713837643,15.19612834,7.844632644,9.286189684,9.008713664,9.295600216,9,-97.2359,32.58655,17,13
12.60022736,13.96134101,0.396329533,14.7562004,7.469654173,9.238927829,9.057888249,9.10242103,7,-97.29956,33.15178,17,3
12.39591171,14.00580028,0.471989293,14.35712413,7.006695227,9.066123521,8.764834214,9.230829038,11,-97.80662,32.67703,17,11
13.17325039,14.48641213,2.257721364,15.32416148,7.264730178,9.19044374,8.917310693,9.246190025,6,-97.42127,33.00563,17,14
12.27045959,13.82347873,1.464677525,14.5614257,7.523481313,8.968523555,8.732304571,9.17802377,3,-97.81183,32.6243,17,11
12.78215497,14.05845674,1.594583568,14.66164574,7.578145472,9.153981638,8.892199092,9.292841593,11,-97.62724,32.99003,17,11
13.78439547,13.41801362,1.885472889,14.70810678,7.390181428,9.162095059,8.912607964,8.920789888,13,-97.55748,33.12271,17,14
12.71336002,14.53505621,1.912934487,15.46032913,8.161089513,9.310185707,9.035510681,9.246190025,11,-97.36663,33.13302,17,3
12.78430829,13.97422225,2.273952153,14.87202504,7.954372273,9.103645633,8.970304953,9.076466063,7,-97.21347,32.52487,17,9
12.8511529,13.8812983,-0.451898246,15.0446621,7.469654173,9.164715194,9.011889433,9.209640127,3,-97.26233,33.02015,17,3
13.29292101,14.58834654,-0.015697987,15.51034825,7.210818453,9.226016851,8.938925272,9.142810715,13,-97.40516,32.4109,17,9
13.06534425,14.97302049,2.643630147,13.84205317,7.360103973,9.243291472,8.948455992,9.343121483,7,-97.31733,32.61168,17,13
12.43023168,13.6695595,0.798107441,10.08580911,7.227662499,9.250522162,8.891374009,9.304285985,10,-97.4334,32.28814,17,9
11.46764563,14.45223923,1.244699507,12.25486281,7.180069874,9.019179867,8.851377098,9.029417836,9,-97.49725,32.50301,17,9
12.4270699,13.65979198,-0.470462856,14.43850562,7.921898411,9.186764635,8.906393407,9.143345503,12,-97.48225,32.3864,17,9
12.62938749,14.00178263,2.404875668,12.28303369,7.375255778,9.002085433,8.68270763,9.257223958,10,-97.92773,32.91646,17,11
11.97668464,14.33727612,1.036114808,14.35312611,7.596392304,9.013351778,8.693328989,9.323669057,4,-97.92869,32.79121,17,11
10.33403544,14.0988231,1.173729086,14.37874493,7.879291485,9.039789271,8.697846691,9.120087383,5,-97.94555,32.81422,17,11
12.96276958,14.84705669,1.231487901,15.03087246,7.643003636,9.173883835,8.896998553,9.198267791,4,-97.44012,32.50556,17,9
11.9050689,14.53139723,0.446285083,14.70179641,7.423568444,8.973097896,8.713088868,9.024974185,12,-97.73814,32.35973,17,7
12.03917355,14.2608372,-0.273226706,14.54592173,7.748028524,9.159362817,8.973984927,9.028578658,8,-97.28944,32.37658,17,9
12.25007996,14.51977867,-0.889611703,14.81964292,6.703188113,9.268892259,8.969541885,9.05017162,12,-97.31211,32.36463,17,9
11.64482177,14.08866258,1.318204976,14.81908516,7.706612914,9.105535258,8.941414628,9.210740292,12,-97.33916,32.25214,17,9
12.41068149,13.81750856,1.246306576,14.54757937,6.356107661,9.090993614,8.946635209,9.054271186,7,-97.29855,32.47405,17,9
12.66698192,14.66463532,1.02384254,15.2733611,6.98471632,9.25292082,9.061260149,9.182455168,12,-97.1906,32.24487,17,9
13.09344319,14.3455504,1.060023238,15.43310829,7.82084088,9.24009333,8.977777599,8.988945291,13,-97.36227,33.03304,17,3
12.85575633,14.38025602,1.284866266,15.15368763,7.446001498,9.285447844,9.050875597,9.167432871,9,-97.32092,33.10597,17,3
12.6673918,14.37911837,1.284236516,15.2969119,8.053569169,9.234935419,8.954802753,9.277344601,10,-97.39484,33.0177,17,3
11.99958954,14.41571974,1.199027085,15.13506077,7.372118028,9.115370134,8.87542692,9.174713194,9,-97.41856,32.50645,17,9
11.82585853,15.2179243,1.349128003,14.75179684,7.544861069,9.127067453,8.77801781,8.845921233,8,-97.76676,32.80678,17,11
12.53738876,13.75952205,1.0573596,14.8332598,8.444622499,9.05998249,8.946374826,8.995288991,10,-97.39286,32.98993,17,13
13.30984991,15.43081125,2.969660081,15.94607597,7.408530567,9.430519534,9.028818495,9.22078563,12,-97.40304,33.22015,17,14
11.84272549,14.50865774,1.512895687,15.25059508,8.24407127,9.304194947,9.116029693,9.030735123,11,-97.07754,32.40611,17,4
11.22348184,13.48700649,1.120964907,14.17607035,7.29301768,9.002454823,8.77183541,9.08918917,7,-98.09009,33.16764,17,8
13.05103707,14.06735818,1.577627522,15.25180435,8.255828427,9.25033002,8.968268811,9.231612507,8,-97.56117,33.00394,17,14
12.24531259,14.47812069,2.344185988,15.55372578,8.271292653,9.336532397,9.113829472,9.140561477,10,-97.40125,33.3666,17,14
10.71577241,13.72571166,1.892433492,14.66945429,7.499976541,8.958668737,8.790269111,9.146441646,3,-97.66912,32.71674,17,11
12.34127639,13.55673983,0.952226595,14.37523034,7.402451521,9.112065803,9.043104453,9.01371703,12,-97.39355,33.01198,17,3
12.76686488,14.29966361,1.188774064,15.015803,7.495541944,9.102977854,8.72907355,9.269080867,4,-97.80412,32.61612,17,11
12.07028156,14.51845954,2.004269176,15.33053317,8.105609402,9.31289696,9.098961784,9.345308232,10,-97.25624,33.12998,17,3
12.98425696,14.73220121,1.376318846,15.35192348,8.027150107,9.243194709,8.872066513,8.968268811,9,-97.57857,32.92737,17,11
11.80374262,13.71811821,1.614985522,14.29173604,7.253470383,9.154193211,9.035986985,9.011767475,6,-97.5536,32.92795,17,11
13.32842425,14.4449189,0.585668562,14.83018891,7.977625099,9.151863442,8.990939807,9.366317953,9,-97.60696,33.21337,17,14
12.14854416,13.36984826,1.362430073,14.13230182,7.397561536,9.163772736,8.894944461,9.140990294,7,-97.43671,32.26319,17,9
11.83976575,12.89921983,0.338751654,13.02552203,7.765569081,9.172742342,8.967759127,9.135077887,12,-97.60329,32.49098,17,9
12.52076659,13.87037746,1.755051115,14.12134095,7.34536484,9.305559639,8.894258825,9.136263169,7,-97.40979,32.28561,17,9
12.26935256,12.9009683,-0.175706257,13.69596322,6.295266001,9.062420242,8.842748916,9.125435865,2,-97.52828,32.32912,17,9
13.66624924,14.46470585,2.079455358,15.236202,7.738052298,9.329899607,8.95493186,9.331672657,12,-97.33371,32.57342,17,13
12.84676533,13.50803386,2.359860634,14.31804853,7.700295203,9.33273498,8.951569643,9.176266392,3,-97.43923,32.39337,17,9
12.96948023,13.4911645,1.836955638,14.23220043,7.497761701,9.295416544,8.939056445,9.18584274,2,-97.43923,32.39341,17,9
12.46673546,13.72816458,1.985289635,14.50222207,7.570443252,9.251482315,8.933268479,9.308011399,6,-97.41159,32.28537,17,9
11.99020258,14.54112493,2.188431708,14.38990236,7.697121317,9.136155474,8.66733585,9.183996397,8,-98.03123,32.98122,17,11
12.77526529,14.51364528,-0.655498535,14.77320424,7.090076836,9.03990786,8.805225203,9.341982481,6,-97.54736,32.40929,17,9
11.08137302,13.8933971,0.181463028,14.24221647,7.649692624,9.035986985,8.902047346,9.243388226,8,-97.71903,33.10156,17,14
12.93195562,14.28925717,2.159082599,15.11634343,7.575584652,9.23931648,8.93458687,9.342595951,9,-97.39202,32.9927,17,3
13.18482537,14.31870715,2.069151487,14.91150075,7.784473236,9.142489705,8.903815212,9.307467083,12,-97.43401,32.99204,17,14
12.99194257,14.46533261,0.240288504,15.03120697,6.272877007,9.118992333,8.867850063,9.049584593,2,-97.52374,32.59424,17,13
12.14256293,13.71292397,1.428915312,14.9784004,7.83991936,9.319732749,8.997642079,9.04829192,7,-97.17031,32.52748,17,9
12.05867412,13.62313867,1.782701898,14.20970438,7.697575347,8.981304495,8.832003931,9.271905728,7,-97.80532,32.6457,17,11
13.32338728,14.70216648,0.826388336,14.98789176,6.907755279,9.282288871,8.975503722,9.154827662,6,-97.27756,32.44879,17,9
12.79139238,14.37931186,1.396945594,15.31456469,7.280008253,9.31289696,9.08545719,8.916237732,9,-97.26386,33.12393,17,3
11.93306898,14.21858214,1.254425041,14.58370027,7.953318347,9.143345503,9.005773206,9.106090351,5,-97.1541,32.53483,17,9
13.72661814,14.18015367,0.77697769,15.13000812,7.526178913,9.152605321,8.864322723,9.129130317,8,-97.58883,32.77168,17,11
11.12114134,13.68289303,2.323097636,14.20054436,7.701652363,8.982058643,8.848222068,9.3284789,13,-97.68206,32.59938,17,11
12.47347037,14.27071776,2.232086862,14.21723668,7.698482788,9.118334726,8.969541885,9.032528631,12,-97.27109,32.44745,17,9
12.31088751,13.79019275,2.205325744,14.39144054,7.045776577,8.98757175,8.859789495,9.290444616,5,-97.69661,32.92851,17,11
12.24878725,14.31142557,0.935076321,14.53145294,7.905441649,9.187071745,9.005773206,9.152711259,6,-97.1745,32.53312,17,9
12.18127778,14.43751506,0.449515563,15.16984046,7.815610532,9.247636157,8.994172434,9.162199997,6,-97.16779,32.54471,17,9
12.29670828,14.4935771,0.345187086,14.76400668,8.14322675,9.196545661,9.030376035,9.000606508,12,-97.26421,32.4227,17,9
12.44744897,14.75698276,0.529981917,15.02103096,8.031385331,9.318207743,8.988820502,9.127393451,12,-97.26094,32.42304,17,9
12.86892813,13.98944286,0.084736374,14.88811762,7.450660796,9.239899174,9.008346579,8.99838401,14,-97.38244,33.13175,17,3
12.30188724,13.88717984,1.552371289,14.52533785,7.635786861,8.981178748,8.839276691,9.163458386,11,-97.58484,32.60592,17,11
12.55846041,14.19479595,0.947120842,14.46478422,7.872836175,9.003685138,8.843615092,9.204624065,12,-97.62667,32.70905,17,11
12.19696126,14.04741561,1.104651385,14.69102346,7.905072849,9.106312302,8.849370504,9.255600503,13,-97.49967,32.70839,17,13
12.9899993,14.63153887,0.331013778,15.53574395,6.828712072,9.300820725,8.95828281,9.2043223,3,-97.45574,33.0965,17,14
12.86846676,13.98356414,0.386010241,14.8909013,8.324336333,9.140347,8.981555941,9.324829098,6,-97.41631,33.08421,17,14
12.82585312,14.05018735,0.274890719,14.97047104,7.541152455,9.295600216,8.924656302,9.2490802,8,-97.50472,33.09039,17,14
10.93556822,13.18552595,0.900748416,14.1395964,7.422373701,9.021839764,8.92305822,8.991562278,7,-97.39444,32.4611,17,9
13.73903332,14.91212084,0.462471555,15.23874515,7.846980982,9.333619388,9.006876891,9.014933576,11,-97.22945,32.44473,17,9
12.01412491,13.54284845,1.666952214,14.17049047,7.725330038,8.98757175,8.824677891,9.117457244,11,-97.76865,32.68445,17,11
13.17416994,14.99031198,1.014163452,14.89107323,7.094234846,9.247732491,8.973351414,9.308374112,6,-97.20396,32.52791,17,9
13.11966574,14.39767031,0.673640824,15.24493912,7.924795914,9.31379908,9.030974443,9.152287441,10,-97.33291,33.10157,17,3
12.30409732,14.437967,1.567556279,15.09320416,7.33171497,9.246190025,8.967121656,9.302919553,12,-97.6446,33.25033,17,14
12.7009457,14.26451397,1.019097927,15.08093306,6.403574198,9.270494295,9.040263542,9.035510681,8,-97.29875,33.14308,17,3
13.41957044,14.71689068,1.311287532,15.02915009,7.665753432,9.098290868,8.899048434,9.024613022,10,-97.43403,32.45616,17,9
12.33681578,14.27577946,1.600274125,15.16727869,8.072155308,9.138199694,8.951569643,9.258177701,9,-97.40173,33.0322,17,14
12.83739495,14.07402125,1.785614385,15.02587529,6.960347729,9.201501423,8.950273467,9.321434419,12,-97.41952,33.02757,17,14
13.01885892,13.78546364,1.298068968,14.71100984,7.245655068,9.064736398,8.888480848,9.253974409,10,-97.39122,32.53177,17,9
12.72136926,14.34289827,0.509939249,15.19165155,7.562161631,9.12608882,8.913281138,9.27902653,8,-97.42382,32.9623,17,13
12.89651116,14.85578727,1.147715187,15.5625181,7.455298486,9.293301893,8.980298079,9.201602306,12,-97.38799,32.23877,17,9
12.55331524,13.912365,2.130007276,14.36696513,7.245655068,9.154616223,8.936692688,9.107199613,9,-97.36258,32.45144,17,9
13.30104331,13.60478953,2.467650253,14.83239422,7.090076836,9.203215047,8.929170383,9.163458386,8,-97.36691,32.42356,17,9
12.7582897,14.27843985,1.404341201,14.88885017,6.745236349,9.118444357,8.827614751,9.231416698,7,-97.57787,32.67162,17,11
12.66714589,13.88503662,1.334627809,14.96524363,7.644440762,9.073833127,8.884610232,9.074406095,2,-97.47707,32.95656,17,13
13.34133986,14.3437831,2.640302724,14.63489031,7.80139132,9.202409002,8.994668836,9.135077887,8,-97.273,32.45205,17,9
12.91417001,14.55482542,1.546942691,15.42343012,7.530479995,9.227394127,8.965717789,9.302098797,11,-97.39773,33.04893,14,14
12.35059714,14.31458743,1.615719919,15.08559071,7.61283103,9.273315171,9.071078305,9.166388484,11,-97.34998,33.12119,14,3
12.61476919,13.84166552,2.472439953,14.5445045,7.527793988,9.190137665,9.064273596,9.212038929,12,-97.36972,33.12322,14,3
11.85978641,14.22097567,1.820989988,14.81750181,7.747164967,9.145801851,8.877939835,9.129564062,11,-97.67578,32.90354,14,11
12.77829718,14.38911434,0.946580205,14.57306531,7.640123173,9.046762058,8.832003931,9.084550366,2,-97.5127,32.41832,14,9
13.18362779,14.76678226,1.447736317,15.46429418,7.890956716,9.126741348,8.796338933,9.211239967,13,-97.5313,32.29959,14,9
13.37196812,14.83666568,1.320568143,15.13429719,7.824845691,9.123692565,8.828054537,9.235130541,7,-97.5478,32.41473,14,9
13.28352599,14.71373915,0.570774947,15.50605867,8.296047643,9.308374112,9.071193241,9.285169513,2,-97.22052,33.17158,14,3
12.48948687,14.00084424,0.556234479,14.49550867,7.761319181,9.097955241,8.910585718,9.197457746,9,-97.62208,32.94443,14,11
12.72232154,14.03825403,2.794359273,14.78687567,7.901007052,9.242613933,8.974618038,9.15641203,7,-97.2808,32.4439,14,9
12.67096323,14.79126382,0.185476036,15.22956259,7.832807517,9.243291472,9.013108202,9.137769679,4,-97.21956,32.27507,14,9
13.18239488,14.59480745,2.753269792,14.91278395,7.521859252,9.289428778,8.965717789,9.131838144,12,-97.30037,32.43786,14,9
12.56960751,14.12446477,0.69789649,14.73180449,7.550135342,9.023167064,8.76950712,9.316590492,9,-97.59887,32.25428,14,9
11.42693175,13.85837846,1.865025801,14.78724129,7.697575347,8.959054515,8.753055515,9.213435577,8,-97.71548,32.53137,14,7
11.87921999,14.40440772,1.655114453,15.44033075,7.286876412,9.30091207,8.888756748,9.280332744,9,-97.54514,32.96604,14,11
13.29103385,14.28801107,0.708590782,15.61953451,7.575584652,9.342070143,8.895629627,9.302190026,7,-97.61097,32.73762,14,11
12.77357157,14.09616802,2.09716782,15.24668746,7.715123604,9.230927006,8.980927208,9.142275641,6,-97.58495,32.59907,14,11
13.48831674,15.30868428,2.608477262,14.16055311,7.356279877,9.346443455,8.870241567,9.252537421,8,-97.46737,32.52832,14,9
12.30872851,15.27063111,2.240518599,13.72339527,7.436027816,9.306104994,9.054855469,9.298900549,5,-97.11522,32.42806,14,9
11.81239282,14.90413985,2.60551632,14.34823661,7.395721609,9.132270717,8.738735461,9.16805898,4,-97.99524,33.12435,14,8
12.66208827,13.86105737,2.458438983,14.66627668,7.543273347,9.249368759,8.839276691,9.311813341,4,-97.53747,32.33162,14,9
12.07362067,13.8162303,1.061567729,15.24813205,7.33432935,9.326344048,9.089527752,9.380673689,12,-97.1572,32.26471,14,9
11.88819937,12.87022089,2.267598857,14.0436512,7.642044403,9.130214327,8.978912601,9.247539813,11,-97.56785,32.69746,14,11
10.36432429,13.65885675,1.287565653,14.35736148,7.458186157,9.042276687,8.860782896,9.320270431,11,-97.65933,32.88608,14,11
10.94908577,13.27293624,-0.561402429,13.87111744,7.159291905,8.955835144,8.817297784,9.135077887,11,-97.81101,32.88921,14,11
12.70552585,14.14003889,-0.014645066,15.02810132,7.523481313,9.233470789,9.034199674,9.255600503,13,-97.42938,33.21353,14,14
13.63984798,14.83507964,-0.108680927,15.0222257,7.177782416,9.132378831,8.81936971,9.346094293,12,-97.51053,32.41079,14,9
13.52128848,15.18160221,2.12856786,15.45589233,8.003363059,9.278933163,8.835501457,9.144414222,12,-97.52402,32.4158,14,9
12.16813711,14.90424085,2.571822484,15.1548328,7.466799475,9.313077449,8.987196821,9.12489141,9,-97.3659,32.21301,14,9
12.43373398,14.23369444,2.755021262,14.44055447,7.301147806,8.990067696,8.809862805,9.053452616,13,-97.57421,32.45188,14,9
12.7590378,14.15198279,2.551021727,15.01692128,8.105307516,9.153981638,8.910585718,8.980801414,9,-97.40723,33.0112,14,14
12.01623088,14.00827737,-0.529234882,14.6100521,7.701652363,8.999248902,8.826881344,9.241839039,4,-97.64703,32.70104,14,11
12.36966575,14.17458263,1.27220919,14.17004862,7.395721609,9.076466063,8.982058643,9.140990294,8,-97.2132,32.51744,14,9
11.75085516,13.40110662,0.750595473,13.71454703,6.939253946,9.059750013,8.942460927,9.286653055,8,-97.50662,32.38031,14,9
12.84947533,14.25602101,0.334923852,11.91892376,7.528331767,9.232590981,9.014447135,9.337853692,4,-97.33406,33.11444,14,3
13.91630928,14.79233179,1.873011201,15.62160676,7.480992163,9.31352853,8.933927892,8.999619341,11,-97.39355,32.94073,14,13
12.63169653,14.07517888,1.755547949,14.80288509,7.990915463,9.179881164,9.004053938,9.06762407,14,-97.33837,33.15897,14,3
12.54552971,14.8884631,2.267661909,14.80865788,7.139660336,9.249272582,8.996032669,9.095041748,14,-97.40164,32.24514,14,9
12.12726751,13.90717775,0.423233764,14.26824467,7.577633833,9.024251729,8.847934753,9.069698042,7,-97.53652,32.67163,14,13
12.6029678,13.61005957,1.954532549,14.40314388,7.442492723,9.286930974,8.891511571,9.181220473,10,-97.5084,32.42443,14,9
12.73159967,11.75587164,1.388401215,14.46127678,7.874358825,9.369308003,8.908559375,9.215327913,12,-97.4024,32.28125,14,9
12.14461205,11.48924734,1.329844073,14.19780939,7.454719949,9.249464927,8.841592847,9.247539813,13,-97.58866,32.46416,14,9
12.39617634,13.91493952,2.087475046,14.70904512,7.620705087,9.421411342,9.186764635,9.164296433,13,-97.18426,32.14718,14,6
12.34160828,11.07286891,1.409264447,13.750716,7.796469243,9.132378831,8.91650608,9.163458386,9,-97.40236,32.28127,14,9
13.13437692,13.57580562,2.396065143,14.3098726,7.729295674,9.258940042,8.933927892,9.157572306,8,-97.43507,32.40776,14,9
13.53178731,14.41533558,1.566552841,15.19473801,7.844240718,9.289428778,8.94910547,9.430439293,5,-97.23134,32.78363,14,13
12.13643314,13.48700649,2.151821843,14.62721647,7.916078096,9.195531256,8.995536945,9.045111893,3,-97.30858,32.35376,14,9
12.1897654,14.99662407,2.203675366,15.12422655,7.480992163,9.057422266,8.738735461,9.262837941,8,-97.68214,32.33328,14,7
12.23754224,13.89061803,-0.759475783,14.85068452,8.391176351,9.177197153,9.015905747,9.132378831,9,-97.42517,33.20088,14,14
12.76533408,14.74586197,1.355723853,14.93703697,8.210124405,9.155884186,8.782629655,9.099967314,8,-97.59979,32.314,14,9
11.57621946,14.21964144,2.57239439,13.84301872,7.748460024,9.144093726,8.763428074,9.186559843,3,-98.13149,33.16032,14,8
12.61988945,15.10897666,0.63108139,15.39514595,8.215547412,9.198672567,8.781094735,9.139273924,10,-97.64389,32.40767,14,7
12.26256167,14.42110822,0.754234268,14.81288051,8.320691571,9.157150543,8.933268479,9.165029149,9,-97.77848,32.60041,14,11
13.16490741,14.3225691,-0.278531909,14.80000185,7.722234745,9.175024027,8.972717499,9.042040057,6,-97.19007,32.58227,14,13
10.90113705,14.93524486,2.457213301,13.63072677,8.114025442,8.93458687,8.908559375,9.157993892,7,-97.6139,32.68297,14,11
12.3147656,14.57804387,2.833674054,14.57905283,7.801800402,8.882114044,8.626944055,9.279399908,13,-97.8641,32.49265,14,7
12.52582008,14.10207951,2.437340095,11.60896265,8.009363077,9.282661034,9.085683767,9.177920481,9,-97.24457,33.20591,14,3
13.41712185,14.59765531,0.680092632,15.13100041,8.159946656,9.249945627,9.033603193,9.215327913,10,-97.18678,32.33453,14,9
11.29136815,13.79631041,1.70316335,14.79795975,7.769800996,9.016512875,8.640472208,9.163772736,10,-97.9389,32.72603,14,11
10.47115654,13.43823341,2.093212268,14.5485686,7.167037877,9.107199613,8.66077392,9.182763604,4,-97.842,32.54081,14,7
11.92270791,14.01464662,1.32669882,14.49027328,7.53369371,9.058586817,8.832003931,8.947676062,8,-97.64113,32.69974,14,11
10.22524491,13.52840832,0.827273225,14.15158271,7.24636808,8.798303718,8.589513853,8.894807371,12,-98.01519,32.49975,14,7
10.04957726,13.89161846,-1.494929267,14.53304055,6.910750788,8.880029117,8.65434303,9.291920359,11,-98.01472,32.49864,14,7
12.40272437,13.98632702,0.985507794,14.59537932,7.522400231,9.230142999,9.057888249,9.255791635,9,-97.20876,32.2177,14,6
12.54268773,14.11561515,1.8094057,14.83012801,8.252185436,9.205528815,8.956737613,9.120306249,9,-97.60982,32.78453,14,11
10.94736202,13.12236338,0.071023973,13.71801239,8.033334016,9.009691898,8.913281138,9.071652852,4,-97.67216,32.76138,14,11
11.74855869,13.6750984,1.424205865,14.11393819,7.187657164,9.052750451,8.659560433,8.810459642,7,-97.88958,32.62382,14,11
10.73924045,13.56897043,0.937671811,13.90873857,7.156176637,8.886685639,8.552753367,9.244451902,14,-98.01128,32.54441,14,7
12.1111299,13.38472764,1.060608825,14.03165689,6.66949809,9.00540504,8.946244609,9.127502094,4,-97.62398,32.61729,14,11
12.79233315,14.32713586,1.465964422,14.70170408,6.858565035,9.069928218,8.921057018,9.215725844,7,-97.53682,32.99748,14,14
12.04468837,13.38933241,2.074430369,14.33124969,7.602900462,9.04829192,8.942460927,9.021356672,7,-97.50383,33.09643,14,14
13.18454537,15.53827716,-1.118398696,15.81044377,8.161089513,9.417598414,8.998136761,9.064505024,8,-97.249,32.29285,14,9
11.75027168,14.27166878,1.918512341,14.18910515,7.497207223,8.883362917,8.558335135,9.097619502,11,-98.10729,32.41067,14,5
12.98258393,14.34834226,2.035579614,15.24392287,7.355001921,9.296518068,9.041448235,8.929037906,3,-97.3129,33.13311,14,3
12.83091154,14.12239213,1.848737042,14.98208799,7.751905333,9.27799902,9.041448235,9.021598247,11,-97.3929,33.10374,14,3
13.04855321,14.33132372,1.118121628,15.1724173,7.201916318,9.155884186,8.930097229,9.079889943,13,-97.4201,33.04559,14,14
11.41102562,13.88853981,0.997809994,14.58180875,7.77443551,8.992681751,8.646816959,9.124237673,8,-97.93525,32.72882,14,11
11.99644361,14.43608705,1.273165563,15.26967196,8.075271546,9.303101852,9.058935918,9.425854896,2,-97.21908,33.11502,14,3
12.25459611,14.43406888,0.895630106,15.23967568,7.449498005,9.270494295,9.039314775,9.287301413,9,-97.21862,33.16281,14,3
12.72801624,14.21680029,1.029959169,15.06926503,7.314552832,9.22818029,9.088850474,9.310185707,4,-97.30645,33.17048,14,3
10.62570798,13.62776914,-0.296343901,14.45994532,8.00836557,8.999619341,8.940760135,9.244741799,9,-97.94365,32.72608,14,11
12.39024249,13.79106417,3.00091555,14.06998067,8.151909873,8.889997357,8.609590041,9.235520671,2,-98.13115,32.9917,14,10
13.05984947,13.98208376,-1.60823274,14.85881977,7.83715965,9.239899174,9.02352875,9.107753783,8,-97.35791,33.10583,14,3
12.22433487,13.99332196,-0.752518749,14.6766699,8.15564927,9.067854724,8.847359875,8.905444319,9,-97.52887,32.25455,14,9
11.12864438,13.44999667,-0.108923158,14.39615175,7.856706793,9.099743951,8.877381955,9.253208272,7,-97.52892,32.2545,14,9
12.24786697,13.20195614,2.129714072,15.13797495,7.493317249,9.349319399,9.104868739,9.200895913,8,-97.14834,32.39249,14,9
13.06706629,13.8527707,1.355670902,15.18511745,7.836764783,9.353747835,8.978912601,9.147081032,9,-97.28167,33.01797,14,3
12.64187619,13.06623103,3.316858472,14.65226705,7.979681302,9.17543832,8.977525201,9.224834818,4,-97.26361,32.62295,14,13
13.13559742,13.3466263,1.48933912,14.66698369,7.613818685,9.117566972,8.955577146,9.336973023,7,-97.31145,32.60176,14,13
12.08096283,12.90021933,1.176424699,14.19354691,8.143807977,9.151545325,9.017119634,9.176266392,4,-97.18405,32.50234,14,9
13.33687619,14.49918653,1.461104602,15.60359428,7.77569575,9.331052447,8.969414651,9.183277452,8,-97.24801,32.63633,14,13
12.67164459,14.13240671,1.369192548,14.96791508,7.91644286,9.164296433,8.809862805,9.160834952,12,-97.49311,32.78883,14,13
12.07301543,13.46149636,0.359171223,14.89913509,8.203851372,9.2490802,8.974997713,9.172119159,8,-97.23801,32.59271,14,13
11.68969832,13.15773052,1.918928293,14.51564626,7.273092596,9.087494542,8.742254902,9.084777149,12,-97.82914,32.62021,14,11
11.77068684,14.50422141,1.454557785,14.13781722,7.989560449,9.083415678,8.731981938,9.222268943,5,-97.96819,33.08502,14,8
12.59460859,14.58004773,0.964785234,14.58050015,7.692569648,9.174609562,8.975756631,9.079548082,7,-97.21345,32.51738,14,9
13.16422483,15.38861638,1.442108736,15.55360445,6.137727054,9.309008544,8.999001866,9.149953222,4,-97.15042,32.52764,14,9
13.09281304,14.7621361,2.349150492,15.11469517,7.481555702,9.225622996,8.948975608,9.135293498,8,-97.27575,33.06481,14,3
13.63108038,14.3247349,1.436534828,15.06257733,7.377758908,9.198773736,8.943767263,9.101752432,4,-97.51267,32.78389,14,13
12.65945452,13.55282024,2.119018508,14.37059323,7.411556288,9.28126471,8.905986765,9.261413642,2,-97.47157,32.41156,14,9
12.41724078,13.14196795,1.363043703,13.97407207,7.910957383,9.266342562,8.873468055,9.155039056,7,-97.45735,32.30871,14,9
12.00889529,14.04498841,1.884312456,14.85663285,7.471363088,9.163143937,8.843037725,9.241742135,9,-97.62006,32.51025,14,7
12.981919,13.55543068,1.582508913,14.33694372,7.180831199,9.138951776,8.93458687,9.181735115,2,-97.39876,32.38489,14,9
12.89234626,14.07870525,1.558276033,14.84255094,7.261927093,9.133783249,8.934191535,9.181323423,11,-97.24424,32.76396,14,13
12.5117211,13.93974386,1.711594728,14.7778349,7.856319571,9.1902397,8.910855587,9.210840247,12,-97.42827,32.59914,14,13
13.56007623,14.59242427,1.598901452,15.3585471,8.059276223,9.236203032,8.952734767,9.294313806,10,-97.33371,32.57346,14,13
12.43049538,13.52782849,0.946489041,13.94153686,7.8671055,9.248599084,8.91918561,9.276128113,12,-97.42822,32.59914,14,13
12.83800112,14.60204334,0.067898554,15.13570518,7.255591274,9.146441646,8.868835493,9.176369852,7,-97.43955,32.5736,14,13
12.75433277,14.63225716,1.486539713,13.53579666,8.014004995,9.26860928,9.082052352,9.149846992,14,-97.24445,33.20588,14,3
12.89901731,14.34848899,3.069014167,14.32878917,7.917900586,9.140347,8.924922401,9.14676139,9,-97.37263,32.45,14,9
13.48475535,14.53498316,2.310068289,14.55420264,7.946263644,9.131405384,8.800867242,9.199481629,12,-97.48278,32.36457,14,9
13.1525123,14.28738743,2.766452707,15.1219432,7.420578905,9.1454818,8.931948346,9.249272582,6,-97.41032,32.9912,14,13
12.5684145,14.27749462,1.400612529,15.12177259,7.660114319,9.197255132,8.903951072,9.263975921,6,-97.4198,32.94706,14,13
11.89381779,13.42246797,1.914286559,14.0001594,7.584264818,8.949365142,8.809862805,9.157888512,9,-97.81629,32.7008,14,11
13.185156,14.1505532,1.529658134,15.01091435,7.864035659,9.17616292,8.948975608,9.277718607,7,-97.35398,32.97709,14,13
11.63179236,13.80672205,2.683329477,14.41267643,7.207118856,8.929700114,8.724207361,9.150908788,6,-97.90084,32.6288,14,11
12.78476811,14.34483325,2.352758821,14.92682977,7.483806688,9.080459451,8.859363449,9.139917908,7,-97.51597,32.78037,14,13
13.71592445,15.22324836,1.81336715,15.24465749,8.048788284,9.332646496,8.961879013,9.153981638,2,-97.35724,32.4249,14,9
12.76988248,14.15980923,1.793593649,15.11139049,7.726212651,9.2023082,8.893709978,9.204925739,9,-97.50108,33.10079,14,14
12.41495499,14.21327946,1.394192073,15.01072492,7.265429723,9.091556836,8.914088349,8.980675604,7,-97.4171,33.00825,14,14
13.48672034,14.37666801,1.725522772,15.24516034,7.313220387,9.191667107,8.924257021,9.185535253,8,-97.68526,33.26578,14,14
12.96820003,14.18569385,1.99778699,14.82855842,7.512071246,8.948455992,8.799360083,8.95312284,11,-97.50059,32.30833,14,9
12.54115105,14.61975179,1.155431995,14.93845637,8.070906089,9.200492036,8.832003931,9.090655529,5,-97.5698,32.66587,14,11
10.87400128,13.42964364,1.229285871,13.99413529,7.671360923,8.949365142,8.779557456,9.342157797,5,-97.76885,32.57517,14,11
13.13157086,13.96994691,2.409949785,14.91045479,7.758760544,9.093019729,8.852235835,9.10342309,3,-97.51204,32.59548,14,13
12.94108608,14.71290385,0.044168828,15.21427336,7.635303886,9.235423152,8.99788945,8.968268811,7,-97.55496,33.20661,14,14
11.62064021,14.45483493,1.706294203,14.43933981,7.28756064,9.178643285,8.976514972,9.213535263,7,-97.23741,32.42089,14,9
12.66961167,14.43823527,2.42631751,15.30568915,7.458186157,9.178849705,8.965845495,9.141526056,14,-97.4148,33.03549,14,14
12.7424315,14.32923198,1.79188246,14.94531203,7.791935957,9.216521231,8.943767263,9.103200496,12,-97.36348,33.00698,14,3
12.98152075,13.86810301,1.428138627,14.75570842,7.973499964,9.081938657,8.930758736,9.187583385,7,-97.35986,32.94696,14,13
12.80265661,14.2779135,1.520554453,15.14094761,7.793174347,9.287301413,9.041448235,9.174920427,12,-97.29859,33.14615,14,3
12.42438052,14.1307774,-0.258644384,15.01529038,7.315883505,9.220290703,9.005282288,9.18737876,11,-97.36363,33.15379,14,3
13.08782783,14.75639634,1.457127437,15.15547089,8.034306936,9.193499355,8.991064332,9.225031921,8,-97.54786,33.20855,14,14
12.5347107,13.55382107,1.557144443,14.16021879,8.101677747,8.974997713,8.839276691,9.311090275,5,-97.724,32.79326,14,11
12.71085806,14.51240072,1.646018378,15.34342947,7.736743682,9.190545745,8.948975608,9.157572306,12,-97.41456,33.03543,14,14
12.83601908,13.90168825,1.666627727,14.8335189,7.134890852,9.134538659,8.956222016,9.091444217,6,-97.49002,33.06236,14,14
12.42597495,13.84409801,1.260674579,14.94454535,7.602900462,9.187174094,8.991811158,9.298168082,7,-97.53654,33.17228,14,14
12.06250246,13.34611954,0.646337542,14.24833788,7.461640392,9.080117785,8.903815212,9.230731062,11,-97.56841,32.73566,14,11
13.17822562,14.3890856,1.185556353,15.11720082,8.086102536,9.18440699,8.940367233,9.203315757,9,-97.29251,32.99643,14,3
12.33165629,14.02252473,2.03725266,14.02089657,7.539558829,9.037414537,8.909505513,9.008468956,7,-97.3899,32.43238,14,9
13.00916556,14.78628948,1.917707515,15.59538974,5.655991811,9.246093542,8.973351414,9.198267791,11,-97.36181,33.03618,14,3
12.16503709,14.53651607,1.467402648,15.38489868,7.62754439,9.291920359,9.072915696,9.142917696,12,-97.31271,33.20189,14,3
12.98823295,14.49278239,1.550595605,15.32042893,7.630461262,9.282195809,9.011401509,9.195023668,13,-97.36762,33.04816,14,3
12.49115384,14.21596312,0.920941826,15.069301,7.817625443,9.187071745,9.012620873,9.195226734,11,-97.36361,33.00698,14,3
12.44922272,14.00447666,1.512844799,14.85892932,7.986844901,9.179056082,8.927977461,9.046644279,11,-97.37742,32.88765,14,13
13.31391388,14.18534849,1.007827617,14.96460491,7.805474625,9.173157581,8.932740635,9.255791635,12,-97.35869,32.95928,14,13
12.85968866,13.81720911,0.961204105,14.41043171,7.480992163,8.999989642,8.867850063,9.321613374,8,-97.5102,32.77994,14,13
13.15514804,14.33868166,1.147506867,14.937855,8.18729927,9.219101878,9.010180657,9.245900547,10,-97.41232,33.1767,14,14
12.91263198,14.5574479,1.783690026,15.08308726,6.7310181,9.163772736,8.915029272,9.195226734,6,-97.58783,33.09817,14,14
12.74652309,13.80823415,1.362656571,14.82803977,7.464509835,9.239899174,9.030735123,9.187071745,9,-97.35791,33.10593,14,3
13.1942244,14.88914686,0.806267315,15.7891915,7.665753432,9.396819939,9.087607607,9.183174704,8,-97.19217,33.18146,14,3
11.93675426,13.99884244,2.936499707,14.57640704,7.410347098,8.965590067,8.670772279,9.100078978,8,-98.00674,33.08068,14,8
13.39676262,14.91259501,1.258143035,15.23765168,7.318539549,9.294313806,8.995660899,9.019179867,2,-97.26685,32.453,14,9
13.25493081,14.64493536,1.149298778,16.94627124,7.497207223,9.246672301,8.97055918,9.230633075,4,-97.34495,33.04629,14,3
12.47724035,14.22775265,1.952468483,14.29150123,7.678788998,9.021719013,8.764834214,9.172742342,8,-97.60013,32.25207,14,9
11.29933613,13.63086631,0.348291585,13.82547079,7.507690078,8.986071187,8.724207361,9.279493231,12,-97.89056,32.79675,14,11
12.82320234,14.035457,1.800659926,14.80241109,7.645875825,9.169518377,8.887376485,9.143559338,8,-97.44878,32.32627,14,9
12.71400709,13.84763693,2.10836694,14.63343757,7.674152921,9.170559502,8.837681216,9.327767789,8,-97.52255,32.32127,14,9
12.13542483,14.09505561,2.04427411,14.74710912,7.710653324,9.07932011,8.827614751,9.185330209,7,-97.74407,32.81883,14,11
11.70600561,13.80546022,2.132669658,14.235478,7.496652438,8.93616665,8.757783656,9.212338375,2,-97.84617,32.73144,14,11
10.48871539,13.49736928,2.38575258,13.65624281,7.496652438,8.800415333,8.631592732,9.208338369,11,-97.91112,32.64029,14,11
12.75942313,14.78591062,0.804976756,14.79739351,7.591861715,9.16753725,8.930494185,9.29007534,11,-97.35698,32.4249,14,9
13.08937107,14.79968421,2.686357068,14.57540569,8.106212903,9.117457244,8.933136544,9.176783588,8,-97.45569,32.50625,14,9
11.39764928,14.92640906,2.275306086,14.993731,8.133880888,9.25636481,8.958540111,9.482654967,6,-97.33934,32.22366,14,9
13.13561716,13.9007704,1.758778527,13.91278608,8.13270649,8.914894909,8.803874764,9.043695295,9,-97.53837,32.39522,14,9
12.71068903,14.17716309,1.128241281,14.20354055,8.082711134,8.997147152,8.802372134,9.247636157,6,-97.5222,32.33464,14,9
13.21147255,15.12194969,1.040571629,15.15490983,8.195609567,9.156939595,8.800264651,9.141954459,8,-97.52993,32.33492,14,9
12.93225317,15.01968334,1.026714712,14.920521,7.871692664,9.229162126,8.92598609,9.129672469,9,-97.57043,32.49865,14,9
12.73831724,14.84470131,2.055454953,14.82169099,7.99193052,9.118553976,8.836809882,9.265396578,11,-97.56622,32.49872,14,9
12.32250366,14.32821442,1.578061782,11.96489241,7.509335266,9.188197007,8.870943864,8.926118971,3,-97.52425,32.50079,14,9
13.01240341,13.85404642,1.707966955,14.33794771,7.696212639,9.055556158,8.847647356,9.151439264,3,-97.52899,32.62973,14,13
13.0681986,13.73667404,1.74770843,14.82055036,8.018625465,9.038483865,8.83287946,9.260558088,9,-97.5444,32.59826,14,13
11.61075973,14.1699911,2.118330131,13.98389545,8.185071478,9.122273893,8.85509298,9.019179867,14,-97.70342,32.62587,14,11
12.02107351,12.86824502,1.535629564,12.7098797,7.857867559,9.334503015,9.29376198,8.993551586,8,-97.2345,33.08684,14,3
11.72559839,14.01809215,2.273580254,14.79079446,7.952966791,9.174505919,8.885302513,9.207837242,7,-97.42668,32.61771,14,13
11.59501224,14.18590101,1.688209148,14.99261974,7.020190708,9.22768901,8.892886141,8.992184362,4,-97.43318,32.58975,14,13
13.30425984,14.61924786,1.471889871,14.75359018,7.887959337,9.216819338,8.890410552,9.137339479,6,-97.44994,32.40706,14,9
13.43950862,13.9552725,0.501370796,14.73101378,7.714231145,9.117896082,8.92837526,9.257223958,9,-97.32239,32.55507,14,13
13.27164508,13.56639642,1.639000747,14.35928264,7.885705391,9.186047679,8.907747687,9.158836529,5,-97.44989,32.40706,14,9
11.55998079,14.06237064,2.057630424,14.87539241,8.124150603,9.119977932,8.91449171,9.31352853,4,-97.43305,32.58975,14,13
11.17752266,13.80201997,1.836073866,13.86225864,7.761744985,8.951828677,8.697846691,9.186867016,5,-98.07335,33.0625,14,8
13.09678297,14.47068585,2.411598953,15.23928566,7.871311203,9.26530193,8.960852845,9.237955539,4,-97.1571,32.78468,14,13
12.18574748,14.22593336,1.215737874,15.00838885,7.312553498,9.215228406,8.869538777,9.230142999,2,-97.43323,32.58975,14,13
12.69379954,14.23132196,-0.269637962,14.78487029,7.840312983,9.143452426,8.77183541,9.131080691,11,-98.03252,33.15954,14,8
12.62286008,13.26559755,1.970231691,13.26871573,7.702556113,9.287949351,9.26435496,9.197457746,12,-97.21111,32.37333,14,9
13.16718377,14.13759406,0.468960145,15.11712083,7.297091005,9.18860588,8.932740635,9.142810715,12,-97.43536,32.94605,14,13
11.19637742,13.89635295,0.46318799,14.0376488,7.162397497,8.80267284,8.586719254,8.963416292,7,-98.01353,32.72827,14,11
12.60175001,14.22097567,2.136570736,14.8267725,7.74109909,9.125000325,8.888756748,9.27799902,12,-97.55674,32.77848,14,11
13.0310504,11.91839057,0.131093899,14.83806004,7.864804003,9.070158341,8.839276691,9.229260257,7,-97.56714,32.77533,14,11
12.82113125,14.5994121,1.469003751,14.60140737,7.38274645,9.065545787,8.813587204,9.159573255,9,-97.51071,32.30776,14,9
11.88100018,14.21743541,0.737023995,14.57989409,7.355641103,9.087042156,8.827614751,9.2950491,2,-97.72132,32.85619,14,11
13.53041979,14.61481793,1.157511292,14.57548427,7.671826798,9.136047767,8.937218451,9.204121072,10,-97.33705,32.50638,14,9
12.88035041,14.01436142,1.731202119,14.8701835,6.11368218,9.171599544,8.915432254,8.816853241,13,-97.36904,32.96337,14,13
12.69057072,15.00670203,2.649033972,15.02971148,7.568895663,9.351405812,8.982184279,9.135616826,12,-97.24948,32.24983,14,9
13.40365507,14.4826987,0.501367512,15.30199137,7.638198244,9.341368634,9.012011377,9.081028635,6,-97.37273,33.11044,14,3
13.19877612,14.21609712,2.175655863,15.20191941,7.536363938,9.234056899,8.922124824,9.07463519,2,-97.48518,33.07948,14,14
12.49967466,14.45867937,1.611579839,15.30831667,8.408047744,9.305650552,9.095602695,9.096611607,9,-97.29543,33.19431,14,3
13.32094207,14.26658618,1.960320209,15.04823407,8.198639455,9.15377002,8.926118971,9.145801851,9,-97.4172,32.99446,14,14
13.22968836,14.23750497,-0.630166174,15.09806143,8.040768994,9.236982303,8.932740635,9.179365568,12,-97.3753,32.96315,14,13
13.34311848,14.16827788,0.909552204,14.94554981,7.404887576,9.131297165,8.927446816,9.358760377,5,-97.36556,32.9545,14,13
11.42932644,13.65628033,0.580615298,14.03962164,8.176110342,9.134538659,8.905172985,9.213435577,4,-97.40904,32.16679,14,6
13.17321808,14.95750157,1.819897987,15.11529287,5.605802066,9.133675287,8.894944461,9.129455643,7,-97.56687,32.87988,14,11
12.61868548,14.57069313,0.763329387,14.59577719,7.879669915,9.11712799,8.803724602,8.857230494,11,-97.58494,32.2682,14,9
11.9785445,13.80633055,1.850021241,14.62839087,7.502186487,9.13884437,9.037176753,8.959311617,3,-97.19572,32.28715,14,9
12.66428832,14.29793671,2.06042424,15.27274789,8.040768994,9.278372782,9.066354521,9.091894617,5,-97.11675,33.04202,14,3
12.99038506,14.23705962,1.188584532,15.04254948,7.819234454,9.206231944,8.937349848,8.88930832,5,-97.42393,32.45054,14,9
13.51510522,14.84422528,1.386909094,14.96823217,8.256088134,9.27799902,8.948975608,8.973097896,10,-97.39571,32.44792,14,9
12.67145938,15.39043984,1.890560977,15.48876911,8.114922974,9.116249449,8.749098248,9.350102314,7,-97.61837,32.38264,14,7
11.56522375,13.80197131,1.249864778,13.69270543,7.549609165,9.225918402,9.044521887,9.129997619,4,-97.35344,33.21494,14,3
12.08083817,14.57837315,2.229893368,14.36800505,7.946617563,9.088172738,8.850660919,9.144200569,13,-97.70342,32.62575,14,11
13.02862616,14.16264009,1.411026631,15.03834201,7.931284762,9.18860588,8.936692688,9.099408811,11,-97.37947,32.97626,14,13
12.23099938,14.41049349,1.508116605,14.48989685,7.327123292,9.357552752,9.008101781,9.161780181,7,-97.24529,32.28023,14,9
13.06682741,14.35346485,1.988010189,15.22001216,7.622663951,9.196647045,8.943767263,9.106645136,10,-97.37841,32.97997,14,13
11.61110425,14.11894294,-1.137032329,14.66412955,7.554858521,9.27902653,9.013595295,9.157466882,14,-97.35575,32.28514,14,9
11.82782379,14.47613455,2.47958556,14.52630805,8.382518288,9.239219332,9.031213706,9.304741047,5,-97.16831,32.52166,14,9
12.23560718,13.92212029,0.83652984,14.83303209,7.853604813,9.110961928,9.011889433,9.258463647,6,-97.56029,33.23795,14,14
12.82194454,14.46783574,2.118191417,14.75719999,7.524561226,9.222960403,8.989194823,9.000853147,7,-97.27594,32.27685,14,9
12.60884747,12.95206841,1.228891404,15.33391549,7.381501895,9.290998275,9.142061531,8.948975608,13,-97.08178,32.30538,14,4
12.00731678,14.41693327,0.651746884,14.96923962,8.276394705,9.128262261,8.85509298,9.156939595,8,-97.7002,32.87226,14,11
13.43411982,15.09705533,2.042354347,14.66674466,7.013915475,9.162199997,8.872066513,9.17781718,8,-97.43285,32.52292,14,9
12.33344071,12.66032792,0.194420121,14.91579412,6.222576268,9.229652683,8.973351414,9.266153437,11,-97.16878,33.08756,14,3
13.52014706,14.6909793,2.143839558,15.62298588,7.473637108,9.279399908,8.947025656,9.345745009,11,-97.38832,32.41357,14,9
12.9579061,14.21750298,2.062415194,15.38734379,7.738052298,9.353401215,8.860782896,9.219795531,14,-97.59456,32.7143,14,11
12.80410938,14.57865011,1.256415353,15.37842525,7.761744985,9.215327913,8.934059722,9.141204633,8,-97.42495,33.01723,14,14
12.77370195,14.05578651,1.32952104,15.23250239,8.106514516,9.276876896,8.839276691,9.287856814,6,-97.55822,32.75254,14,11
12.05800178,13.92274931,1.696136348,14.59975999,7.023758955,9.071078305,8.77183541,9.160099156,8,-98.06889,33.16861,14,8
12.75183289,14.24068025,0.796457075,14.96380531,7.440733707,9.139917908,8.900549014,9.18962733,2,-97.41411,32.56634,14,13
12.86126092,15.67069856,1.316989399,15.44974098,7.112327445,9.194414221,8.706159291,9.330165765,12,-97.67263,32.37567,14,7
12.9138892,14.17388406,1.343450613,15.0128327,7.671826798,9.124128675,8.935903526,9.36999019,9,-97.43746,33.0254,14,14
12.5450097,14.49800116,1.230479327,14.97718716,8.085794701,9.162304923,8.844336333,9.222762892,7,-97.7152,32.65904,14,11
12.95290039,13.98271848,3.106002618,14.89128811,7.664815785,9.131297165,8.933400396,9.152181458,9,-97.44078,32.94527,14,13
13.19278829,14.0269863,1.631147857,14.84634923,7.74586823,9.143131622,8.938662874,9.224341892,7,-97.3766,32.95025,14,13
12.69673944,14.05845674,0.268313219,14.97959562,7.496652438,9.15377002,8.883778861,9.155989777,3,-97.5352,33.13307,14,14
12.96543585,14.39060986,2.010392178,14.60543775,8.237743804,9.169518377,8.865029187,9.292841593,7,-97.61351,32.82493,14,11
12.31187306,14.17599225,0.819245987,13.24372223,7.383989458,9.325096609,9.038365107,9.202812106,8,-97.35344,33.21487,14,3
12.95708063,14.13868042,-0.245421914,14.95191947,7.351158226,9.217812387,9.041448235,9.129780864,3,-97.27348,33.14621,14,3
12.01379166,13.61381289,1.818060829,13.53424254,7.591357047,9.105535258,8.748939632,9.161990111,13,-98.02015,33.1306,14,8
13.64238142,15.34711665,1.231969755,12.61153775,7.534228326,9.412464556,9.058703197,9.337589573,11,-97.09423,32.52755,14,9
12.91060971,15.30214787,1.405238828,15.33617496,7.864419905,9.297710018,8.808817483,9.201501423,7,-97.58254,32.26103,14,9
12.69693533,14.45076376,1.70827516,15.28791977,8.005367067,9.19715381,8.959954084,9.225622996,5,-97.32181,32.94117,14,13
13.24887972,14.49252836,2.161155582,15.33477997,7.565793282,9.257414779,8.909235279,9.182660803,13,-97.45966,32.95481,14,13
12.98392396,13.81538555,2.058014552,15.03529569,6.177944114,9.242226561,9.014325488,9.423837546,11,-97.37041,33.11717,14,3
12.57964109,14.70939207,1.966298977,14.80745704,7.586803535,9.128153701,8.747510946,9.20532783,13,-97.64077,32.41131,14,7
12.66760613,14.66864847,1.777361342,14.72986822,7.628517627,9.113939598,8.779557456,9.122819774,9,-97.68646,32.50166,14,7
12.47895068,14.53952636,2.502736393,14.53749006,7.496097345,9.159468042,8.851377098,9.114269903,12,-97.62065,32.40732,14,7
14.06678432,14.18594313,0.543557183,15.10656304,7.395721609,9.202207389,8.865593999,9.076466063,6,-97.52986,32.96315,14,13
13.12063789,13.78449449,1.466255272,14.58100817,7.410347098,9.030974443,8.859221394,9.121509158,7,-97.52999,32.96314,14,13
12.32982008,9.686574551,2.124242717,14.62417153,7.901377354,9.187787968,8.881697406,9.150059441,12,-97.48935,32.73676,14,13
11.54632156,14.62644077,1.657501477,14.24333972,8.201660191,8.726967775,8.618485443,9.084436955,8,-97.90623,32.59268,14,11
13.01894098,13.60629457,1.077210893,14.50836169,7.642044403,9.175852442,8.953640037,9.209439967,3,-97.39899,32.384,14,9
13.11682809,14.46154517,0.992982664,14.51293159,7.938802248,9.216719979,8.952864142,9.039314775,7,-97.28751,32.70544,14,13
12.73069466,13.02585248,1.877768248,13.66120487,8.033334016,8.753371421,8.29654652,9.202005735,7,-98.50661,32.51434,14,10
11.0437375,13.71015004,1.016017607,14.07715148,7.979338895,8.969923492,8.727454117,9.279773147,10,-97.83955,32.66497,14,11
12.07279836,13.67762685,2.076848749,14.22619005,7.651595574,8.954415331,8.738735461,8.885994315,8,-97.80787,32.63824,14,11
11.79010255,13.1077004,0.430564041,13.79837457,7.65349491,9.082961443,8.820256366,9.38345299,11,-98.0255,33.19387,14,8
12.11610964,13.81255219,2.336810531,13.54991869,8.026170195,8.972844314,8.734238184,9.17812705,5,-98.07077,33.1295,14,8
12.11440682,13.85492356,1.64995624,13.85485626,7.584773078,9.023769801,8.740336743,9.253878674,12,-98.07133,33.09639,14,8
12.09146955,13.9526604,1.973205504,13.84299537,8.101677747,9.038721338,8.750841375,9.291090522,6,-98.07161,33.12574,14,8
11.85408669,14.04086846,1.186877134,13.91715879,8.110427238,9.133243322,8.83287946,9.162724518,7,-97.63536,32.76138,14,11
11.16170704,13.88954417,1.596916694,13.8205578,7.090076836,9.125980023,8.846209127,9.107532152,12,-97.56606,32.89629,14,11
11.24618263,13.57468663,1.270655474,13.51064977,7.928406026,9.036582046,8.836373931,9.096163327,6,-98.07161,33.12574,14,8
10.86459867,13.37545401,0.626517072,13.43940812,7.022868086,8.982435504,8.770283819,8.987446789,8,-98.10014,33.16761,14,8
12.89910982,14.08873867,2.37291518,15.38454014,7.563719668,9.34417172,8.880446451,9.035986985,9,-97.53032,33.02396,14,14
12.63292083,14.71741835,2.18116223,14.60401519,7.824445931,9.056956065,8.816705016,9.142061531,10,-97.51097,32.30414,14,9
12.55083896,13.87566448,1.914688164,14.73355016,8.084870629,9.143559338,8.952217102,9.138522084,4,-97.32408,32.95605,14,13
12.78410074,14.25499054,0.511323229,15.13851202,7.800572655,9.259606613,8.970940398,9.068431126,7,-97.39878,33.10603,14,14
12.45329984,13.87989282,0.587987241,14.61667861,7.365180126,9.079889943,8.89192414,8.994048296,12,-97.72244,33.07167,14,14
11.05915732,12.66854801,0.578571582,13.96866074,7.452402451,9.093918909,8.99838401,9.350710825,11,-97.20728,32.45892,14,9
12.27696438,13.60478953,0.226060189,14.3912044,8.031710375,9.001099726,8.833462721,8.999866224,12,-97.51765,32.29966,14,9
13.32938405,13.66468767,1.192826893,15.10566179,8.009695358,9.436519312,9.077151778,9.065892468,8,-97.23059,32.39534,14,9
13.00385008,14.52354635,0.94716211,15.36058359,7.876638461,9.245128197,8.913281138,9.152393412,3,-97.42352,32.94592,14,13
12.15234481,13.57661865,1.234722903,14.45117586,7.830028083,9.078407701,8.930626469,9.267665439,2,-97.37085,32.93224,14,13
13.6015621,14.93097996,0.774035129,15.30592572,8.225235324,9.2060311,8.921991411,9.090993614,14,-97.31876,32.51637,14,9
12.83672189,13.65534181,1.701738291,14.54322727,6.538139824,9.024010794,8.853093836,9.104979856,13,-97.55305,33.06077,14,14
13.12634544,14.42050935,1.19268946,15.13370379,7.947678571,9.276128113,8.980927208,9.010669177,9,-97.42025,33.10374,14,14
12.10593734,14.05708324,0.003791146,14.96273966,7.98616486,9.120415664,8.838986793,9.440737552,5,-97.72842,33.00383,14,14
12.74809457,14.08094702,1.532016394,14.93792335,7.701652363,9.123038044,8.947676062,9.08873755,4,-97.36145,32.92903,14,13
12.67769996,13.86620367,-0.13514474,14.73866885,7.786551806,9.081256219,8.903815212,9.220290703,3,-97.37131,32.93224,14,13
12.69729334,14.11403984,2.715294139,14.93390979,8.094378445,9.203315757,9.027138428,9.032767522,3,-97.28802,33.14842,14,3
12.71787779,14.63131775,0.265665559,15.55821213,7.106606138,9.302372457,8.95828281,9.283590834,12,-97.35846,33.04751,14,3
13.06038797,14.71689068,1.674213466,15.07121719,8.005700679,9.345657669,9.029178143,9.12858787,3,-97.42394,32.46515,14,9
12.84447585,14.5574479,1.402570067,15.41407355,7.244227516,9.273690687,8.989693701,9.187583385,11,-97.3707,33.06738,14,3
12.3535353,14.20370064,1.360304913,15.0879232,7.759187439,9.192176401,8.870382066,9.13086417,3,-97.69407,33.00517,14,14
13.17147539,15.11611086,1.631810856,15.17819642,7.977968093,9.174920427,8.803874764,9.089979015,6,-97.49571,32.31817,14,9
13.1411498,14.46633462,0.848214931,15.40109052,7.676937146,9.313979407,8.967886572,9.211639528,11,-97.39953,33.08757,14,14
11.48687919,13.9520063,-0.144939042,14.1748689,8.06714904,8.952475968,8.611411867,9.352273868,14,-97.93632,32.60081,14,11
12.15151086,14.70340182,2.110153486,14.93913931,7.138867,9.129889248,8.950662496,9.280798836,4,-97.35038,32.23264,14,9
12.73949112,13.76421726,2.039690488,14.42151363,7.091742115,9.040974526,8.888618807,9.200391041,4,-97.51262,32.58407,14,13
13.17420982,14.35572507,1.47546258,15.15779974,7.955074273,9.257700943,9.028338764,9.182866395,4,-97.29842,33.14837,14,3
13.36620327,13.93606752,1.837498252,14.7872254,7.8559322,9.195226734,9.0205107,9.320986892,11,-97.31022,33.11669,14,3
13.58113668,14.67671132,1.124353768,15.52103435,7.693937326,9.35045008,8.931948346,9.006999448,5,-97.43239,33.05068,14,14
13.34559492,14.08515594,1.168761479,14.939112,7.051855623,9.220290703,9.026537719,8.9692874,10,-97.31035,33.11669,14,3
13.19464869,15.07223709,2.162512091,15.07025955,7.591861715,9.163982248,8.809116258,9.138092208,8,-97.49216,32.31974,14,9
12.98248963,14.26179766,2.330822547,15.13788541,7.832014181,9.192176401,8.846353043,9.052750451,12,-97.5279,33.04362,14,14
12.5888967,13.9552725,1.207459207,14.53716356,7.949797216,9.065892468,8.862625169,9.26492325,7,-97.51821,32.57858,14,13
13.00311577,14.19154686,1.245251383,15.08549804,7.184629153,9.187481078,8.943767263,9.202409002,11,-97.43261,33.03542,14,14
12.86804387,14.07170196,1.595084475,14.35508689,7.854769183,9.049584593,8.909640602,9.356516482,8,-97.4007,32.42667,14,9
13.73885951,13.91172942,1.876945453,15.23837067,7.594381243,9.313167682,9.001346244,9.228082053,10,-97.236,32.44897,14,9
12.08493838,14.612432,1.549301115,14.76455808,6.452048954,9.086136769,8.801619971,9.176783588,7,-97.53147,32.3524,14,9
12.72989248,14.20579434,1.891728237,14.82453944,7.650644551,9.085117227,8.817297784,9.192176401,11,-97.51875,32.30167,14,9
13.1865806,14.12115533,1.061512851,15.00575536,7.562681247,9.192176401,8.888204871,9.077266018,7,-97.50478,33.07833,14,14
11.99718327,12.78689064,0.549875008,14.10504841,7.755338813,9.147400572,9.03586793,9.195226734,8,-97.22363,32.34983,14,9
13.15415657,14.45436997,1.587402894,15.24121119,7.36707706,9.329899607,9.023769801,9.198267791,9,-97.33633,33.09818,14,3
13.27496429,14.41070472,1.138340297,15.12087357,7.651120176,9.294313806,8.99019233,9.194414221,4,-97.21016,32.54351,14,9
13.29711133,15.19583715,1.039729591,15.33798044,7.081708586,9.444621668,9.059750013,9.006876891,12,-97.09427,32.5275,14,9
12.31751563,13.82704379,1.496576011,14.4723692,7.842278779,9.031811613,8.87626526,9.143238568,8,-97.54239,32.70244,14,13
12.12440153,13.86430072,2.34409116,14.69503357,7.275864601,9.16104508,8.942722331,9.068085324,4,-97.41959,32.98442,14,13
12.91397296,13.61546445,1.92008497,14.70683296,8.033658428,9.144521031,8.870803444,9.227197489,12,-97.57398,32.71935,14,11
11.75152496,15.40278466,0.675221877,15.10984916,7.918264686,9.120525068,8.649974303,9.129347213,10,-97.69682,32.31636,14,12
12.62081459,14.20267659,1.472676017,14.98415997,8.012018239,9.273502947,8.837100411,9.270494295,8,-97.5555,32.38137,14,9
10.89596125,13.30985654,2.275619727,13.72070745,8.116118432,8.91918561,8.709465079,9.247828816,4,-98.10354,33.15107,12,8
12.19380774,14.15483586,1.207788517,14.73841855,7.759187439,9.229554591,9.061144066,9.319732749,7,-97.22948,32.14924,12,6
13.80129702,14.27546385,1.381222547,14.66613488,7.786551806,9.237274373,8.983063289,9.282847063,4,-97.1808,32.5698,12,13
10.32914737,13.69275518,1.075465914,13.49722906,7.670428522,8.91355028,8.753055515,9.314700387,4,-98.05861,33.0404,12,8
10.9025373,13.87848536,0.92968347,13.87855859,7.358193753,9.070963356,8.737131612,9.388570236,12,-98.01347,33.02523,12,8
12.81674541,13.80546022,1.419959478,14.68321674,7.916807491,9.097171674,8.908694593,8.939843124,5,-97.50933,33.08884,12,14
12.86114665,14.31628585,1.341138536,15.19877533,7.862497197,9.26860928,8.980423936,9.169518377,14,-97.40468,33.09752,12,14
12.8880881,14.17667541,1.921473071,14.75757663,7.792761721,9.099743951,8.874867636,8.927314111,7,-97.57915,32.833,12,11
12.90139995,14.35561145,2.541269452,15.22060999,8.004031508,9.312355297,9.0653146,9.091782036,2,-97.29996,33.113,12,3
12.72146184,14.39513904,2.589532784,15.22839037,7.592366129,9.314700387,9.093357016,9.105424202,4,-97.28677,33.14411,12,3
12.30730164,13.35188654,2.057986443,14.21473222,7.329093736,8.987696696,8.9226583,9.273315171,10,-97.35945,32.94224,12,13
12.59313954,14.21964144,1.833603544,15.06040263,7.455298486,9.179262416,8.93458687,9.239413619,9,-97.35869,32.94475,12,13
12.91221009,14.70047573,1.321724178,14.81021239,8.033009499,9.27799902,9.008835996,9.276128113,4,-97.36865,32.28298,12,9
13.51594752,14.88022129,1.0581451,15.72159821,7.912423121,9.325809622,8.999001866,9.111514018,3,-97.38863,33.06349,12,3
11.68042945,12.91656846,1.876897501,13.76548383,8.383433201,9.148464968,8.901094122,9.322060622,9,-97.45401,32.26039,12,9
13.22914388,13.70821484,0.870685426,14.48849891,7.72841578,9.143131622,8.947415951,9.321971188,3,-97.41561,32.60187,12,13
12.96389271,14.39513904,0.488805671,15.19963857,7.96276393,9.275191344,9.033125753,9.014447135,13,-97.2869,33.14411,12,3
12.8953373,14.24110504,2.071065863,15.06029377,7.667626092,9.262458326,9.010180657,9.187071745,12,-97.37031,33.11725,12,3
12.83842894,15.04807082,1.093257751,15.05895597,7.746300662,9.14974075,8.827321453,9.193194213,6,-97.48884,32.36199,12,9
12.8865423,14.10181668,1.825754453,15.02761402,8.078067882,9.154193211,8.902455592,9.15408743,6,-97.42255,32.96974,12,13
12.97338994,14.02252473,1.98619521,14.98963284,8.282483004,9.221675882,8.961879013,9.282661034,6,-97.57575,33.16932,12,14
13.08117465,13.91987057,2.372259833,14.86045199,8.139148679,9.127393451,8.945723572,9.266720705,4,-97.62066,33.21469,12,14
12.54923673,13.3534751,1.231753864,14.21807948,7.966239777,9.003808086,8.926650321,9.140454245,8,-97.39895,32.93775,12,13
12.86710719,14.95071189,2.021154143,14.96439192,7.637716433,9.089527752,8.799058379,9.157783121,7,-97.53121,32.2995,12,9
13.44506118,14.24143167,1.882862352,14.99510911,7.593877845,9.28451977,9.017483513,9.230142999,7,-97.35699,33.09331,12,3
13.16244526,14.34649169,2.179504322,15.1972576,7.696212639,9.210540352,8.800867242,9.130214327,9,-97.4899,32.35928,12,9
12.4220667,13.86430072,1.311210583,14.71210702,7.6118424,9.068661594,8.909235279,9.136693832,8,-97.46835,32.94672,12,13
13.43670393,14.68092896,0.531115481,15.40233715,7.997326823,9.249945627,8.904494329,9.01371703,10,-97.41702,32.92751,12,13
13.05981967,14.22097567,0.733774203,14.83101077,8.095598701,9.11316846,8.907883014,9.098290868,8,-97.41885,32.92056,12,13
12.76575415,14.14245902,1.889696088,14.4617878,8.192016915,9.014568767,8.812843434,9.121946221,8,-97.61589,32.6982,12,11
12.55870292,14.6118026,1.653725896,14.82577895,7.289610521,9.243388226,9.002331708,9.31289696,9,-97.38135,33.07972,12,3
12.6810576,14.0683993,1.946694694,14.47695343,7.824845691,9.123692565,8.930890984,9.174194925,13,-97.33409,32.617,12,13
12.33252466,13.92526142,1.574243223,14.71262092,7.301822342,9.201804041,8.900139988,9.095153962,9,-97.48281,32.7162,12,13
12.91174111,14.21830544,2.300058802,14.95232381,7.056175284,9.11482017,8.870522545,9.111845125,11,-97.47598,32.90892,12,13
11.66571522,13.8464073,1.456481385,14.78882112,8.137980454,9.090880932,8.935245415,9.224637677,5,-97.50003,32.70235,12,13
12.91589748,14.6745111,1.259006998,15.43653133,8.255048903,9.379154445,9.053686562,9.169101624,12,-97.17066,33.06549,12,3
12.77030348,15.2352397,0.980706015,14.99603826,8.420682291,8.641355834,8.607033895,9.249561085,2,-97.70145,32.31212,12,12
12.7676123,15.00548585,1.374957752,14.99610275,8.111027838,9.102755161,8.813141008,9.088172738,9,-97.52603,32.35303,12,9
13.21166097,14.3803015,0.693179099,15.15353337,8.207946941,9.29468152,8.885994315,9.154827662,14,-97.43901,32.32674,12,9
13.87441511,14.39632855,1.121536705,14.84473847,7.793586803,9.213933907,8.994048296,9.175127616,5,-97.3188,32.41593,12,9
13.15479765,14.58004773,0.603914768,15.01254938,7.813591553,9.291090522,9.005773206,9.222268943,7,-97.31371,32.42165,12,9
12.98699945,14.14771656,1.978915059,14.97652659,7.634820678,9.21662061,8.861208337,9.354007722,10,-97.59811,32.66641,12,11
13.01142511,14.35083365,1.915592087,14.75839492,7.524021415,9.23610558,8.998013113,9.221280312,7,-97.20321,32.45059,12,9
10.75888113,14.41665209,2.708849817,14.51654356,7.773594467,9.094255893,8.829372735,9.298534383,4,-97.65511,32.4768,12,7
12.29619667,12.57071576,1.208379116,13.74100251,7.792348924,9.010669177,8.753845093,9.107642974,11,-97.80229,32.67299,12,11
13.4500644,14.16150871,1.77459099,14.40121506,8.121480375,9.136263169,8.947025656,9.225918402,6,-97.61894,32.82464,12,11
12.28655526,14.16961711,1.491909233,14.449484,7.996317232,9.047350743,8.846353043,9.163248764,10,-97.4696,32.58386,12,13
12.12204409,13.85191963,-1.944017822,14.62745359,7.38274645,9.208839246,8.955448122,9.083983183,9,-97.34219,32.40575,12,9
12.47415897,14.14301412,0.941713348,14.94362145,7.608870629,9.242807562,9.029537661,9.056023012,12,-97.35325,33.14745,12,3
13.05357477,13.99503989,0.610429236,14.75994939,7.917900586,9.125218119,8.965206803,9.543378146,8,-97.32458,32.50562,12,9
12.23729027,14.11709554,2.36703963,14.61989674,7.736307097,9.053920453,8.830543011,9.40820714,6,-97.57341,32.64597,12,11
13.66286042,15.08772147,-1.727732107,15.32624044,7.681560363,9.294221856,8.973097896,9.129672469,12,-97.37705,32.40477,12,9
13.54044852,14.69918471,1.581729516,14.74056914,7.937374696,9.166388484,9.000853147,9.166910814,6,-97.60206,33.16006,12,14
12.59497806,14.3402166,1.495175485,15.16911384,7.530479995,9.301003407,8.883362917,9.141311786,9,-97.48298,32.68319,12,13
12.90195359,13.97252627,0.762921549,14.47636799,7.969011781,9.096163327,8.937612591,9.178540059,3,-97.26321,32.64259,12,13
13.30316712,13.68483223,0.700309077,14.40778713,7.063048163,9.130214327,8.904222737,9.269552232,6,-97.37531,32.83015,12,13
12.54339809,14.22080899,-0.103080118,14.65620667,7.809947086,9.241354426,9.043459,9.210540352,7,-97.14282,32.48449,12,9
13.18816797,14.06665831,-2.654796,14.46717302,6.80682936,9.130430989,8.935113741,9.31379908,12,-97.28442,32.57805,12,13
12.38179749,14.06665831,1.938715768,14.46758884,7.593877845,9.144200569,8.945984125,9.178436823,4,-97.26321,32.64259,12,13
13.32578411,14.06665831,1.403166396,14.46717302,7.156956365,9.10342309,8.951958169,9.307739278,13,-97.29542,32.58056,12,13
13.18710938,14.2777466,0.903230885,15.40238011,8.147288259,9.326522126,8.9226583,9.069698042,12,-97.69465,33.24294,12,14
13.37795089,14.56645814,0.943476805,15.02603803,7.741533589,9.195531256,8.935640334,9.206332351,12,-97.2732,32.61059,12,13
13.86496526,14.35434038,-0.612105054,14.75806769,7.458186157,9.213634939,9.003193194,9.333442569,3,-97.23228,32.47847,12,9
12.26021986,13.27459507,1.736472606,14.00919729,8.276649125,9.069928218,8.941152882,9.027618735,6,-97.30758,32.83416,12,13
12.41146762,13.91535589,1.8316502,14.80745852,7.82284529,9.330254469,9.056606272,9.415645765,4,-97.03714,32.94458,12,13
12.89361917,14.82193446,1.663201072,15.69332325,7.677863501,9.46529262,9.041211409,9.406318255,8,-97.03719,32.94465,12,13
13.07899857,14.32026278,0.449972882,15.09100799,8.210939733,9.270305953,8.848078421,9.457590999,11,-97.58867,32.46423,12,9
12.22297401,13.66769129,0.985499206,14.47455996,7.891704659,9.24425859,8.935903526,9.474625867,7,-97.40561,32.24171,12,9
11.81433291,10.82972862,0.763795074,13.92007596,7.912423121,9.295600216,9.147400572,9.077951184,9,-97.14636,32.281,12,9
13.00072216,13.86597931,2.456716643,14.32775677,7.901007052,9.181735115,8.906935339,9.473473572,11,-97.26721,32.76877,12,13
12.30440099,14.20416855,0.054125822,15.18160221,8.048788284,9.298351249,9.035510681,9.280985212,4,-97.31058,33.14038,12,3
13.42831455,16.34984209,-0.134123079,15.6386902,7.893572074,9.236397906,8.933927892,9.256078264,4,-97.35447,33.04665,12,3
12.9253139,14.58283714,0.557443767,15.29663862,8.140898461,9.250426096,8.983439772,9.305286849,3,-97.35461,33.04664,12,3
13.26158604,14.73698782,0.60771099,15.47128763,7.696212639,9.28859687,8.963160243,9.202005735,5,-97.39755,32.98891,12,13
12.86585434,14.47092991,0.912058987,15.26811078,8.229511119,9.261033486,9.025335218,9.227197489,6,-97.31286,33.17716,12,3
12.97800328,14.72235683,1.428375863,15.49160999,8.064636476,9.325898713,9.038483865,9.191667107,8,-97.30973,33.17629,12,3
12.59082471,14.4306962,0.191366805,15.2223602,7.671826798,9.299266581,9.024131268,9.309552022,11,-97.34591,33.14538,12,3
12.45231925,14.12593212,1.134416058,14.89883661,7.697575347,9.125218119,8.919988071,9.276128113,8,-97.45979,32.95011,12,13
13.17109068,15.3151336,1.593282763,15.33344615,7.72001794,9.22690246,8.794067065,9.315600883,4,-97.52035,32.33778,12,9
13.2469799,15.24677828,2.153574977,15.24035281,7.696667082,9.218010878,8.831273738,9.295324696,3,-97.52039,32.33811,12,9
13.0963171,14.29631502,0.600694276,15.11012539,7.918628653,9.259130536,9.017483513,9.268420583,8,-97.31284,33.1368,12,3
13.07970219,14.25955515,2.415627125,15.09477134,7.625595072,9.206231944,8.925321417,9.333884558,11,-97.42052,33.01684,12,14
11.63753846,14.5574479,0.894885422,14.58008963,7.783224016,9.070158341,8.837826364,9.30655923,14,-97.54116,32.33656,12,9
12.65476645,14.43156069,1.142646029,15.23334719,7.993619995,9.230142999,8.983690681,9.133027269,10,-97.34591,33.14527,12,3
12.21455656,14.10791894,1.542752624,14.90440781,7.918628653,9.206332351,9.042631528,9.234545061,7,-97.29827,33.16868,12,3
13.40820375,14.81863932,1.904634636,15.24165524,7.857093865,9.200593021,8.795582217,9.267476563,13,-97.53771,32.38618,12,9
13.0657507,14.68177036,1.069230102,15.11903888,7.830425618,9.186867016,8.93458687,9.213335881,4,-97.52771,32.33614,12,9
12.20366976,13.27979439,2.250964178,13.53834895,7.336936914,8.974997713,8.881836305,9.181838012,8,-97.53429,32.94611,12,13
11.94568143,15.10336485,1.978987228,15.11668648,7.760040681,9.173365136,8.815073089,9.30063801,11,-97.54121,32.33666,12,9
12.75686678,14.3247349,-1.24672693,14.43749251,8.174984533,9.05532265,8.802973457,9.21443199,7,-97.49373,32.36138,12,9
12.63503616,14.72779327,-1.656641071,15.15622946,7.893945138,9.139273924,8.812843434,9.208939391,10,-97.53853,32.33263,12,9
12.94181465,14.7132299,1.029431582,14.71078682,8.054840221,9.07532216,8.820994646,9.193702731,11,-97.49688,32.35987,12,9
13.56129679,14.28081567,0.899938359,15.19278587,7.918264686,9.170455438,8.867286524,9.031572493,5,-97.54224,33.05401,12,14
12.66015647,14.81338128,2.495672227,15.41065399,8.463792415,9.277718607,8.883640233,9.103089181,7,-97.53656,32.87851,12,13
11.94603817,14.30045206,0.409029707,14.36318331,7.914617709,9.017119634,8.699514748,9.293853972,13,-97.93471,33.06346,12,8
12.18958243,13.94583682,1.337392158,14.00823861,8.000684785,9.174194925,8.875287128,9.013229998,9,-97.58303,32.46011,12,9
12.60253401,13.55414579,0.857630522,14.32132042,7.812782819,9.196545661,8.907612341,8.99342737,9,-97.42104,32.2748,12,9
13.57893723,13.98208206,1.490414967,14.57838714,7.402451521,9.22857314,9.103868127,9.013473544,12,-97.59526,33.1654,12,14
13.03152797,14.23469183,2.550327716,15.22818586,8.049427057,9.200492036,8.968268811,9.185125123,11,-97.25933,32.57285,12,13
13.95566547,14.56442352,0.814019508,15.25948545,7.387709239,9.154193211,8.885717652,9.240869577,8,-97.47006,32.97124,12,13
12.81652005,13.63757935,0.092581245,14.65617044,7.428927195,9.109746257,8.911125384,9.261793654,9,-97.34612,32.82076,12,13
12.95844111,13.6611932,1.328840307,14.06157657,7.857867559,9.093581811,8.970304953,9.227295813,6,-97.30166,32.49056,12,9
13.05954285,13.88316921,2.950249068,15.10392634,7.385230923,9.363747919,8.839276691,9.194718991,8,-97.58452,32.61938,12,11
12.80359235,14.28651369,1.126630857,15.29432485,7.943427768,9.28247497,8.839276691,9.236008119,9,-97.59623,32.59377,12,11
12.83944594,14.06953243,1.850774776,15.28310099,7.811568489,9.255313738,8.839276691,9.257700943,7,-97.5917,32.61066,12,11
13.33294516,14.05295141,0.565488131,15.29148748,7.992606652,9.259606613,8.839276691,9.295600216,6,-97.59167,32.61064,12,11
12.46294493,13.46114723,1.991092781,11.51533257,8.156223323,9.236787542,8.839276691,9.014325488,13,-97.59141,32.63345,12,11
13.62182386,14.55879937,1.147070638,15.20947096,7.872836175,9.203114327,8.897272113,9.372033961,8,-97.43781,32.87184,12,13
13.11099905,13.88890227,2.411240731,14.6776914,8.023552392,9.311542252,8.948975608,9.271247307,2,-97.4105,32.46254,12,9
13.28985045,14.57102484,2.57301971,15.45318485,7.830028083,9.383200645,9.031572493,9.311090275,7,-97.19742,32.61191,12,13
12.76091707,15.14523457,1.29003635,15.38363886,8.065265209,9.278933163,8.919720656,9.244838412,11,-97.39687,32.44708,12,9
13.75892962,14.58757058,1.899385158,15.00745289,7.800572655,9.19573422,8.928640371,9.056023012,12,-97.27692,32.64349,12,13
12.85023439,15.06394991,0.771408988,14.98744951,6.896694332,9.120634459,8.979668554,9.324293862,8,-97.21596,32.52339,12,9
9.820703591,13.85982692,1.271222204,14.68856388,6.941190055,9.126523886,8.898365607,9.285911559,7,-97.57301,32.74575,12,11
12.7182913,14.82638393,1.517075793,15.22912092,7.381501895,9.168893182,8.795582217,9.264828557,11,-97.48848,32.31016,12,9
11.92216345,14.68764039,-0.071861453,15.12108986,7.511524648,9.117457244,8.815073089,9.106090351,6,-97.50219,32.25313,12,9
13.40809104,13.63785649,0.921633989,14.68585871,7.605392365,9.058470423,8.860641042,9.165761329,6,-97.49004,32.93946,12,13
12.57373896,14.21562806,1.779713092,14.76641139,6.843749949,9.303739636,9.118773178,9.159257582,8,-97.22175,32.31385,12,9
13.15996162,14.8948041,1.312028654,15.54699653,7.550661243,9.347838885,8.918650278,9.177403872,12,-97.38677,32.88874,12,13
11.78047626,13.89987376,2.20214718,14.64739829,7.550661243,8.955448122,8.751632702,8.982435504,14,-97.58817,32.22863,12,9
12.6125206,14.7279539,0.568330083,14.97977793,7.701652363,9.333707786,9.037295652,9.124782484,9,-97.21109,32.37327,12,9
12.98139411,14.35065799,1.870250499,15.32335286,7.818027939,9.419384999,9.080801001,9.065892468,12,-97.17292,32.35,12,9
12.22280193,15.77744871,0.854683533,11.77488965,8.303504799,9.281823474,8.761706768,9.085910294,8,-97.63671,32.4561,12,7
12.69976228,15.56551009,2.004017725,15.30734397,7.969703583,9.182969175,8.728911725,9.222071295,3,-97.64378,32.39694,12,7
12.6983605,16.59622865,0.454862252,15.64089241,7.167809184,9.453286551,9.047233034,9.006386515,3,-97.09345,32.45172,12,9
12.54351227,14.25883455,0.102258212,14.23445639,7.983440063,9.090430075,8.85509298,9.200794959,11,-97.62793,32.77076,12,11
13.0430041,14.77943574,1.931981472,15.20310507,8.057377489,9.247828816,8.879333175,9.483111832,7,-97.50065,32.63404,12,13
13.42868269,14.87145157,0.529125364,15.29993748,7.886832999,9.283590834,8.848365695,9.148677712,11,-97.50058,32.63398,12,13
13.24793467,14.74802418,1.860189664,15.16949348,8.150467912,9.150590368,8.853808275,9.154510487,5,-97.52393,32.62188,12,13
13.09705377,14.61571681,2.066991211,14.64452428,8.495969555,9.131513591,8.963160243,9.358760377,9,-97.27887,32.5404,12,9
12.964202,14.47105971,0.957477592,15.40474862,7.917171989,9.373139262,8.99751837,9.097059686,5,-97.26259,32.29945,12,9
12.83787088,14.57089518,0.826600892,15.01066136,7.816416984,9.196038587,8.937743937,9.097171674,10,-97.50059,32.63403,12,13
12.58063859,14.57528922,-0.58626532,14.98924331,7.366445148,9.182043773,8.964439834,9.25292082,8,-97.4449,33.16208,12,14
13.14046063,14.67792952,2.779809661,15.10602008,7.944492164,9.163039099,8.932740635,9.288966692,9,-97.49529,32.63416,12,13
13.48187111,14.93387776,1.993569633,15.36271768,8.305484018,9.250714266,8.875147317,9.220290703,12,-97.49524,32.63419,12,13
12.37242148,14.62710722,0.712457451,15.35915348,8.07059354,9.180808569,8.936561205,9.141633174,2,-97.40951,33.04911,12,14
12.97407448,14.07825936,1.097483702,14.80969967,7.574558484,9.078407701,8.935903526,9.258177701,13,-97.41884,32.92077,12,13
11.8928129,15.31169018,2.184954803,16.03754677,7.663877259,9.322954516,8.929302842,9.193194213,8,-97.39541,33.02061,12,3
13.32936942,14.71794574,0.837711339,15.41633831,7.766416898,9.189014585,8.972083183,9.128045129,6,-97.31435,33.02286,12,3
12.57384973,14.21897366,1.134799613,14.99187617,7.745002804,9.231612507,9.040263542,9.155884186,11,-97.26712,33.14327,12,3
12.63627915,14.99938269,1.397324646,14.96008234,7.487173694,9.258273026,8.987696696,9.046055178,6,-97.25241,32.35103,12,9
12.62793262,14.09222824,1.317322006,14.8623705,8.098642844,9.217812387,8.9226583,9.086815886,12,-97.42973,32.37824,12,9
13.04905047,13.94839674,1.906366452,14.7042459,8.254788926,9.206733876,8.909235279,9.275659838,9,-97.4147,32.37275,12,9
12.84821596,13.64921982,1.470603789,14.43439852,7.390798522,9.183174704,8.896588072,9.196241448,6,-97.42541,32.32651,12,9
12.34928948,14.30101837,0.749710193,15.28978695,7.888334501,9.222664122,8.99342737,9.239122173,11,-97.41482,33.21348,12,14
12.8403691,14.42026359,1.654047948,14.82865137,8.174984533,9.077380245,8.798605651,9.265207273,5,-97.49374,32.36133,12,9
12.64292337,15.01245875,0.219936952,14.99784432,7.96241568,9.120634459,8.804175019,9.218407743,8,-97.51071,32.30782,12,9
12.11832827,14.65793944,1.636451269,14.58430403,7.830425618,9.037889935,8.936824155,9.143773128,11,-97.28039,32.47985,12,9
13.08031355,15.38911402,1.473982626,15.27186256,8.511778559,9.366061247,9.073947747,9.19715381,6,-97.21609,32.31765,12,9
13.25831634,14.16344542,1.726666237,14.8959324,7.528331767,9.108750516,8.926650321,9.231808279,12,-97.41704,32.92678,12,13
12.63238885,13.92526142,0.01169248,14.94985479,7.918628653,9.261983605,9.039077443,9.085910294,7,-97.34895,33.11744,12,3
12.85032366,13.96801703,1.358352298,15.06525297,7.730174795,9.224243277,8.961879013,9.025816392,14,-97.48698,33.12746,12,14
12.53415622,13.92883924,1.837972801,14.752916,8.018296139,9.238733446,9.023287641,9.130214327,6,-97.2321,32.43982,12,9
13.30859893,14.60351327,2.546113779,15.3400518,7.776954403,9.189525232,8.896314324,9.047233034,11,-97.41704,32.92668,12,13
12.99608561,15.52501098,0.992738796,15.52408188,7.901007052,9.309008544,8.828640617,9.373479109,9,-97.51112,32.35406,12,9
13.15556408,14.42869853,-0.427978849,15.30738176,7.989560449,9.271435471,8.969923492,9.117676687,9,-97.45646,33.11518,12,14
12.88205586,14.1814237,1.279237347,15.30148508,7.400009517,9.244741799,8.953640037,9.269740715,12,-97.47226,33.13695,12,14
12.52537692,13.4012065,0.506499756,14.95490772,7.888334501,9.256269304,9.016027202,9.232395363,8,-97.21657,32.28416,12,9
12.58327887,14.36772761,0.77857986,14.88941067,7.467371067,9.067508723,8.825412915,9.245900547,7,-97.52102,32.39155,12,9
13.08505811,14.39492897,0.995764062,15.21621066,7.551712215,9.202207389,8.979038633,9.19573422,7,-97.34495,32.97826,12,13
13.37539189,15.28912875,0.398116913,15.27651621,7.996317232,9.164715194,8.845345196,9.317489287,14,-97.52107,32.39159,12,9
12.04813146,14.5574479,-0.035329958,15.52226137,7.340835554,9.254739959,8.921857979,9.279306576,8,-97.6368,33.27811,12,14
13.00058211,14.28863431,1.499370751,15.06818552,8.216358332,9.284983915,9.001592701,9.252633284,12,-97.37594,33.10108,12,3
13.08250134,14.1295911,-0.018567909,14.94428567,7.988882253,9.239899174,8.994172434,9.263881139,12,-97.37607,33.1011,12,3
12.2666408,14.88366364,2.175710538,14.81737844,7.469654173,9.248406573,9.010180657,9.218010878,8,-97.26712,32.2611,12,9
13.66585211,14.82200756,1.343034282,15.54648516,7.241366283,9.319553457,8.942460927,9.454853949,11,-97.37574,32.91298,12,13
13.43859501,14.77486078,1.669755558,15.64456099,7.268223021,9.304923014,8.933004592,9.317579123,4,-97.34484,32.97806,12,13
13.18903836,15.38911402,1.846976976,15.29135308,7.428927195,9.271717652,9.009569672,9.222762892,7,-97.2162,32.3176,12,9
11.58870062,14.17751129,1.746846621,13.98461009,8.064950892,9.062304293,8.596004372,9.405002141,4,-98.13235,32.8577,12,10
12.81722855,14.06424388,0.599825837,15.27236636,8.155936338,9.315600883,8.881836305,9.121290555,12,-97.52586,33.01402,12,14
12.92834407,14.26556655,-0.128931007,14.93503466,7.430707083,9.23610558,8.931816237,9.255696074,7,-97.37163,32.97161,12,13
12.0310345,14.6891998,2.006001849,14.97878636,7.428927195,9.29587566,8.788745882,9.313167682,7,-97.81805,32.60026,12,11
13.48892132,14.19543903,1.915177417,14.99772904,7.776115477,9.224637677,8.9226583,9.326700173,8,-97.33491,32.56776,12,13
12.52886966,14.24159495,1.3534644,14.83666928,7.972466016,9.094143578,8.9226583,9.070618429,6,-97.59576,32.83752,12,11
11.68084379,13.8204981,-0.256420292,13.97211423,7.409136444,8.862483576,8.648221454,9.322328874,11,-97.98714,32.72052,12,11
12.39630037,13.98525333,1.415167978,14.94512914,7.913521017,9.086363192,8.880446451,9.243291472,11,-97.68122,33.25658,12,14
10.71683706,13.9970026,0.515147809,14.67467968,7.552237288,9.006141237,8.756210092,8.865735152,9,-97.86535,32.7966,12,11
12.41570939,14.09314229,2.176603989,14.96690503,7.753623547,9.173676388,8.935377072,9.300820725,8,-97.50164,33.12911,12,14
13.02448149,15.25008067,2.079056181,15.40532274,8.004699511,9.237955539,8.836083191,9.237079669,10,-97.51043,32.38902,12,9
12.92732369,14.51488829,0.771886658,15.20104763,8.094073148,9.175024027,8.860782896,9.129238771,5,-97.54758,32.76986,12,13
11.94183362,14.48333993,3.517223565,14.40261922,8.292798858,9.142275641,8.887376485,8.876404915,6,-97.67813,32.64978,12,11
12.45827002,14.08286236,2.744755078,14.86782547,7.113142109,9.225228984,9.059052258,9.033125753,12,-97.26698,33.14327,12,3
12.26324189,14.12593212,2.557917198,14.93105076,7.639161172,9.230142999,8.999125392,9.181014543,9,-97.32938,33.13696,12,3
12.48277592,14.15198279,1.44477334,14.73539323,8.104401308,9.254739959,9.074978734,9.23960787,12,-97.22703,32.16409,12,6
11.68971508,15.16622955,1.517219558,14.90368658,7.565275282,9.049114723,8.726643416,9.218308542,2,-97.65604,32.32235,12,7
13.10704667,14.61235582,1.702999139,14.87731155,7.926963545,9.137554602,8.953510763,9.215825302,13,-97.50626,32.60805,12,13
13.18878388,16.01018745,2.184008247,15.75689448,7.545918151,9.348448774,8.66733585,9.055556158,8,-97.72232,32.43956,12,7
13.27712359,15.40462331,1.969182378,15.2306217,8.006034179,9.310185707,9.00675432,9.357034751,5,-97.20575,32.47744,12,9
13.92245192,15.45508963,2.036466469,15.33398997,8.115221973,9.406318255,8.989818381,9.328123408,8,-97.26061,32.47927,12,9
13.47379178,14.08202007,1.185237711,14.86829459,8.098338846,9.319015389,9.019179867,9.417760963,5,-97.22573,32.51264,12,9
11.46336751,14.81761195,1.566893349,15.1372024,7.991592282,9.116029693,8.625688788,8.989444293,8,-97.85384,32.4788,12,7
12.21409538,14.97427677,1.847207009,14.71614253,7.822044008,9.027618735,8.762019954,9.175024027,11,-97.63949,32.44209,12,7
12.16400508,15.32672774,3.173748425,13.9401571,7.958227192,9.115150185,8.831419819,9.401704257,7,-97.50113,32.14782,12,1
12.8486631,14.27604449,1.26203909,14.6434421,7.802618063,9.195226734,8.959311617,9.038008749,7,-97.27297,33.08133,12,3
13.07200859,14.29183169,1.902433808,14.94188003,7.978996371,9.265017933,8.904358542,9.119540008,6,-97.36752,32.58676,12,13
13.08702424,14.17038388,0.996574572,14.99791973,7.851271997,9.289613553,9.035510681,9.169622539,8,-97.36824,33.09262,12,3
12.80448598,14.23520725,1.636388954,15.03991109,8.239857411,9.261983605,8.98794654,9.201703179,6,-97.37499,33.09406,12,3
11.63145489,13.49157935,1.361052838,14.76794034,8.007034012,9.364262454,9.093019729,9.275753511,2,-97.20609,32.07078,12,6
13.23973922,14.39912185,3.574870423,15.21129277,8.055157732,9.341017696,9.028338764,9.296701538,8,-97.36214,33.0913,12,3
13.01010132,14.52058631,1.215394731,15.16438339,7.738923757,9.104424146,8.951310542,9.269552232,7,-97.38969,33.03364,12,3
12.11872121,13.62676843,1.95919784,14.25925234,7.77148876,8.988321188,8.903135633,9.401786837,12,-97.44645,32.98516,12,13
12.94450385,14.7205381,-0.183380687,15.38123772,8.120291314,9.4400225,9.0205107,9.347315827,11,-97.26253,32.29948,12,9
11.69652121,14.62644077,0.796998188,14.33287834,7.755338813,9.090204571,8.773848885,9.210340372,5,-97.7578,32.59927,12,11
12.5030427,14.19257619,2.969206258,14.29676318,7.35436233,8.972971113,8.792853289,8.996404301,8,-97.51802,32.32017,12,9
13.33631279,14.06642491,0.889081566,15.29680096,7.999678579,9.256746745,8.832003931,9.135509061,3,-97.5916,32.6106,12,11
12.44285477,13.88708676,0.892884219,15.07985421,8.250097753,9.239899174,8.970813341,9.145268375,11,-97.57734,32.98228,12,11
13.00559583,14.00613092,0.425685275,15.22919779,8.056426768,9.248214024,8.950662496,9.21443199,6,-97.3459,32.32775,12,9
12.46648886,14.35608914,-0.899654965,15.10787878,8.351610751,9.282661034,9.029537661,8.983063289,6,-97.39301,33.11445,12,3
12.53869462,14.31238431,1.236446829,15.09896955,8.221747728,9.262932822,9.002208578,9.269080867,9,-97.35119,33.11467,12,3
12.83421987,14.63092847,1.983576508,15.03893769,8.214465161,9.104424146,8.804625233,9.255313738,10,-97.54724,32.40924,12,9
10.77233022,14.65940263,0.149259072,14.32849465,8.28172399,9.078749952,8.594894699,9.088172738,7,-98.00134,32.17001,12,5
12.57160078,15.31379342,2.023296522,15.12746654,7.564757013,8.943506132,8.645938147,9.147187557,7,-97.72236,32.43954,12,7
12.84530995,14.06642491,1.800089833,15.27034869,7.631431665,9.31784858,8.829079953,9.23190615,12,-97.59373,32.6282,12,11
12.46735941,16.00843702,1.827872962,15.75793062,7.553286606,9.357121103,8.650849576,9.062999784,6,-97.72241,32.43952,12,7
13.4846398,16.08174282,0.142109624,15.65653341,7.904703914,9.268986567,8.961879013,9.391411147,9,-97.40376,33.05673,12,14
13.11559049,14.89017163,1.800278342,15.60984853,7.969703583,9.258558944,8.998013113,9.213834261,11,-97.39277,33.05165,12,3
13.318481,14.66052009,1.005826495,14.95112379,7.934513464,9.281637254,8.968650903,9.276221741,6,-97.25512,32.61091,12,13
13.02507023,14.47621719,1.525303972,15.14564559,8.282483004,9.379407813,8.94910547,9.220686664,4,-97.43798,32.35043,12,9
11.70678026,13.73427989,1.569942313,14.4153773,8.414052432,9.211939093,8.922791624,9.197356444,6,-97.45779,32.3603,12,9
12.102882,15.86547179,1.849221263,15.60781288,7.786136438,9.292012521,8.726643416,9.234545061,8,-97.68402,32.33316,12,7
12.18938416,14.56409245,2.344324801,15.39029615,7.463936604,9.325185764,8.878497404,9.226213721,4,-97.46285,32.52955,12,9
12.31663859,13.33428095,0.982134011,14.40119167,7.776954403,9.245707516,9.04192172,9.297526734,12,-97.06576,32.87117,12,13
12.69659556,14.10444185,1.412128493,15.04439468,8.180880942,9.232884336,9.05017162,9.135401285,6,-97.58692,33.21241,12,14
11.73355386,13.1347859,0.452675649,13.72678426,7.982757702,8.949365142,8.839276691,9.095826985,3,-97.71694,32.78397,12,11
12.67081245,14.21092533,0.576615219,14.87454799,8.182559264,9.231514607,8.796036315,9.337149219,10,-97.59288,32.45196,12,9
13.53705644,15.04136618,1.075166159,15.82951477,7.605890001,9.3727993,8.930097229,9.556055476,7,-97.40706,32.53518,12,9
12.67641684,13.85328792,-1.414784842,14.68861651,7.519692404,9.268986567,8.937875265,9.241839039,6,-97.42115,32.39619,12,9
13.20700228,14.29050173,2.384257141,14.6053043,7.866338923,9.219597393,9.00146948,9.3733092,9,-97.22739,32.44992,12,9
13.38234018,14.70422452,1.94857753,14.91069297,8.36124089,9.186764635,8.887514597,9.383116516,6,-97.45325,32.98443,12,13
13.36770042,14.56030097,1.497328783,15.19305525,7.084226422,9.30810209,8.97373157,9.227099156,7,-97.19186,32.53028,12,9
12.40315144,13.75086536,2.148505974,14.35044833,8.106212903,9.042276687,8.802372134,9.429636532,13,-97.74042,32.78514,12,11
11.9573869,14.03914999,1.565012232,14.81252414,8.039802344,9.34145635,9.082507,9.322686432,13,-97.15061,32.39465,12,9
12.40450948,14.69264457,2.39334419,14.56193781,7.879291485,9.246672301,9.014811988,9.213535263,4,-97.27753,32.04104,12,6
12.97642389,16.00984207,2.517713788,17.68913837,7.761319181,9.355911495,8.683724062,9.352881059,7,-97.72224,32.4396,12,7
12.25967028,15.32552585,0.897385106,14.90241255,7.739359203,9.068085324,8.687104728,9.34425919,8,-97.65353,32.35164,12,7
11.50118684,14.06549076,1.729580046,14.21289914,8.468213009,9.121836973,8.50916102,9.005036739,4,-98.29207,32.73501,12,10
12.51040901,14.03845409,1.796609762,14.96069722,8.328692584,9.297251744,9.030735123,9.36246042,13,-97.2566,32.30349,12,9
12.40731,13.75363515,1.765037861,14.7348287,7.830028083,9.132054454,8.907206195,9.428591977,7,-97.42188,32.48513,12,9
13.69278231,16.12653405,0.313268986,15.08855839,7.816416984,9.264828557,8.961109486,9.206332351,7,-97.19107,32.7304,12,13
12.47985988,13.87141819,2.381493056,14.98317305,7.640123173,9.118553976,8.925454387,9.3539211,9,-97.37841,33.03877,12,3
12.74567813,14.31991561,1.592208066,15.10827086,7.80832305,9.283126042,9.011401509,9.207736986,12,-97.34054,33.12461,12,3
13.02886555,14.5025139,1.672799461,15.30597302,7.006695227,9.310185707,9.013229998,9.126306376,9,-97.33569,33.14648,12,3
13.04836371,14.28277607,1.385400812,15.07883357,7.422373701,9.303375238,9.02352875,9.088285726,12,-97.35056,33.10027,12,3
12.71827632,14.03102508,0.98580394,14.82804122,8.191740021,9.224243277,9.004668302,9.220488703,14,-97.34778,33.09389,12,3
13.28717418,14.42091882,0.42773542,14.82335971,8.190354404,9.092119741,8.81803825,9.222762892,12,-97.49689,32.35992,12,9
12.92897764,14.95590438,1.667733886,15.79652334,7.933079772,9.231024963,8.943767263,9.167015247,8,-97.36211,33.04982,12,3
12.87812897,15.18379369,0.433281929,16.02394342,8.344742754,9.350884617,9.000853147,9.143024665,7,-97.36209,33.04971,12,3
13.60329706,13.90991123,1.496642761,15.19440259,8.002694162,9.321076414,8.961494323,9.314159701,4,-97.30327,32.64103,12,13
11.91660899,14.57584899,1.495559167,14.68554791,7.589841512,9.156939595,8.867850063,9.237566358,8,-97.45792,32.18826,12,9
12.80481848,14.69558783,0.050879978,14.79570861,8.464003363,9.221577004,8.963672276,9.100637107,6,-97.60317,33.17145,12,14
13.48873139,13.76873337,-1.274410173,15.02237917,7.834392303,9.112837791,8.89123643,9.357466437,11,-97.30863,32.62047,12,13
13.23272337,14.73340001,0.996090376,15.53326031,8.050065423,9.300181076,8.905851181,9.386392316,7,-97.41004,32.90665,12,13
13.29012783,14.07933529,2.207681566,14.56884838,7.389563954,9.025455533,8.873187904,9.283126042,4,-97.5088,32.77873,12,13
11.58828337,14.4087269,2.090888811,14.23080322,7.942362238,9.310185707,9.203315757,9.170559502,3,-97.2059,32.47735,12,9
12.90747565,15.66311462,2.032088326,15.43950796,8.216088099,9.266909723,8.798756583,9.311271091,12,-97.57539,32.40327,12,9
12.78217464,14.76431766,2.153369691,14.63795819,7.572502985,9.234447447,8.96213539,9.200290036,7,-97.6031,33.17146,12,14
13.07886071,15.39922032,-0.348168414,15.37241694,7.446585099,9.29173601,8.802071337,9.324115386,12,-97.58336,32.41352,12,9
13.10654086,14.40378488,3.111991319,14.63612968,7.526178913,9.234056899,9.076466063,9.090993614,8,-97.49784,33.16022,12,14
12.55048471,14.0703078,2.596695214,15.26810096,8.29654652,9.214830277,8.83855179,9.233568498,6,-97.58206,32.69566,12,11
13.28089075,16.02354318,1.866035317,17.66380342,7.566828479,9.578449694,9.208137948,9.290444616,9,-97.11277,33.1588,12,3
12.27789086,14.72779327,0.881756318,15.01828464,8.248005702,9.136047767,8.869257523,9.282661034,9,-97.5847,32.65614,12,11
12.61298005,14.1426537,1.409769849,14.9644046,7.799343398,9.125435865,8.864464055,9.238441802,9,-97.4893,32.73675,12,13
12.24856684,12.53734209,1.420586778,12.80972719,7.699389406,9.316140791,9.086815886,9.307013259,6,-97.12998,32.37334,12,9
12.74130499,11.13203101,0.499972818,15.51251309,7.771067086,9.25922577,8.748304912,9.288226911,4,-97.6447,32.42602,12,7
12.53184137,14.09805445,-0.834211733,14.88040059,7.62900389,9.243291472,9.011401509,9.227197489,6,-97.37521,33.10342,12,3
12.71081581,14.81614244,0.720416795,14.9973402,8.246958033,9.273596822,8.960596139,9.5824555,14,-97.52674,32.64561,12,13
13.03458734,14.83796149,1.110057865,15.62353044,7.915713199,9.206533134,8.981932991,9.149528233,5,-97.28883,33.06034,12,3
12.47690099,13.5721643,1.932456634,14.59883934,7.395721609,9.075551046,8.943114308,9.139381283,8,-97.37513,32.945,12,13
12.31322605,13.57755155,1.418959052,14.29410716,7.372746366,9.200492036,8.884610232,9.013838752,11,-97.44251,32.31224,12,9
12.41270056,13.99186434,0.422225953,14.24475729,7.826443135,9.103089181,8.806873267,9.219201,10,-97.49352,32.34029,12,9
12.26372816,13.70437786,1.015337463,14.35941151,8.178919333,9.243871855,8.900821605,9.341368634,12,-97.44249,32.3122,12,9
12.33832822,15.37840179,1.31906814,15.07534333,7.068172,9.300455261,8.838116598,9.208238164,5,-97.57506,32.48892,12,9
12.83279419,15.02237917,1.979334671,15.28834631,7.60090246,9.472704636,9.094817281,9.25157828,8,-97.22106,32.03194,12,6
12.8194702,14.77524385,1.857142123,14.58768793,7.291656209,9.148464968,8.86418137,9.249945627,13,-97.43283,32.52843,12,9
13.17302607,14.55027941,-1.122005425,15.35537843,7.8559322,9.323669057,8.994792897,9.142061531,10,-97.3874,33.12685,12,3
12.88391835,14.32383305,2.19787712,15.3189264,8.154787573,9.215327913,8.881836305,9.310185707,14,-97.68248,33.2639,12,14
12.68779175,14.26339638,1.993463302,15.11492426,6.855408799,9.156306483,8.921324077,9.494165014,11,-97.43549,32.98967,12,13
13.29207071,14.69993904,2.217002771,14.64359327,8.205218426,9.258177701,9.067970031,9.163248764,9,-97.08647,32.53149,12,4
13.31832975,13.55154501,0.454788613,14.69987957,7.805474625,9.110851473,8.864322723,9.344084242,10,-97.53206,32.38837,12,9
12.20232062,13.73754902,2.336884067,14.73742544,8.364275085,9.118444357,8.894258825,9.2043223,8,-97.42181,32.48513,12,9
12.98385505,15.02249881,2.265022228,14.91505042,7.556950572,9.251482315,9.053101596,9.225031921,2,-97.08653,32.53145,12,4
12.33218975,13.69593842,0.871191576,14.72668422,7.396335294,9.152923101,8.907206195,9.167641617,9,-97.42168,32.48513,12,9
12.92190555,14.70072333,1.795942359,15.53831216,8.214194415,9.176990392,8.947676062,9.297893269,11,-97.37087,33.04003,12,3
12.47119081,15.45989081,-0.582002749,15.14908218,7.768956045,9.363061459,9.008835996,9.26823185,6,-97.21078,32.46946,12,9
12.99510484,15.20220484,1.681321209,14.92764238,7.021083964,9.336708671,9.001099726,9.26860928,4,-97.21085,32.46942,12,9
13.94114447,13.89413688,1.96348635,15.14139121,8.055157732,9.255313738,8.916908468,9.264828557,2,-97.30171,32.63755,12,13
13.27721267,14.42454978,0.447235596,15.04444384,8.405591015,9.301825062,9.129997619,9.312174678,12,-97.32494,32.83346,12,13
11.93637455,14.51732507,1.910681138,15.21950043,7.654443226,9.162304923,8.792549614,9.160519677,3,-97.61476,32.44805,12,9
12.25052484,10.8486961,2.186276943,15.15816176,8.343077871,9.152075464,8.745921121,9.276502574,8,-97.71681,32.44717,12,7
13.43465416,14.01025463,-0.812127861,14.2821686,7.819636302,9.186252576,9.073374517,9.425048444,13,-97.61117,32.7157,12,11
12.95385005,14.62198642,2.290813653,14.73379929,7.60090246,9.107975365,8.846353043,9.225228984,4,-97.58927,32.28675,12,9
12.23331809,13.66695602,2.364445635,15.03448921,7.920083199,9.119868469,8.832003931,9.286004276,10,-97.61434,32.63658,12,11
12.65475687,14.01436142,1.785096311,14.65028229,8.270013062,9.165447603,8.825559855,9.133999139,2,-97.50098,32.30106,12,9
12.7549019,13.98946387,0.881929196,14.65075608,7.647786045,9.15809926,8.821142236,9.074062354,4,-97.50102,32.30104,12,9
12.10218327,13.83972989,2.733009239,14.50802654,8.252185436,9.246961555,8.882252885,8.998260393,12,-97.44383,32.29811,12,9
13.04126394,14.03970715,0.746111658,14.92721675,8.007367068,9.11018849,8.985445288,9.255504924,10,-97.35553,32.95355,12,13
12.67438735,13.89985171,0.72919635,15.08807615,7.955074273,9.107642974,8.858510813,9.130214327,9,-97.5828,32.7809,12,11
13.05289754,14.61161993,1.093157984,14.99362325,7.955074273,9.266248004,9.038365107,8.996032669,3,-97.17449,32.40899,12,9
12.10822826,12.3408002,2.073870094,14.24927931,7.589841512,9.005650499,8.629986019,9.29007534,6,-97.86796,32.48349,12,7
13.24286449,15.54503995,2.013474773,15.52772128,7.833996342,9.45915167,9.036463062,9.404343434,11,-97.15423,32.49442,12,9
12.90999902,15.2697439,1.254595371,15.39096843,7.443663683,9.520248603,9.085683767,9.365890073,12,-97.21105,32.03736,12,6
13.27786514,14.83608851,2.17453568,14.97123826,7.716015267,9.213535263,8.935377072,9.185022564,12,-97.42266,32.42231,12,9
13.28505689,14.50388738,0.692985846,14.62484483,8.67419694,9.180087329,9.001839097,9.260843354,6,-97.25892,32.53501,12,9
13.67359901,14.75211006,-0.076317327,15.18992109,7.061334367,9.320807825,8.997394646,9.059168584,8,-97.2386,32.57495,12,13
13.45008458,13.97200135,2.581020266,14.67722007,8.005033345,9.186355009,8.909100135,9.274159885,9,-97.37017,32.81235,12,13
12.64319791,13.9424436,-0.066481496,14.38385613,7.921172722,9.193499355,8.93458687,9.150802659,7,-97.43912,32.39338,12,9
13.68431814,12.41202935,1.936647433,15.01512588,8.061486867,9.203315757,8.928640371,9.327500992,7,-97.302,32.58823,12,13
12.48519191,14.74483597,-1.123458047,14.70940025,8.101677747,9.186662245,8.936692688,9.390576422,8,-97.31367,32.48049,12,9
12.764931,14.81846841,1.683373865,15.65075184,8.309676896,9.447623487,9.070618429,9.142061531,8,-97.23217,32.16098,12,6
12.74194302,15.39027421,2.304995623,15.18084734,7.746300662,9.180396496,8.838696812,9.296151028,4,-97.51998,32.41792,12,9
12.90643871,14.50351956,2.435257147,15.31952395,8.410943392,9.338645632,9.005895898,9.223256597,3,-97.38726,33.12684,12,3
12.23847691,16.07746114,0.721280355,15.80360625,7.904703914,9.393494915,8.687779492,9.127284797,9,-97.71929,32.44229,12,7
12.20017529,12.4771946,2.595033451,12.48448438,7.698482788,9.200290036,8.821437352,8.98168164,4,-97.83958,32.75061,12,11
11.53617313,13.00491679,0.975730379,14.5681052,8.164794804,9.044285788,8.853236765,9.074520649,5,-97.43759,32.60745,12,13
12.85469045,14.75022453,2.047903927,15.3981699,7.97831097,9.382359036,9.017968479,9.261983605,4,-97.05973,32.87514,12,13
13.25317934,14.51324719,0.782538835,15.1906646,7.946263644,9.294037931,8.917176636,9.107310472,4,-97.37756,32.50528,12,9
12.47945674,13.85184249,-0.367470466,14.99592216,8.14786713,9.220686664,8.964567703,9.314700387,8,-97.38318,33.02246,12,3
13.08247428,15.07799752,2.508560155,15.87846213,7.879291485,9.235520671,8.96200721,9.01371703,6,-97.28352,33.06605,12,3
11.95981399,14.98112708,0.854950612,14.7128264,7.705262475,8.986696696,8.698514248,9.176266392,12,-97.73217,32.38295,12,7
11.65173913,13.98344579,1.43348766,14.63021143,7.747596839,9.08375622,8.853093836,9.136478523,7,-97.60795,32.50934,12,9
12.93651561,14.50765724,2.17880094,15.45683466,8.373322821,9.418735701,9.00146948,9.091556836,12,-97.21419,32.34638,12,9
12.60901791,15.70862252,1.589241696,15.49175143,7.98104976,9.224243277,8.717354666,9.4608656,7,-97.62588,32.41889,12,7
12.27959259,14.29080081,1.748339021,14.87850189,8.053887084,9.104646467,8.804325113,9.341807135,7,-97.7043,32.69684,12,11
13.15172216,13.9557941,1.951898724,14.84017271,7.711996507,9.069237531,8.799360083,9.166388484,9,-97.53004,32.39491,12,9
12.60360638,14.07098964,1.775411433,14.49064549,7.940583827,9.08873755,8.91918561,9.211140052,12,-97.36338,32.83994,12,13
12.68568311,14.14582099,2.450164138,15.19177883,8.081165778,9.296334565,8.945462952,9.240869577,13,-97.35348,32.31551,12,9
12.71970134,14.25893276,-0.087066608,15.24527333,7.549609165,9.316410636,8.960082528,9.338733587,11,-97.35912,32.31264,12,9
12.74030909,14.94356449,-0.050062965,15.31626109,7.340835554,9.350015354,8.638171118,9.271999752,7,-97.95071,32.74287,12,11
12.54445734,14.06190178,1.126420189,15.15410621,7.898039691,9.258177701,8.804625233,9.097171674,4,-97.58497,32.5991,12,11
12.67656678,14.06735818,1.228040483,15.17262273,7.552237288,9.276596168,8.820256366,9.126958763,7,-97.58491,32.59902,12,11
11.3413183,14.31434457,-0.764615645,14.21129294,7.87397838,9.11778639,8.702011628,9.30655923,12,-97.83619,32.34323,12,7
12.75184737,13.38744702,-0.117475657,14.14238546,7.794411206,9.072112253,8.917042561,9.263122557,9,-97.29938,32.68618,12,13
12.34553454,14.80913263,1.343606247,14.41354069,8.712759975,9.162199997,8.824530822,9.338997404,7,-97.57465,32.44767,12,9
11.895197,14.0413784,-0.395995432,14.72690372,8.198639455,9.186457432,8.839131753,9.184714824,6,-97.60795,32.5093,12,9
13.09794978,14.56310757,0.881258198,15.23647587,8.006700845,9.390659926,8.890135108,9.138307169,11,-97.44714,32.41699,12,9
12.57190602,14.8410072,1.508202269,15.21179188,8.14031554,9.226607344,8.682199026,9.078521797,3,-97.81142,32.50077,12,7
12.15439507,15.67207414,2.063328755,14.89643127,7.918628653,9.022925868,8.68440111,9.377548291,2,-97.73234,32.38286,12,7
12.60309891,15.4478074,3.764143801,13.0848401,8.055157732,9.149209372,8.855663431,9.016755623,11,-97.63537,32.75753,12,11
11.34987698,14.13888308,0.893691844,14.63337137,7.760467029,9.120525068,8.877800394,9.193397651,4,-97.53315,32.86433,7,13
13.30475493,13.88704952,1.041203796,14.04194469,8.408716715,9.140883107,9.015784278,9.05134464,7,-97.2357,32.4728,7,9
13.14427163,13.78410864,1.333181419,14.1400519,7.87245515,9.134538659,9.008591318,9.026417534,8,-97.23566,32.47282,7,9
13.2412427,14.5690508,2.048300131,14.99089128,8.311398278,9.235910648,9.002577923,9.294037931,8,-97.27264,32.55523,7,13
13.54678762,14.50427314,0.759949266,14.94827303,8.343315881,9.186662245,8.870663004,9.296242801,11,-97.43798,32.80825,7,13
13.0179402,13.27936713,1.934899157,14.01846283,8.095293777,9.139166553,9.004176841,9.26926944,10,-97.32592,32.95133,7,13
12.29461452,14.55538196,0.852464367,15.01854953,7.971776123,9.22177475,8.864039997,9.2023082,6,-97.53571,32.83827,7,13
12.40014983,14.30715336,-0.543961489,14.94121258,7.62754439,9.162619636,8.952864142,9.169310022,8,-97.41078,32.9528,7,13
12.46296814,13.97958328,1.03130518,14.90774186,7.7164608,9.26860928,9.026537719,9.490544555,3,-97.38847,33.09894,7,3
12.37914321,14.38224381,-0.656514025,14.99243298,7.666221926,9.116359309,8.839276691,9.281450999,7,-97.76618,32.94284,7,11
13.48752997,15.19654109,0.801440599,14.93949295,7.636269603,9.322239464,8.998754769,9.422948621,3,-97.21197,32.46887,7,9
12.21303336,14.91485591,1.017437352,14.65453572,7.70616297,9.173572648,9.002701007,9.221478116,9,-97.20972,32.47108,7,9
13.14292062,14.74095923,1.856607598,14.49158787,7.901007052,9.167641617,8.971067439,9.286189684,3,-97.28172,32.47724,7,9
12.02705961,14.60660081,2.055532376,14.41021656,8.123261319,9.151651376,8.691146499,9.413526084,11,-98.06666,32.64603,7,10
12.66419029,14.379346,1.659900933,14.31743246,6.363028104,9.230142999,8.828201089,9.335209354,8,-97.53579,32.44657,7,9
12.07013264,14.59008748,2.420295672,15.38001679,8.108021221,9.27312736,8.826587831,9.191667107,5,-97.61999,32.5103,7,7
11.99926371,13.99332196,2.068656478,14.65479238,8.039479919,9.124673545,8.786762208,9.386392316,8,-97.63015,32.45694,7,7
11.87244436,14.04741561,0.289370092,14.71722395,7.13169851,9.185535253,8.824824939,9.187276432,7,-97.6301,32.45693,7,7
12.9327634,14.66416464,2.00387169,15.49273309,7.912423121,9.337853692,8.974618038,9.224440496,9,-97.36179,33.04979,7,3
12.56875203,13.61705962,2.430942606,14.77450899,8.108623268,9.129564062,8.938531649,9.162724518,7,-97.35847,32.95574,7,13
13.87685116,14.76418329,1.635312679,15.53715975,7.428333194,9.322865163,8.958025443,9.198267791,13,-97.35455,32.50687,7,9
13.28976925,14.77976635,1.514364347,15.22442563,7.469654173,9.194515822,8.845489237,9.353834472,12,-97.4952,32.63416,7,13
12.25482471,14.91745064,1.098193851,15.41420699,7.621684999,9.289613553,9.052516287,9.279773147,4,-97.20169,32.17889,7,6
12.83515852,14.63902789,-0.769451108,15.01177936,7.00033446,9.253399861,8.986571625,9.291459423,8,-97.39182,33.16804,7,3
13.458557,15.45266869,0.859877696,15.46377718,7.475339237,9.311180687,8.933004592,9.25922577,12,-97.35639,32.52662,7,9
13.33986545,14.05452746,1.942102872,15.17371404,6.698268054,9.196748418,8.89233654,9.1146001,6,-97.52824,33.08185,7,14
12.63675056,14.42527613,1.423499097,15.10002797,7.497761701,9.104757609,8.760453046,9.366916679,8,-97.89605,32.91418,7,11
12.76671648,14.25932741,2.581668529,14.92485109,7.905441649,9.265680467,8.9226583,9.206332351,12,-97.39811,32.47687,7,9
13.0519452,13.90922037,0.998520615,14.5649237,8.342839804,9.17802377,8.939056445,9.089302044,7,-97.36159,32.51613,7,9
12.7482196,13.41711143,1.536379911,15.08891614,7.380255788,9.119540008,8.72923535,9.263407093,4,-97.69857,32.50169,7,7
13.71738271,14.6139097,1.76336848,15.2147088,7.519692404,9.322418275,8.981178748,9.266720705,10,-97.27689,32.54475,7,9
12.9910079,15.15910616,1.442309313,14.93327232,7.614805365,9.220290703,8.872066513,9.187890243,12,-97.44228,32.54438,7,9
12.53598412,14.7695594,1.894944526,14.53484874,8.137688185,9.116029693,8.806873267,9.330431852,8,-97.59964,32.49957,7,9
13.30932913,15.37919768,1.29429562,15.35211065,7.972466016,9.34171945,9.016755623,9.151121012,9,-97.17942,32.48194,7,9
13.02694879,14.9055529,1.273437404,14.77569568,8.268475389,9.187992508,8.867004635,9.222960403,12,-97.44045,32.51597,7,9
11.15473509,12.92318046,0.389172875,13.1730717,8.128880142,9.017362235,8.95493186,9.402199633,8,-97.80884,32.65346,7,11
13.43004512,15.15576098,0.409193421,15.06907149,8.161089513,9.355306142,9.027018315,9.188094763,12,-97.26558,32.08009,7,6
13.462913,15.35529824,1.678377164,15.18636585,8.136810864,9.279399908,8.957124136,9.36391946,12,-97.26636,32.48108,7,9
12.59088597,13.88354297,2.142061014,14.92580633,7.24636808,9.162095059,8.965079015,9.192176401,9,-97.57495,33.18487,7,14
13.59574131,14.76143776,0.756947395,15.17695931,7.284820913,9.265017933,8.984192312,9.295692039,12,-97.24644,32.59788,7,13
13.01034072,14.82294279,1.764130113,14.88487939,8.365905077,9.333530983,9.128262261,9.302554856,5,-97.49705,33.1574,7,14
12.23266102,14.50825766,1.243673367,10.58271328,7.384610383,9.164505836,8.756210092,9.224933374,9,-98.03744,33.08188,7,8
12.29435363,10.52645366,2.105100198,15.43924578,7.629489916,9.31289696,9.113719333,9.215626376,11,-97.10922,32.35955,7,9
13.13297092,13.30497323,1.189362968,15.01457132,7.38832786,9.115919796,8.754949455,9.251002354,9,-97.69849,32.51603,7,7
12.51358676,13.59345267,2.69492671,15.21989039,8.197263371,9.11482017,8.765458532,9.25378293,9,-97.80129,32.89512,7,11
12.66753679,13.92644352,0.177270988,14.75756026,7.805474625,9.147613542,8.874867636,9.367600498,6,-97.57076,32.76688,7,11
12.76079649,14.42753716,0.709654453,14.88482173,7.857867559,9.215228406,8.940760135,9.304285985,7,-97.56658,32.91593,7,11
12.97523366,13.87269208,1.444968748,14.39854595,7.901747519,9.097171674,8.958411469,9.172430799,9,-97.31024,33.03267,7,3
12.77997166,14.46869371,2.25953538,14.51779189,8.236155662,9.171183657,8.975883061,9.334679646,5,-97.27569,33.05149,7,3
13.88912248,15.45516725,2.178882378,15.55957132,8.236155662,9.333619388,9.025214888,9.123365358,12,-97.22069,32.70414,7,13
13.9722818,10.23001767,2.197576093,15.96531783,8.103191752,9.404425796,9.05017162,9.12858787,9,-97.22085,32.70424,7,13
12.96007501,14.25865673,0.956253635,15.10385686,7.093404626,9.24425859,8.895081532,9.222664122,7,-97.58187,33.11438,7,14
12.71635712,13.84361199,0.892185467,14.96255295,7.427144133,9.154193211,8.980927208,9.364605331,2,-97.26518,33.05833,7,3
13.30556621,13.82298257,1.342411385,14.94107632,7.483244416,9.141418927,8.937218451,9.108529106,7,-97.42123,32.93254,7,13
11.49079232,14.20351749,0.559390036,14.6836223,7.742402022,9.251770182,8.951699168,9.140990294,12,-97.55009,32.56522,7,13
12.32752893,14.68244296,1.736327952,14.46456478,7.895436007,9.194515822,8.76264603,9.261033486,7,-98.08178,33.11925,7,8
13.24986789,13.98029846,0.378251626,14.74891088,7.930206207,9.076351732,8.906257878,9.237079669,9,-97.52026,32.79994,7,13
13.25385644,15.557169,1.700301096,15.47710211,7.575584652,9.336620538,8.99974279,9.112948026,2,-97.17985,32.48174,7,9
11.77967242,14.13962099,1.360726613,16.54375978,7.857867559,9.026537719,8.68270763,9.449750896,9,-97.97337,32.88309,7,11
12.73283461,14.67840051,1.371130354,14.85889974,7.715123604,9.132486933,8.884056062,9.245900547,2,-97.44402,32.97487,7,13
12.73041353,15.19135046,0.082602731,14.87180599,7.441906728,9.101752432,8.724857556,9.078978054,9,-97.61619,32.24055,7,12
13.76434778,14.23454979,1.811944994,15.11224065,7.984121959,9.273784545,9.000236434,8.939974177,5,-97.23446,32.49837,7,9
12.31832486,14.3679003,2.121025634,14.29511421,7.367708572,8.50916102,8.485702524,9.255122515,4,-98.24764,32.49658,7,5
11.41437504,14.75688407,0.877982861,14.49371972,7.948738455,8.914626128,8.61395686,9.373818841,12,-97.79586,32.53038,7,7
12.55026146,14.40583899,1.971407399,14.48530722,8.011686729,9.224736252,9.025816392,9.088172738,14,-97.60005,33.18029,7,14
11.7518715,14.88696403,1.137651991,14.99275656,8.06652149,9.362374528,9.192074563,8.922391597,11,-97.60002,33.18036,7,14
12.01917664,13.96393056,1.87143519,14.94164138,7.886457271,9.25378293,8.983690681,9.251482315,12,-97.26312,32.26934,7,9
11.19030682,15.02387371,2.17883184,14.83903968,7.501082124,9.157150543,8.780326391,9.366831169,8,-97.6737,32.39257,7,7
12.79771575,14.06494544,-0.449112463,15.21806156,8.108021221,9.479221815,9.002331708,9.330963814,4,-97.21559,32.37073,7,9
12.14695408,13.79529969,1.412309755,14.87389234,7.943427768,9.274347502,9.008713664,9.170039075,8,-97.2518,32.40069,7,9
12.23166242,14.35434038,0.994994588,14.75986616,7.565275282,9.262932822,9.042631528,9.485317072,2,-97.15252,32.50784,7,9
12.92760318,14.85726745,2.282542841,14.96429872,8.129469765,9.374243343,9.227590725,9.279866435,6,-97.49701,33.15727,7,14
13.44598772,14.37512635,2.860343413,15.89586418,7.832014181,9.363833693,8.992184362,9.071078305,10,-97.29243,33.09404,7,3
12.38402634,14.49911233,1.324120959,15.21728646,7.666221926,9.266153437,9.06762407,8.989693701,12,-97.22785,33.12533,7,3
13.12348874,14.67561182,1.523515108,14.44423548,7.857867559,9.137554602,8.905851181,9.28191657,6,-97.3151,32.42716,7,9
12.63647749,14.09272554,-0.850492326,14.89537622,7.843848638,9.246479419,8.9226583,9.232101864,7,-97.42506,32.51956,7,9
12.47244425,14.04344263,2.663494776,15.26422182,8.19836439,9.18584274,8.836373931,9.396404915,10,-97.53793,32.78553,7,13
11.96854489,13.32644643,-0.223601973,14.18507902,7.774015077,9.122055457,9.04192172,9.383705271,11,-97.15875,33.14979,7,3
11.98776737,13.49041872,1.452056216,14.29538159,7.916078096,9.203517147,8.94910547,9.511555459,6,-97.41168,32.30832,7,9
12.04137487,14.933664,1.455304568,14.52970371,7.856319571,9.11195547,8.563504094,9.287301413,8,-98.12033,32.4281,7,5
12.89349346,13.89487611,0.948869476,14.54237487,7.984121959,9.157045075,8.921991411,8.994172434,12,-97.35223,32.49773,7,9
13.30045935,13.91924335,1.42991456,14.68304037,8.155074888,9.129130317,8.91798071,9.270494295,6,-97.38969,32.40219,7,9
12.44175723,15.126165,0.493996032,14.75341952,7.065613364,9.211939093,8.517393171,9.179881164,9,-98.13456,32.419,7,5
12.35101246,14.40385262,0.746646932,11.58777316,7.870165946,9.302372457,8.91355028,9.167432871,11,-97.43113,32.37534,7,9
11.58031305,13.45014078,2.713842982,14.28578915,8.236420527,9.035986985,8.774622221,9.140990294,7,-97.6146,32.44426,7,9
12.24715701,14.42091882,1.653097921,14.82088851,7.386470849,9.09403125,8.812099109,9.312084356,6,-97.53148,32.4284,7,9
11.6710141,14.55171723,0.987554479,14.52771008,8.505525387,9.005895898,8.822322177,9.02569612,6,-97.48752,32.29934,7,9
13.16511056,14.53432549,1.317398088,15.25626896,8.492285556,9.202711345,8.914626128,9.102532419,3,-97.39148,32.91511,7,13
12.70647514,14.1236715,-0.005832203,14.90438761,8.036249942,9.208137948,8.821289805,9.014933576,8,-97.60318,32.49108,7,9
13.68570707,13.91618722,1.561149594,14.75927793,7.837554361,9.326433091,8.842315547,9.223750059,8,-97.51271,32.78389,7,13
13.51660305,13.75128132,2.799076893,14.81187304,7.547501683,9.311451873,8.973478149,9.105535258,3,-97.51276,32.78389,7,13
12.84350096,14.38456735,0.797687823,14.40504237,8.120291314,9.084436955,8.800113947,9.212837252,6,-97.49378,32.36128,7,9
13.13250973,14.63396793,1.224805832,15.60131533,8.245121966,9.310185707,8.983690681,9.223750059,7,-97.29173,32.96972,7,13
12.1253668,14.24159495,1.839744069,14.83442791,7.858640656,9.08545719,8.856945756,9.124564595,12,-97.5741,32.8452,7,11
13.18456981,14.56815231,-2.257794091,14.86566763,8.395703294,9.244548543,9.027978814,8.997147152,5,-97.22201,32.4827,7,9
13.14230913,14.40549481,1.396114098,14.99849892,7.544861069,9.129997619,8.798605651,8.980927208,12,-97.72162,32.79494,7,11
11.87842932,13.74476615,1.209127464,16.224124,7.640123173,9.116139577,8.906799884,9.186252576,13,-97.39773,32.5135,7,9
12.66529335,15.02088238,0.211805273,14.79590222,7.593877845,9.053335623,8.793460361,9.430118266,4,-97.61624,32.39798,7,7
12.97537499,14.44155593,2.173231688,15.11241289,8.062432792,9.300181076,8.935245415,9.229750765,9,-97.39184,32.46765,7,9
13.56863896,14.42998243,1.686168341,15.07808523,7.687997166,9.316410636,8.927977461,9.412954632,6,-97.31347,32.51458,7,9
12.60416397,15.15960176,1.701962745,14.70764219,7.943427768,9.113829472,8.905172985,9.14931567,4,-97.23915,32.68428,7,13
13.12595293,14.0462095,2.453711095,14.71025319,7.008505182,9.11778639,8.933268479,9.391077341,4,-97.30624,32.53588,7,9
12.97237967,13.81942289,0.072114648,14.67877681,8.031385331,9.16805898,8.885302513,9.120087383,6,-97.40116,32.60186,7,13
13.50568648,13.77666577,2.544949649,15.12113702,7.864419905,9.175748927,8.919051804,9.127176131,9,-97.39333,32.8822,7,13
11.45477715,13.19039018,2.289663499,14.97302049,8.24143969,9.067970031,8.81135423,9.171807422,6,-97.5888,32.9515,7,11
13.13506438,14.91714494,0.238857014,15.33612119,7.572502985,9.331938344,9.013229998,9.254644298,14,-97.21955,32.60634,7,13
12.87320947,14.36247523,-0.185511983,14.96065713,8.422882512,9.125762396,8.879750799,8.971448464,11,-97.45258,32.98799,7,13
11.95659795,15.04034131,0.317237172,15.32256219,8.075271546,9.242710752,8.812248018,9.170559502,2,-97.55417,32.58812,7,11
13.15651163,14.11450342,2.205674134,14.78197298,7.829232538,9.277157545,8.980927208,9.219300113,14,-97.31168,32.38416,7,9
13.53708947,15.04034425,0.180711071,14.77106123,7.69802917,9.196444267,8.951828677,9.088511664,9,-97.31928,32.49338,7,9
12.56379954,14.86738058,0.676039233,14.58149641,7.186144305,9.038602609,8.754634047,9.13884437,12,-97.63438,32.33388,7,7
13.54871419,15.20055414,2.259054772,15.22274073,7.751045118,9.19786285,8.816111896,9.285633356,13,-97.50883,32.34172,7,9
13.21357061,13.57966163,2.044997474,14.81258612,7.80832305,9.2023082,8.969796306,9.116798628,12,-97.33127,32.45196,7,9
12.61868217,13.0176471,1.884061555,15.06200995,7.989221409,9.151651376,8.807322268,9.205830216,10,-97.65525,32.49121,7,7
12.99051286,14.41599405,1.797545408,14.22957327,7.7164608,9.154933365,8.904494329,8.927579504,6,-97.3543,32.41684,7,9
12.80208924,15.08034325,2.811373359,13.74776691,7.694848072,9.090880932,8.877660934,9.243001154,8,-97.46601,32.96085,7,13
13.07315843,14.02165443,-0.144233808,14.74386108,7.493317249,9.095602695,8.903815212,9.233275343,7,-97.52213,32.97898,7,13
13.10872885,15.33349086,1.989609087,15.15321638,7.790696031,9.375006994,9.02220193,9.250522162,8,-97.27168,32.05128,7,6
13.02047461,14.43597306,1.945855864,15.10392634,8.199738961,9.307829993,8.885855993,9.219101878,6,-97.42243,32.55379,7,13
12.59318368,14.36507601,1.505842314,15.19993317,8.101980732,9.219696467,8.97525075,9.314430081,14,-97.4691,33.13115,7,14
12.76155992,14.20606505,1.554359181,15.15361208,8.319229939,9.312174678,8.951828677,9.163982248,6,-97.34166,32.40685,7,9
13.08246804,14.36939567,1.724333553,15.362323,8.096817471,9.42043921,8.994544758,9.01225522,12,-97.21391,32.34651,7,9
11.98936459,13.89533786,1.943210011,14.21674138,7.789454566,9.040144995,8.905172985,9.177403872,9,-97.56253,32.60895,7,11
12.70442682,14.7493897,1.013627208,14.30821213,7.988882253,9.246382963,8.98844604,9.321434419,9,-97.28039,32.39327,7,9
13.01816219,14.46822629,1.885491138,15.2423512,7.878155337,9.328123408,9.007734472,9.304559047,3,-97.37992,33.10837,7,3
12.78586914,13.80206355,-0.654760352,15.16332393,8.192293731,9.246672301,9.061724348,9.17222305,8,-97.10727,32.36821,7,9
12.48092021,13.54893745,1.435021187,15.64319782,7.784889296,9.297984882,8.892199092,9.188094763,11,-97.45927,32.36154,7,9
13.03797256,13.80939188,2.58417245,14.61711386,7.584773078,9.064389316,8.901094122,9.437874272,3,-97.29868,32.57258,7,13
13.06100486,14.48613602,1.118409831,15.2900795,7.243512975,9.311813341,8.880168248,9.079662048,6,-97.5382,32.74088,7,13
12.70489755,15.85678283,1.192416994,15.59562347,8.340456013,9.325453179,8.74017673,9.243001154,6,-97.64212,32.42721,7,7
13.50459125,14.13759406,1.444563409,14.91121262,8.023879993,9.28451977,8.932476608,9.02989705,12,-97.4148,32.37275,7,9
12.9691003,14.58330128,0.723360592,15.45803193,8.290041619,9.282661034,8.985695695,9.091669442,5,-97.44416,33.12204,7,14
13.5167918,15.27575216,1.146883941,15.07400223,7.369600721,9.297893269,8.977398978,9.382948237,12,-97.26629,32.48112,7,9
12.93692738,14.18015367,1.358400455,14.96612689,8.319717387,9.233275343,8.879472402,9.298900549,3,-97.41922,32.58127,7,13
12.58932282,13.61705962,1.730120595,14.4001612,7.572502985,9.127936546,8.92585319,9.139381283,3,-97.20681,32.7977,7,13
11.35120622,14.02414942,1.895840914,14.41588434,7.95927596,9.09549053,8.911934336,9.140883107,9,-97.40847,32.07831,7,6
12.42936819,13.85029935,1.389425225,14.69574791,7.582738489,9.127067453,8.876684167,9.142382679,11,-97.4475,32.55239,7,9
12.96224861,14.828928,1.567591114,14.66571448,8.161945799,9.174505919,8.945853857,9.141954459,12,-97.35534,32.46797,7,9
12.89307348,14.88086936,1.344327777,16.66304881,8.116715625,9.408863308,8.987196821,9.215327913,7,-97.30823,32.37368,7,9
13.2629111,14.37076255,0.77214341,15.10052772,7.380255788,9.312445595,8.909235279,9.161150128,6,-97.36744,32.59389,7,13
11.19547123,12.8338543,2.377751205,13.43818383,7.741533589,9.139917908,8.857088135,9.178849705,9,-97.75943,33.25132,7,14
13.43449169,15.34830779,1.978249898,15.3742693,7.602401336,9.309552022,8.846496939,9.185125123,8,-97.47594,32.32972,7,9
11.26571973,13.4136634,1.358092383,14.20593106,8.232174236,9.217018027,9.092344814,9.322328874,8,-97.15773,32.37196,7,9
12.88039372,13.63757935,2.044674253,14.41463932,8.164510269,9.076008659,8.87626526,9.192380047,10,-97.57569,32.73673,7,11
12.82493799,14.23947025,1.783960968,15.00219782,8.200013648,9.21473072,8.919453169,9.127936546,8,-97.4141,32.99656,7,14
12.15690341,14.87808108,0.673380915,14.8810954,8.06117136,9.033841828,8.761706768,9.224736252,7,-97.62416,32.48682,7,7
12.64591664,14.28615898,0.39329866,14.98004541,5.676753802,9.233959238,8.87626526,9.233079859,5,-97.5472,32.68211,7,13
12.27849098,14.28676341,0.994585366,15.1313964,7.342779189,9.173053787,8.861491864,8.982309899,6,-97.63694,32.86874,7,11
12.34809291,13.67774507,1.586146043,14.89307693,7.364547014,9.163772736,9.014933576,9.16461052,13,-97.25018,32.18912,7,6
11.53148222,13.02893143,2.700877162,14.3448733,7.33628566,8.837826364,8.3918567,9.263786348,7,-98.15575,32.09951,7,5
12.38424394,14.04020171,2.127028733,14.8816031,7.833600224,9.206733876,9.031213706,9.210840247,12,-97.24675,32.24873,7,9
12.72043102,14.1895538,0.217296652,15.01936896,7.31986493,9.217514576,8.933268479,9.30710404,5,-97.43344,32.9587,7,13
12.94846703,14.4040747,2.131635077,15.38213199,7.843848638,9.210940192,8.939187601,9.166492972,6,-97.33313,32.99093,7,13
14.11425868,14.70519034,1.247383745,15.15722901,7.329749689,9.29293367,8.967121656,9.116029693,6,-97.31376,32.42165,7,9
12.89934982,13.42706332,0.561758998,14.78252558,7.908754739,9.277064004,9.060214913,9.194007717,14,-97.30711,33.02741,7,3
12.02136224,14.3431933,1.47471018,15.11564554,7.335633982,9.124346659,8.792245847,9.12858787,4,-97.61486,32.44805,7,9
13.20059398,14.36939567,2.082273028,16.43860748,7.265429723,9.302281246,8.916103531,8.907612341,7,-97.26009,32.77223,7,13
11.94870637,14.26472457,0.87177478,15.03935187,7.614805365,9.240869577,8.983565234,9.248214024,6,-97.35907,32.34457,7,9
12.78810668,15.00548585,0.840389198,15.00270682,7.986844901,9.162409838,8.820256366,9.105646301,6,-97.52914,32.35228,7,9
13.02256293,14.00394092,1.06248029,14.76066548,7.77148876,9.135616826,8.954156967,9.122819774,2,-97.23401,32.51591,7,9
13.35345605,14.99071345,1.882033703,15.27091718,6.812345094,9.238927829,9.021719013,9.105535258,7,-97.19971,32.57133,7,13
14.06910882,14.8130804,1.735288907,15.44329592,7.313220387,9.363490551,9.005773206,9.151651376,11,-97.1872,32.56072,7,13
13.20588618,14.84512998,0.104016386,12.52452638,7.463936604,9.31379908,9.087268374,9.372374184,12,-97.11023,32.52644,7,9
13.71226447,14.75306403,1.162223733,15.53823287,7.384610383,9.276128113,8.902591637,9.247154345,9,-97.41339,32.55256,7,9
12.39736633,14.65656037,2.482857211,14.83177983,7.705262475,9.099520537,8.796036315,9.079092085,12,-97.68272,32.50354,7,7
13.37840307,14.40440772,-0.353216399,14.55116823,8.347590407,9.07932011,8.805375139,9.167432871,14,-97.53475,32.39563,7,9
13.54781933,14.28366874,1.411444917,14.29431472,7.273092596,8.998013113,8.816556769,9.087946724,12,-97.52719,32.39682,7,9
13.09274299,13.83138391,2.427733914,14.60333317,7.073269717,9.207837242,8.939843124,9.097171674,4,-97.39273,32.38613,7,9
13.40420141,14.62198642,1.354173066,15.39594511,7.625595072,9.433883843,8.931287626,8.873468055,4,-97.43898,32.40353,7,9
13.70902719,14.43995054,1.606882837,15.2057957,8.011355109,9.234447447,8.931287626,9.390158799,4,-97.29634,32.74798,7,13
13.49530529,14.53008649,1.506863182,15.29847599,8.096208272,9.385972941,8.980927208,9.123583508,10,-97.39339,32.40631,7,9
12.81972197,14.13606971,1.072248615,14.92753056,8.217168596,9.241354426,9.005773206,9.219696467,8,-97.34841,32.40562,7,9
13.37650004,14.11635562,0.342306187,14.90151368,8.104703468,9.27967985,8.909775674,9.446439634,10,-97.44912,32.38097,7,9
12.59518477,13.53322855,0.426104082,14.31460443,8.188133415,9.095939112,8.850804196,9.394576761,4,-97.47884,32.40152,7,9
13.389167,14.94259724,-0.355587394,15.04173651,7.784057003,9.212737497,8.944550246,9.167954655,11,-97.52473,32.6266,7,13
13.29731618,14.33814992,1.452672515,14.51944336,8.433811582,9.259511416,8.919319398,9.193092479,9,-97.23132,32.78359,7,13
11.83880609,14.13065701,2.157719079,14.90833815,7.879669915,9.309733116,8.852807918,9.24416192,6,-97.6146,32.44422,7,9
13.30013627,14.73439792,1.519359557,15.57077823,8.405591015,9.241354426,8.920656297,9.17222305,13,-97.42369,33.04119,7,14
14.08365807,16.00295412,2.436043246,15.55373211,7.905441649,9.365633256,8.983063289,8.980927208,8,-97.19097,32.7304,7,13
13.59031991,14.26531148,0.469679268,13.40836304,8.226038429,9.390576422,8.881836305,9.217713126,8,-97.43792,32.35044,7,9
12.67677915,14.45736444,-0.522616125,16.40933753,7.918628653,8.945853857,8.820699399,9.209439967,3,-97.62042,32.46526,7,7
13.32306825,15.07055663,2.587153024,14.86073121,8.13973228,9.222071295,8.854522204,9.176473302,3,-97.49247,32.43818,7,9
12.76272118,13.46265403,1.010983153,14.75883652,7.458186157,9.21413317,8.874867636,9.166388484,14,-97.53648,33.01253,7,14
11.44103196,14.65297451,1.376950997,14.43647729,7.508787171,8.908018323,8.685753833,9.22177475,3,-97.78624,32.37975,7,7
13.20873738,14.07263032,1.601810982,15.34706822,7.017506143,9.202812106,8.899730795,8.919988071,8,-97.5025,33.01157,7,14
12.08311939,14.24077829,2.246255873,13.8924216,7.298445102,9.075665469,9.064157862,8.926650321,7,-97.19908,32.47809,7,9
12.9481695,14.28413824,1.122347416,15.21597258,7.757906208,9.302737221,8.839276691,8.969669104,10,-97.59623,32.59381,7,11
13.18796196,15.48811105,0.582294765,15.51751671,7.313220387,9.434283603,9.040737588,9.045229852,5,-97.15885,32.49245,7,9
12.75445414,14.06627005,0.830935008,14.81837597,7.979338895,9.130214327,8.856233556,9.3079207,3,-97.57261,32.47055,7,9
11.95023156,14.30592937,1.756035285,14.34279322,7.480992163,9.013473544,8.697846691,8.994420666,12,-97.93471,33.06341,7,8
12.21087111,13.61032971,1.124376111,14.30541607,7.807510042,9.081938657,8.904358542,9.420358156,9,-97.54539,32.63621,7,13
12.9002418,14.11330136,0.862690873,14.98382613,7.106606138,9.198369,8.948585922,9.289613553,8,-97.43772,32.97312,7,13
12.31363923,14.36757332,1.037361797,14.69230467,8.161660452,9.052633376,8.686935966,9.16293425,6,-97.89556,32.75044,7,11
12.57506047,13.95460358,2.638559116,15.00288985,7.839131648,8.961237781,8.724207361,9.446281682,6,-97.58345,32.18485,7,9
12.53908175,14.08404039,2.807281163,14.72066511,7.880804345,9.152605321,9.008835996,9.315330819,2,-97.3242,32.95257,7,13
13.43007158,13.73212895,2.015510314,14.52055469,8.140898461,9.153664195,8.908153613,9.409437102,6,-97.29091,32.75633,7,13
13.33130252,15.51727238,0.605265943,15.45444047,7.841885929,9.40261226,9.024492605,9.338205743,6,-97.1553,32.46428,7,9
12.84179726,13.64252885,1.88071299,14.38230849,7.883446354,9.071193241,8.861066544,9.207837242,6,-97.57408,32.71927,7,11
13.03128921,15.81523226,1.056118176,15.60172367,7.980707821,9.348448774,8.926118971,9.043459,7,-97.36533,32.11586,7,6
11.7827083,15.3151336,1.052501208,15.06377141,8.057060682,9.082507,8.708309296,9.274722631,2,-97.64365,32.39699,7,7
11.91245969,14.68177036,2.903875416,14.72694874,7.153051635,9.061840364,8.766705998,9.264165459,8,-97.60893,32.6765,7,11
13.17090018,14.57650142,1.197090707,15.13845609,6.948897222,9.254835612,8.97525075,9.279306576,5,-97.30559,32.60923,7,13
12.07098576,14.33869944,0.740341325,14.13087151,7.958576904,8.999866224,8.612503371,9.179262416,12,-98.12457,32.98399,7,10
11.97142568,14.31584939,2.279715873,15.08018629,7.132497552,9.145908512,8.85509298,8.947806093,6,-97.54916,32.88359,7,11
13.5133982,14.20297529,1.713058254,14.90624389,8.092239407,9.342420712,9.034318928,9.382190629,9,-97.13061,32.80194,7,13
12.91939493,14.0164085,2.090778374,14.89464845,7.747164967,9.179881164,8.970304953,9.201299627,3,-97.46665,33.10865,7,14
12.72211862,14.17178542,1.569465454,15.70045978,8.144679183,9.296426321,8.980927208,9.340315448,6,-97.34989,33.05897,7,3
12.5554329,14.46195914,0.946659465,15.33569881,8.065579427,9.221280312,8.940629185,9.01005849,13,-97.47487,33.12933,7,14
12.76169189,13.51925853,-2.113786599,14.59666862,8.157657015,9.267004219,9.047821442,9.000853147,12,-97.19572,32.38603,8,9
13.04559032,13.51291787,-3.479633908,14.58463126,7.661527081,9.279213236,9.138092208,9.251386341,4,-97.2759,32.44374,8,9
12.47778157,14.02706724,1.367681563,16.53825349,6.802394763,9.09549053,8.806124483,9.093581811,3,-97.62456,32.43941,8,7
12.87309143,14.34018051,1.463794431,15.47872618,7.577633833,9.278466201,9.064157862,9.217911637,11,-97.16457,32.34145,8,9
11.84281897,14.48564496,1.342330954,14.78611219,7.557472902,9.233275343,9.013838752,9.280146246,8,-97.28495,32.35767,8,9
13.24308609,14.30715336,1.697943049,15.12196594,7.882314919,9.322239464,9.047350743,9.195226734,10,-97.22599,32.3128,8,9
12.79653074,13.91318159,1.530858643,14.80319799,7.200424893,9.028818495,8.867850063,9.221181395,12,-97.42051,32.28157,8,9
12.90142489,14.41489636,1.905263394,14.81793348,7.853604813,9.237371711,8.935508712,9.219300113,7,-97.37973,32.25519,8,9
13.04701032,14.53627291,1.601974675,15.45717904,7.58171964,9.244645176,8.911260255,9.159047078,8,-97.4221,32.9651,8,13
12.8611051,13.97422225,1.849711749,14.85577314,7.284134806,9.117566972,8.984192312,9.29007534,4,-97.21332,32.51741,8,9
12.89814925,13.90681272,2.027578352,14.98675974,6.568077911,9.024492605,8.868272509,9.328923088,11,-97.51053,32.41429,8,9
11.79014803,14.50740696,2.229518717,14.73419602,7.606884531,9.144948153,8.949494953,9.031811613,3,-97.36331,32.28074,8,9
13.46538838,14.76292392,0.771504383,15.17926019,7.741533589,9.218506935,8.97866049,8.950273467,9,-97.29536,32.60277,8,13
13.80956391,16.2630718,1.113256542,15.31597075,8.332067707,9.221873608,8.955448122,9.145054905,8,-97.33277,32.95166,8,13
12.43545668,14.39069594,1.067296689,14.47840263,8.326032686,9.078179468,8.789507787,9.13884437,7,-97.83564,32.65148,8,11
11.59721146,14.48133793,2.260746959,14.77092431,7.763871288,9.004545459,8.801168402,9.259130536,13,-97.75599,32.52218,8,7
12.48766245,14.87105458,1.527699656,15.25132624,8.120588712,9.223256597,8.927181388,9.060795735,12,-97.64288,33.19038,8,14
12.61110433,13.52197137,2.090255905,14.40887829,7.754052639,9.020631597,8.93485034,9.163248764,3,-97.35381,32.93029,8,13
12.82825805,14.37592603,0.647505327,12.72236331,7.661056382,9.223256597,8.994668836,9.16461052,13,-97.29409,32.22101,8,9
13.06441642,14.66779596,0.881201655,15.60879387,8.20028826,9.325453179,8.92598609,9.14835858,4,-97.42417,32.9538,8,13
13.19885394,14.10547128,0.160855268,14.78735255,7.958576904,9.114490046,8.832733592,9.139917908,12,-97.42373,32.63878,8,13
10.59448242,12.69158046,0.124398766,14.30898654,7.731930722,8.794824928,8.467792841,9.199784858,12,-98.24878,32.50102,8,5
12.11627375,13.9392412,0.833407989,14.57871957,7.154615357,9.230633075,8.905172985,9.203215047,7,-97.60526,32.94415,8,11
13.10588231,13.98123684,2.349468532,14.96980729,7.564238475,9.234740259,9.016755623,9.333000385,9,-97.18856,32.35497,8,9
12.65178999,13.45040014,1.72913356,10.57362196,7.342131731,8.976893928,8.85509298,8.858084222,14,-97.53798,32.78544,8,13
13.09803585,13.37567137,2.044258313,14.74747304,6.9902565,9.158204618,8.850804196,9.236495329,13,-97.55662,32.76949,8,11
12.7315435,13.80925101,1.766412099,14.91088963,7.755338813,9.058237594,8.842460024,9.163143937,9,-97.51702,32.62926,8,13
11.92455818,13.7531031,1.930743948,15.02386983,7.616775809,9.077951184,8.781094735,9.092232283,4,-97.68106,32.70201,8,11
13.41122276,14.40620854,0.015900916,15.02908769,7.098375639,9.145908512,8.904901578,9.12489141,8,-97.49964,32.95052,8,13
13.17114783,12.88410619,1.970308882,13.54255157,8.111027838,9.020631597,8.982184279,9.089527752,6,-97.33387,32.95611,8,13
13.52134216,13.98782302,0.490039145,15.44721394,8.064636476,9.24009333,8.974111581,9.140990294,6,-97.23896,32.62589,8,13
13.69513567,14.97594111,0.476747275,15.42088623,7.937374696,9.35045008,9.009325173,9.117676687,8,-97.28413,32.57857,8,13
12.0224142,13.746228,2.37853843,14.52184145,7.495541944,9.112286432,9.016998312,9.234545061,11,-97.17328,32.51046,8,9
13.88819673,14.7279017,2.344673735,15.30724948,7.368339686,9.217315986,8.949494953,9.181117513,9,-97.33269,32.95166,8,13
12.65948629,13.73538451,1.57461636,14.67199014,7.582738489,9.106090351,8.962263554,9.182249492,9,-97.54237,32.72691,8,13
13.00131602,13.89749599,0.274873347,14.74068571,7.368970402,9.165447603,8.896861744,9.189014585,6,-97.56463,32.72213,8,11
12.25921049,14.25814299,0.644658643,14.84851923,6.828712072,9.147507063,8.901502757,9.16062478,7,-97.56453,32.72213,8,11
11.28925678,13.56653625,0.963231176,13.81687363,7.811568489,9.000483165,8.846496939,9.251098364,9,-97.66082,32.56673,8,11
11.83931851,14.13912187,-0.798671312,14.92579249,7.461640392,9.194109359,8.988321188,9.217315986,6,-97.34055,32.34595,8,9
13.11932477,14.15888747,1.228099798,14.94472188,8.062432792,9.105313134,8.858084222,9.351405812,13,-97.53071,32.29307,8,9
12.65252933,14.58400173,1.376514846,15.34085074,7.316548177,9.267665439,9.033603193,9.329278296,8,-97.19473,32.24544,8,9
11.55495952,14.30115375,1.585764,14.38236409,7.498315871,8.986696696,8.749415407,9.175127616,5,-97.85529,32.82198,8,11
12.95950086,14.82682052,1.115997997,15.23959576,7.479864131,9.188299241,9.05438807,9.076008659,3,-97.37186,33.23421,8,3
12.20199936,14.59899192,1.053657968,14.83337111,7.586803535,9.126958763,8.9226583,9.033364502,8,-97.65144,32.40586,8,7
12.34772411,14.88166164,2.44531115,15.15796849,7.600402335,9.233275343,8.759982495,9.203517147,13,-97.79295,32.37966,8,7
12.41395636,14.86289973,-2.431609417,15.33361928,8.183676583,9.196444267,8.681011277,9.054154289,5,-97.79574,32.38584,8,7
11.69705372,14.37545201,0.969535487,13.81400342,7.501082124,8.837826364,8.591186871,9.126958763,8,-98.19435,32.85572,8,10
12.26666903,13.36922346,1.535820455,14.58941158,7.887959337,9.002824077,8.519191194,9.20532783,4,-97.89832,32.26114,8,7
13.72523568,14.65825378,3.071666664,15.09514523,7.906547232,9.149528233,8.935903526,9.155356064,11,-97.39673,32.81969,8,13
13.11340739,14.55892158,0.757559207,15.15575679,7.118826249,9.296426321,8.962391702,9.090430075,10,-97.32231,32.81984,8,13
13.32016779,14.21433567,-0.104902571,15.08266152,6.11146734,9.190545745,8.987196821,9.038958755,13,-97.2584,33.06995,8,3
12.4377239,13.69953838,1.182790433,14.84427961,7.239932591,9.251386341,8.975630184,9.157993892,8,-97.45262,33.10432,8,14
11.80653494,13.45956963,1.389792382,14.67619048,7.40671073,9.151545325,8.999619341,9.154193211,8,-97.20421,32.27416,8,9
12.73098755,14.62916151,0.417561606,14.43345455,7.677400431,9.056489647,8.922124824,8.97866049,4,-97.4948,32.48084,8,9
11.57823556,14.36328509,0.65052188,14.34432776,7.497761701,8.930229565,8.700181193,9.203013597,9,-97.73821,32.35968,8,7
12.86710719,14.46496705,1.262774218,15.44861793,7.025538315,9.152923101,8.895629627,9.187276432,8,-97.68557,33.2583,8,14
13.23878015,14.29639231,0.718655747,15.07094196,7.731492029,9.282661034,9.039077443,9.212338375,8,-97.31753,33.11614,8,3
12.70603852,13.3424623,0.534232174,14.64860401,7.837948916,9.171391622,8.97525075,9.171079658,12,-97.25501,32.58692,8,13
13.13624656,13.58171043,1.401103005,15.16646319,7.878155337,9.294313806,8.952993499,9.306104994,12,-97.24206,32.64263,8,13
12.35122006,13.8339554,-0.1287201,14.4689882,8.0522965,9.045229852,8.909505513,9.159993998,8,-97.44468,32.86925,8,13
12.78103296,12.76565986,1.870264383,14.20791879,7.9683195,9.114159814,8.972463821,9.110520037,11,-97.30553,32.60919,8,13
12.59183492,13.31402947,2.33174577,14.66623056,7.89319887,9.148571346,8.946114376,9.131729971,9,-97.30054,32.6091,8,13
12.83101861,13.00042171,0.312605113,13.7295539,8.121777419,9.23960787,8.905037291,9.179571838,5,-97.44713,32.38585,8,9
12.85167214,13.04517991,0.374848237,13.739029,8.050384453,9.228769507,8.939449862,9.301003407,8,-97.44295,32.40341,8,9
13.82473686,14.41291747,0.91103152,15.34985201,7.477038472,9.228671329,8.930626469,8.95776801,13,-97.33376,32.57341,8,13
13.18025486,13.92526142,1.449388794,14.78276509,7.767263997,9.314700387,9.097171674,9.261793654,6,-97.43636,32.94746,8,13
13.29663764,13.77824681,1.965546767,15.06401017,7.768533301,9.195226734,8.865029187,9.057538782,4,-97.46313,32.52837,8,9
12.4372796,14.61787082,1.513597215,11.32055357,7.609366538,9.099408811,8.566364235,9.223552703,11,-98.05099,32.42772,8,5
12.57890092,13.66552801,2.520763482,14.71003164,7.298445102,9.114710141,8.842171049,9.280332744,8,-97.55368,32.69831,8,11
13.68281425,13.63139299,0.768248899,15.00675125,7.33171497,9.22818029,9.041448235,9.352360632,11,-97.21304,32.48171,8,9
12.3337444,14.56654922,1.268834268,14.40696715,7.654917048,9.225228984,8.72127624,9.196241448,9,-98.04183,33.09752,8,8
13.42641425,14.13514904,2.189121488,14.65989618,7.391415235,9.166283986,9.014325488,9.381348169,8,-97.1692,32.56913,8,13
11.17886432,13.93569072,1.741833177,15.02335566,7.56112159,9.206733876,9.01005849,9.374243343,11,-97.59945,33.25131,8,14
12.98569106,14.13917397,1.539810591,14.62790725,7.856319571,9.085003881,8.787983396,9.311090275,7,-97.73627,32.62722,8,11
12.05666736,13.90340421,2.548664083,14.24432494,7.386470849,8.98168164,8.66733585,9.197964101,4,-97.9421,32.74676,8,11
12.1409206,13.64234932,1.248669451,14.3791343,7.391415235,9.217613856,9.070158341,9.157677719,9,-97.20189,32.16265,8,6
14.00738385,15.65048915,0.770932561,12.12770562,7.935587386,9.47193511,9.059633755,9.358932776,9,-97.09349,32.52711,8,9
12.07505808,14.43608705,1.071296312,14.4509799,7.934513464,9.167432871,8.733110698,9.008468956,11,-97.59988,32.2194,8,9
12.45950871,14.19463169,0.919820717,15.06768135,8.254008591,9.256269304,9.002208578,9.165970424,7,-97.31572,33.10903,8,3
12.82349362,14.97207724,1.127514371,14.98969774,7.762170607,9.125980023,8.790269111,9.351926736,7,-97.48884,32.32148,8,9
11.75399537,14.54595352,1.19451696,14.54017966,7.938088727,9.009814111,8.80747189,9.246190025,13,-97.48593,32.34198,8,9
13.40773178,14.84352154,0.234119883,15.14361103,8.173293439,9.142168592,8.824677891,9.140454245,3,-97.52423,32.41577,8,9
12.15190681,14.1687774,1.970790321,13.99227168,7.932362154,9.081711229,8.83287946,9.324561516,9,-97.70342,32.62581,8,11
11.89496499,14.68941557,1.146385276,14.95013843,7.24636808,9.230241034,8.951051374,9.316230747,14,-97.37214,32.24589,8,9
12.8261517,14.58004773,1.055052285,14.58564656,7.286191715,9.153981638,8.918650278,9.213036734,8,-97.39482,32.41242,8,9
13.13680854,14.11883958,-0.046779072,14.66063606,7.860570786,9.111514018,8.858084222,9.225721474,9,-97.41299,32.78489,8,13
10.60839036,13.37078474,1.768368139,14.1823762,7.361375429,9.018695488,8.880446451,9.28451977,7,-97.51854,32.89381,8,13
13.74520182,15.32782064,0.812521796,11.68848253,7.743269701,9.138629524,8.814776089,9.22078563,4,-97.536,32.403,8,9
12.77061343,13.9711527,2.569024612,14.71747272,7.691656823,9.076808979,8.913684825,9.07222707,4,-97.53344,33.00503,8,14
12.81904503,14.05767212,1.011039588,14.85793761,7.75576717,9.098290868,8.927446816,9.289151552,8,-97.35854,32.95574,8,13
12.93241038,15.00548585,1.381182926,14.99768796,7.467371067,9.14931567,8.81254577,9.124564595,12,-97.52614,32.35307,8,9
13.29624946,14.96810585,1.592725682,15.13355552,7.676473646,9.29587566,8.893435441,9.238733446,8,-97.38617,32.30222,8,9
11.30289555,13.95978405,1.688644959,13.89978369,7.895436007,8.937481228,8.68270763,9.287301413,6,-98.07326,33.06231,8,8
11.06148448,13.67200963,-0.153293876,14.12407703,7.584264818,9.110630528,8.894258825,9.200087996,9,-97.42636,32.07341,8,6
12.82702541,14.05452746,1.65454888,15.04902954,7.296413269,9.195226734,8.930097229,9.134538659,8,-97.48385,33.09957,8,14
13.2325138,14.07787482,-0.22490188,15.02486068,7.671826798,9.224736252,8.961366061,9.18049953,4,-97.46228,33.06476,8,14
13.33139015,14.43070701,1.329155347,15.3639327,7.060476366,9.269552232,8.894807371,9.121618442,12,-97.52025,33.07298,8,14
12.34820135,14.16817246,0.479867442,15.1750055,7.69802917,9.224243277,8.883085524,9.294865327,7,-97.45872,32.35287,8,9
12.50190144,13.78989322,-0.373355295,14.63978336,8.353497099,9.273315171,9.039552051,9.283126042,9,-97.22039,33.07657,8,3
11.27325865,14.05484237,1.988968217,13.83857257,8.191463051,9.010913347,8.735525186,9.085910294,7,-98.07362,33.12115,8,8
13.21826066,14.51388207,1.768386924,15.48965923,7.719573989,9.284705454,8.973984927,9.132270717,11,-97.33964,33.08347,8,3
13.02357455,14.13105096,0.550487022,14.92179335,8.102283624,9.311090275,8.955448122,9.232101864,2,-97.39845,32.37738,8,9
12.68143688,14.62628032,1.02631891,14.93327821,7.843848638,9.239899174,9.003316203,9.267665439,6,-97.20016,32.33151,8,9
12.388115,14.53568908,0.00790122,14.60150033,7.41397029,9.113609183,8.842171049,9.286189684,12,-97.68264,32.50358,8,7
12.36842531,14.46069468,0.547791453,15.25299221,7.34536484,9.272093768,9.0653146,8.940891068,9,-97.14887,33.083,8,3
12.26522324,14.0129432,1.353149018,14.93200402,7.9490915,9.373224235,9.032528631,9.200492036,11,-97.16923,32.33776,8,9
12.77610824,13.66013079,1.648911697,14.45952632,7.932721027,9.167954655,8.875566692,9.14772001,9,-97.45868,32.35289,8,9
12.98339782,14.22397118,2.104219875,15.12001932,7.750184162,9.206332351,8.945853857,9.058935918,8,-97.36747,32.97718,8,13
11.98993574,14.23026571,0.190866548,15.137292,7.201916318,9.131838144,8.830981511,9.093806556,11,-97.72794,33.0359,8,14
12.72199327,14.17388406,1.486287583,15.02188607,8.083019919,9.185432736,8.954156967,9.200593021,9,-97.3639,32.97819,8,13
13.49823214,15.5020021,1.229258016,15.50761911,7.474204806,9.232101864,8.817297784,9.228474942,11,-97.51685,32.33936,8,9
12.29379044,13.05740664,2.872758641,14.59703393,7.427738841,9.042631528,8.824824939,9.187583385,9,-97.51755,32.29973,8,9
12.48988599,15.05677915,0.85553121,15.05558942,8.130942302,9.139703292,8.805075244,9.140239744,2,-97.48586,32.36308,8,9
12.3258803,15.13609184,1.994425146,14.76665479,7.238496841,9.029657472,8.744169389,9.337501518,2,-97.61862,32.41097,8,7
12.23044326,14.94210435,-0.449993919,14.59148211,7.824046011,9.064042114,8.749890956,9.05134464,9,-97.61856,32.411,8,7
12.32880342,14.67357878,1.794981002,14.2195146,8.23350314,8.976388622,8.614319902,9.149634497,12,-97.85596,32.49866,8,7
13.1212868,15.17913335,1.882245407,14.9743408,6.845879875,9.171391622,8.910315776,9.301825062,6,-97.39865,32.5818,8,13
12.17380768,13.57088797,1.493119505,14.4185306,8.019941688,8.980927208,8.863757192,9.456809749,2,-97.68855,33.07015,8,14
13.51105255,14.92060181,2.195677407,15.09894627,7.595889918,9.186047679,8.86644062,9.03705784,11,-97.494,32.64158,8,13
12.39904148,14.60484662,1.79619726,14.75565921,7.491087594,9.028218795,8.800565992,9.041685006,11,-97.63062,32.56549,8,11
12.31705483,14.59611901,1.38412858,14.89712927,7.473069088,9.13583232,8.865029187,9.083415678,7,-97.65381,32.65205,8,11
11.27470635,14.1829276,1.776391048,14.36328046,7.632885505,9.069237531,8.707813551,8.992681751,9,-97.6506,32.2355,8,12
11.84137993,14.24726375,2.291702892,14.8883174,7.939871576,9.04192172,8.720950029,9.185535253,2,-97.77937,32.54206,8,7
13.0186038,14.95260611,0.619290763,14.89038533,7.437795122,9.292104674,9.030376035,8.990939807,7,-97.23453,33.08642,8,3
12.25802447,14.27571634,1.329811221,14.42137614,7.616283562,9.108307646,8.846496939,9.056023012,9,-97.56341,32.59841,8,11
12.26645724,13.92956755,1.70849743,14.75248823,7.918264686,9.071537969,8.799661697,9.19258365,12,-97.59426,32.66043,8,11
12.24369593,14.286445,-0.631455374,15.11644636,7.912423121,9.219894585,8.93260863,9.143131622,7,-97.51595,32.88347,8,13
12.71199225,14.02317492,1.179720727,11.24457532,7.795646536,9.20532783,9.053686562,9.079434102,11,-97.21891,32.18381,8,6
10.51088619,13.13575925,1.486429193,14.50000945,7.60090246,9.353834472,9.130430989,9.209640127,11,-97.34567,33.33049,8,3
10.02840066,12.69863246,1.199077809,13.96302326,7.390798522,8.911799556,8.493924564,9.111624399,7,-98.20321,32.1442,8,5
12.97019307,13.90717775,1.760542873,15.13779959,7.935587386,9.410992885,9.167745974,9.110520037,7,-97.16324,33.24078,8,3
12.77301581,13.66759043,1.38122777,14.24399664,8.342125263,9.006018575,8.874867636,9.256746745,8,-97.57902,32.83287,8,11
12.79996011,14.57603597,0.62865858,14.87501085,7.689828669,9.306104994,9.055672892,9.417760963,11,-97.24528,32.35327,8,9
13.68416535,14.4433189,0.722005748,15.03525848,7.83991936,9.135401285,8.864322723,9.161570208,6,-97.51343,32.77127,8,13
13.67802393,14.66104615,-2.678284424,15.22142371,7.901747519,9.335209354,9.019905995,9.141633174,7,-97.35699,33.09342,8,3
13.7163044,14.61874949,1.626525862,15.16291075,7.942717541,9.163772736,8.901775089,9.209339872,11,-97.51623,32.96391,8,13
13.5516674,15.14655644,-0.317723856,15.15057057,7.899524472,9.26926944,8.92691589,9.044285788,8,-97.31734,32.6334,8,13
13.6961807,14.98364891,1.661743559,15.3042875,8.064950892,9.394077593,9.00146948,9.233079859,8,-97.22749,32.44995,8,9
12.89186787,14.66864847,0.775000122,14.78190259,7.864419905,9.21243817,9.013595295,9.223454011,2,-97.26475,32.33813,8,9
12.18830574,14.76678226,1.27447386,15.6130831,7.560080465,9.371182897,9.098402719,9.403437002,6,-97.24701,33.24214,8,3
13.57976544,14.77443923,1.989013268,15.46392261,7.164720379,9.414260328,9.011767475,9.219894585,3,-97.22896,32.29683,8,9
12.29722875,14.53823887,2.045834798,14.37463022,7.967280179,9.219002745,8.850804196,9.09492952,8,-97.63375,32.77058,8,11
10.93117654,13.48408556,0.727796574,13.81708332,7.407924323,8.832295859,8.588583188,9.170351364,8,-97.95153,32.53673,8,7
12.54694945,13.29396266,1.451251523,14.0115131,7.803435057,9.101752432,8.94910547,9.242129694,5,-97.30712,32.834,8,13
13.7856182,14.57922803,1.980581653,15.02129512,8.22977775,9.254931255,9.001592701,9.118115428,8,-97.22898,32.53761,8,9
12.86716398,14.99216355,1.071073886,14.74971979,8.467582691,9.08545719,8.732304571,9.194718991,4,-97.59857,32.2229,8,9
10.77149099,13.40411691,2.376330912,13.6097697,7.526717561,8.961879013,8.496990484,9.129889248,13,-98.332,32.50928,8,5
11.7429334,14.54595352,0.367364583,15.16213539,8.01466637,9.24425859,8.937349848,8.908559375,14,-97.76958,33.11494,8,14
12.24828887,12.3883942,-1.176391466,13.73646735,8.19007705,8.996528148,8.727454117,9.121290555,11,-97.79918,32.68522,8,11
11.39467107,13.71060772,2.342592923,13.66277887,8.043984431,9.003193194,8.538954683,9.380336279,11,-98.14641,32.37855,8,5
11.76807143,14.45525696,1.178516982,14.2349338,7.965545573,9.090430075,8.527539483,9.54859673,8,-98.13403,32.38324,8,5
12.12412479,14.10414218,1.911621926,13.91274253,7.951911382,9.055439411,8.840724917,9.229162126,6,-97.50764,32.22596,8,9
12.13149995,14.24469219,2.548125539,15.02235613,7.521859252,9.064736398,8.867850063,9.199279425,2,-97.57694,32.54571,8,9
12.96241995,14.81606891,1.014424669,14.7392741,7.489970899,9.122055457,8.857230494,9.159047078,12,-97.44606,32.50941,8,9
12.75109098,14.32280997,2.428540406,14.26943689,7.925157512,9.141847376,8.835646923,9.09492952,7,-97.50756,32.22597,8,9
12.77282292,15.27871966,1.027104475,15.11043661,7.951559331,9.343296599,9.078179468,9.063578991,11,-97.14139,32.50644,8,9
11.92453168,14.66855473,1.131378447,14.78335563,8.253748343,9.086815886,8.839711379,9.076808979,6,-97.63033,32.52975,8,7
12.26450663,13.81816703,1.120773577,14.59616849,7.697121317,9.184817415,9.035986985,9.369393302,8,-97.19198,32.49219,8,9
12.2087341,15.30931313,2.410160095,15.06940888,7.650644551,9.123256265,8.766861822,9.272939514,6,-97.62976,32.40748,8,7
12.05821048,13.98085549,3.047632521,14.00274005,8.072467369,9.101863896,8.748304912,9.447386828,4,-98.04275,33.07965,8,8
12.83479063,14.07046281,1.829080277,15.2691322,7.918628653,9.33476795,8.809862805,9.258749511,12,-97.59375,32.62818,8,11
12.7825596,13.87622929,1.840466083,15.0875466,7.636269603,9.113278659,8.879054662,9.174713194,9,-97.56111,33.00395,8,14
13.7485467,14.72374492,1.245917809,15.36136693,8.121777419,9.338029733,8.979668554,9.299723933,5,-97.31938,32.40853,8,9
12.29476095,17.28124646,2.170357712,15.05420937,7.760040681,8.978408315,8.697178688,9.265869682,3,-97.67236,32.38738,8,7
12.80658083,10.74729361,0.472551983,15.21112634,8.216358332,9.152817186,8.74687532,9.274628862,6,-97.64572,32.35387,8,7
12.54303048,14.39604879,1.881457383,14.95466576,7.941295571,9.099297073,8.950273467,9.096051226,12,-97.29905,33.03301,8,3
13.12158507,14.05641544,2.320022718,15.27719807,7.336936914,9.30063801,8.846496939,9.056606272,12,-97.56961,32.76406,8,11
13.15461951,14.89494003,2.362161027,15.55562825,7.723120092,9.315960854,8.918650278,9.066354521,9,-97.42411,32.95896,8,13
12.89663399,13.86684985,0.297394616,14.85569893,7.526717561,9.196241448,8.921190556,9.217117356,9,-97.37426,32.39737,8,9
12.06079829,13.463681,2.098492414,14.66588967,7.771067086,9.045937316,8.832733592,9.14825218,9,-97.51991,32.24405,8,9
12.40583293,13.10216067,1.816345838,14.18126972,7.791109511,9.017240942,8.894944461,9.234837844,4,-97.4483,32.99229,8,13
11.43480175,13.30867696,1.282599697,14.66266555,8.161089513,9.142489705,8.867850063,9.134538659,6,-97.43764,32.60738,8,13
12.73123599,14.02252473,2.281459336,15.2271422,7.729735331,9.147932912,8.839276691,9.097731428,13,-97.55026,32.96143,8,11
13.28347151,15.14298336,1.664412294,15.9397493,7.677863501,9.297068375,9.04629086,9.371948887,9,-97.25212,33.1068,8,3
12.29192001,14.62421608,1.993932079,15.81712406,8.261526448,9.245031612,9.024010794,9.335650563,7,-97.24479,33.1094,8,3
12.72053565,14.27230229,1.733847507,14.84412947,7.487173694,9.045937316,8.829958044,9.213834261,6,-97.52911,32.8156,8,13
10.76477285,13.90786182,1.951373976,14.73497465,7.656337166,8.991437815,8.659039916,9.29007534,6,-97.92832,32.76158,8,11
13.62308048,14.54313646,2.403766593,15.4582432,7.94944442,9.287486581,9.075551046,9.424160596,8,-97.4046,32.96792,8,13
11.97104627,13.73540618,1.916118785,14.41986259,8.379079889,9.27967985,8.865311633,9.255791635,10,-97.43533,32.30019,8,9
12.72451221,15.31566918,2.558485749,15.0327251,7.637234389,9.108639817,8.745921121,9.389323028,3,-97.66953,32.45606,8,7
13.37806085,14.93558912,1.467683332,15.35926113,8.046229101,9.330697869,8.973604867,9.120743838,5,-97.21408,32.5794,8,13
12.80127342,13.97778246,1.742393683,14.72009382,7.672292456,9.1616752,8.895766604,9.225524507,12,-97.32187,32.80821,8,13
13.31497514,14.75766395,1.71926048,15.52321428,7.755338813,9.266153437,8.915969311,9.146867949,8,-97.42936,32.92979,8,13
12.7907322,13.93329359,-0.065048054,15.07012781,8.071530894,9.306831672,8.964184046,9.196647045,9,-97.2778,32.51718,8,9
13.07965001,14.1070848,2.33091469,14.83237903,7.899524472,9.294405747,8.905851181,9.272845577,6,-97.45941,32.39268,8,9
13.7487199,14.15545533,1.316105718,14.98943809,7.734121303,9.224834818,8.897135342,9.232688776,11,-97.57075,32.76689,8,11
12.74674441,15.48216022,2.410484377,15.57463836,7.731053144,9.243001154,9.032648084,9.349319399,8,-97.40162,33.24303,8,14
12.83983069,14.64040592,1.087703195,15.0069299,7.408530567,9.243968553,8.99342737,9.186867016,8,-97.36166,33.17763,8,3
12.83830938,14.20457524,2.226038065,15.06134558,6.56667243,9.256746745,8.874308039,9.155356064,8,-97.58187,33.11443,8,14
13.21368197,14.39492897,1.311865211,15.93127993,7.748028524,9.35201353,8.980801414,9.103868127,12,-97.36686,33.06846,8,3
12.61954891,14.43716174,2.245483858,15.22197954,7.989899375,9.194718991,8.870803444,9.177610547,9,-97.68349,33.09325,8,14
12.30580938,14.99693096,1.483351184,15.13245484,8.253227646,9.110409533,8.833754223,9.16136019,6,-97.8012,32.89508,8,11
12.05373698,14.15768082,1.680763364,15.03303117,7.724446646,9.147826467,8.806873267,9.263691547,8,-97.48578,32.36309,8,9
13.35917628,14.56980646,1.766139281,15.02733903,7.909856667,9.268420583,8.988695697,9.105202054,9,-97.27264,32.55526,8,13
13.28222799,14.4289341,0.63949404,14.81660704,7.791935957,9.118225083,8.859363449,9.247925132,3,-97.52904,32.8846,8,13
12.78607072,14.77928393,1.253483318,15.2993662,8.170468578,9.38378935,9.1111828,9.083642719,13,-97.35563,33.37269,8,3
13.07967088,14.54859935,1.415189707,15.21068934,7.673688129,9.354700422,8.857657449,9.248310303,11,-97.56928,32.46182,8,9
12.08060579,13.8128059,1.381029955,14.76709276,8.192570471,9.150590368,8.971194463,9.256746745,11,-97.57197,33.19477,8,14
11.53204158,15.17217011,0.756168051,14.78983998,8.24617156,9.209139651,8.574895902,8.898365607,14,-98.1334,32.3476,8,5
11.82200448,14.71689068,0.850500908,14.50006997,7.641084249,9.092794808,8.639056779,9.077151778,8,-98.07078,32.93187,8,10
12.84262302,14.36611443,1.093753019,16.54157276,7.528331767,9.237566358,8.981178748,9.332292483,7,-97.45041,33.1186,8,14
13.12983738,15.12654243,1.006338711,15.0850177,8.182838711,9.172742342,8.814330423,9.283683766,12,-97.76163,32.70839,8,11
12.35279293,13.4184421,2.187542693,14.68494362,7.983098941,9.000729835,8.766861822,9.258558944,12,-97.58798,32.23406,9,9
11.73061417,12.7281349,0.98747032,14.26482029,7.78113851,8.910585718,8.454892165,9.266626183,4,-98.21283,32.11516,9,5
13.65448463,14.80931773,1.236275045,15.61102796,7.794411206,9.251002354,8.930758736,9.172119159,6,-97.43392,33.04769,9,14
12.8029622,14.16511053,1.81127561,15.05182702,7.473637108,9.112727543,8.899184943,9.31352853,4,-97.44048,32.94164,9,13
11.98390986,14.38535952,0.523633344,14.66771621,7.586803535,9.04192172,8.824677891,9.215029361,6,-97.67027,32.66014,9,11
11.76380869,14.08729188,2.043347921,14.84980403,7.760467029,9.156623089,8.925720274,9.05450494,10,-97.41327,32.6434,9,13
13.256632,14.80694846,-0.083379842,15.71915392,7.527255919,9.240578555,8.935508712,9.281730368,7,-97.40451,32.96792,9,13
12.92677419,14.57365022,1.9181924,14.92288237,6.192362489,9.18962733,8.831711918,9.270305953,10,-97.5365,32.79559,9,13
12.29592706,14.09548047,1.911894778,14.91491253,7.914983006,9.130647603,8.826000545,9.375600541,10,-97.66504,32.58373,9,11
13.45732161,15.06867345,1.117058393,15.28006789,7.916078096,9.309189736,9.011767475,9.066123521,11,-97.15084,32.47598,9,9
12.11868302,13.89893217,0.623577263,15.02697642,7.753623547,9.361687124,9.193194213,9.369393302,5,-97.15312,33.12879,10,3
13.19534615,14.03785379,2.389792102,15.3559996,7.939158818,9.353054474,9.092682329,9.160204302,12,-97.1887,33.19921,10,3
12.29777633,13.38277343,0.694440111,14.43419601,7.677863501,9.311271091,9.28451977,9.077037525,3,-97.24588,33.23701,10,3
12.47797588,13.75682156,2.373014749,14.64373568,7.507690078,9.261033486,9.132378831,9.104979856,6,-97.0492,33.12664,10,3
12.68019901,14.29050173,1.958895686,15.44400494,7.418780883,9.326700173,9.082393358,9.413526084,11,-97.17959,32.39796,10,9
14.06735585,14.70589172,1.278071271,15.69009317,7.56112159,9.327856705,8.907883014,9.159047078,4,-97.30323,32.64394,10,13
11.66417766,13.93996374,-0.058466665,14.67382551,7.494430215,9.17812705,8.947155771,8.852092763,12,-97.41489,32.64162,10,13
12.90235241,14.50135111,1.916076436,15.64274946,8.180880942,9.294405747,9.090430075,9.271717652,6,-97.12447,33.12183,10,3
11.37813614,13.00578911,1.011633309,14.2023744,7.920083199,9.044875932,8.703672758,9.229848838,4,-97.97596,32.40923,10,7
12.50696212,13.93883377,1.117759103,14.65886666,7.589841512,9.212637731,9.030974443,9.139381283,6,-97.21772,32.16858,10,6
12.50383375,13.55976375,1.715588458,14.57703669,7.77569575,9.107753783,8.874867636,9.16440114,9,-97.55919,32.86794,10,11
13.1216131,14.24875295,3.40502587,13.86565599,8.276649125,9.25598273,8.835646923,8.801168402,9,-97.5687,32.5219,10,9
11.88208614,14.53109708,-0.394891757,15.22907518,8.1285852,9.142061531,8.997147152,9.118992333,12,-97.77074,32.72269,10,11
12.86396823,14.01066607,1.280831652,14.76294873,7.244227516,9.182455168,8.828933529,9.298351249,10,-97.61016,32.589,10,11
12.9149849,14.20421261,0.364449259,15.11661788,8.006367568,9.190341725,8.979920412,9.280798836,6,-97.28151,33.01798,10,3
13.48974025,13.67403224,2.224055553,14.97828755,7.50659178,9.255600503,8.994048296,9.193092479,13,-97.28408,32.57849,10,13
13.40477157,14.00349687,0.892803937,15.17773403,7.135687347,9.277905558,8.950662496,9.168997408,12,-97.30568,32.60923,10,13
12.98727191,13.25251406,1.411684553,14.27179045,7.921535632,9.127502094,8.921591064,9.043104453,10,-97.31475,32.61959,10,13
13.30071373,14.67228141,0.925070747,15.24476814,7.996317232,9.177610547,8.925055424,9.063347348,8,-97.42165,32.97633,10,13
11.14459717,13.45883561,2.165001923,10.16199825,7.791522819,8.814330423,8.522180733,9.222565342,7,-98.33383,32.64367,10,10
13.54388948,14.29422613,0.592785589,15.22902409,7.597897951,9.280798836,8.939187601,9.104424146,9,-97.36017,32.97967,10,13
12.42665692,13.3239155,2.040692943,14.62510655,7.769800996,8.979668554,8.411832676,9.25033002,10,-98.16208,32.10269,10,5
12.88280331,14.03735326,0.907996946,14.2808772,8.314342343,8.980675604,8.817001444,9.252153875,4,-97.5127,32.41821,10,9
11.18392127,14.05924074,0.36008082,14.25417831,8.138564737,9.0654302,8.96200721,9.163772736,7,-97.28938,32.38544,10,9
12.93931996,15.11978108,-0.135108712,15.42733442,7.475339237,9.175127616,8.931287626,9.162199997,8,-97.34186,32.30157,10,9
11.07432748,13.97185939,1.63514796,13.6683345,7.912789221,9.014325488,8.823942327,9.140990294,12,-97.67733,32.95485,10,11
12.77869491,14.36837331,1.440150068,15.04482474,8.058960018,9.200391041,8.87626526,9.174713194,2,-97.4999,32.68994,10,13
11.53146259,13.63668289,0.607418814,14.45802528,8.30647216,8.94428932,8.681011277,9.234056899,11,-97.9201,32.72314,10,11
11.10921881,14.00023007,2.218127064,14.45917333,7.921172722,8.91355028,8.665785595,9.458995712,2,-97.91694,32.70865,10,11
11.51905663,13.17153061,2.280688098,14.54259819,7.98616486,9.030376035,8.659213451,9.207034915,3,-97.90364,32.54393,10,7
13.04951738,13.24364252,1.189921541,14.68812523,7.983781069,9.058354015,8.831273738,9.199279425,12,-97.49313,32.32096,10,9
12.44875997,14.22139025,2.247532727,14.91487057,7.646353722,9.157361447,8.98794654,9.166179476,12,-97.24606,32.96522,10,13
13.00264247,13.59236701,2.492409854,14.93506208,7.856319571,9.184919995,8.99069071,9.212837252,12,-97.33602,32.61702,10,13
12.19548681,13.95661073,1.56741666,15.19195911,7.483806688,9.22857314,8.890272839,8.954156967,12,-97.49717,32.68449,10,13
12.92697847,13.97415313,0.448117805,15.17758343,7.723120092,9.232004012,8.847072313,8.948585922,11,-97.47521,32.68843,10,13
13.21043286,14.02641957,1.750460538,14.91822243,7.416378479,9.196647045,8.95001403,9.069928218,14,-97.27972,32.56723,10,13
12.29015641,13.13825641,0.598095292,13.96738064,7.550661243,9.299266581,9.083415678,9.177300518,10,-97.16467,32.34147,10,9
12.61365551,14.23294376,1.028167217,15.02501822,6.966024187,9.315600883,8.989070065,9.303739636,12,-97.31333,32.2319,10,9
11.81316338,13.33176818,1.726906533,14.14583393,7.407924323,9.22690246,9.053686562,9.013108202,12,-97.20768,32.15983,10,6
13.1758795,14.38064196,0.002223847,15.06589069,7.592366129,9.188299241,8.93458687,9.028458718,13,-97.46143,32.57145,10,13
12.9687179,14.01140623,2.650694169,14.88630551,7.028201432,9.278092474,9.033245134,9.056139691,6,-97.18805,32.34623,10,9
13.49973349,14.9906517,1.016237389,15.12638016,7.436027816,9.266626183,8.991064332,9.164819857,12,-97.23557,32.57419,10,13
13.48640214,14.99046641,0.83419244,15.12619898,7.52131798,9.255887187,8.990939807,9.23190615,11,-97.23562,32.57419,10,13
12.25653284,14.26510546,0.0826772,15.30771239,7.61283103,9.334326352,9.035986985,9.276876896,7,-97.19513,33.01687,10,3
13.99809958,15.81235822,2.262326705,15.20973291,7.654917048,9.397234791,8.940498218,9.274253698,12,-97.34708,32.46482,10,9
14.01320665,14.67840051,1.997910763,15.44542499,8.161945799,9.293301893,8.960339366,9.168267596,12,-97.35446,32.50684,10,9
12.37675169,14.58791244,1.775601144,11.69524702,7.809541325,9.12858787,8.864322723,9.204825191,4,-97.68913,32.69436,10,11
12.63698455,14.66052009,1.923818101,14.88144055,8.239593454,9.065545787,8.770283819,9.16356318,6,-97.6253,32.28926,10,12
11.82539039,14.16565251,2.280935916,13.95775463,7.760467029,9.053101596,8.766082459,9.230633075,6,-97.71717,32.55861,10,11
12.91278737,13.86760383,1.034852325,14.67705953,7.682482447,9.150271846,8.982184279,9.245900547,4,-97.23392,32.51596,10,9
12.48854492,14.25612271,1.611734954,14.07196509,7.697121317,9.18962733,8.832441792,9.307013259,9,-97.62848,32.78037,10,11
11.43766298,13.55738729,2.05700321,13.91152776,7.883446354,9.082166033,8.797850649,9.124237673,2,-98.06052,33.18908,10,8
13.00099542,14.23948334,1.598096365,14.98874102,7.298445102,9.164296433,8.937218451,9.334061299,14,-97.38998,32.48906,10,9
12.62684336,14.41879867,0.961681835,15.18185575,7.321188557,9.292196818,8.909100135,9.43340392,7,-97.43234,32.5753,10,13
12.87014626,14.96652553,2.34821316,15.08730331,8.078378104,9.200492036,8.946374826,9.240384493,12,-97.62273,33.17052,10,14
12.26332217,14.554109,1.242985688,14.63755391,7.85902698,9.089414904,8.818778169,8.98844604,2,-97.65521,32.47681,10,7
11.35770922,14.54296254,1.398495372,14.29569345,7.931644021,8.902591637,8.694502206,9.22818029,5,-97.78619,32.37976,10,7
13.3606493,14.62510655,-0.418177203,15.56550071,7.997663127,9.303375238,9.002701007,9.099297073,8,-97.32228,32.97472,10,13
12.54781668,15.29725145,-0.234795478,15.05850194,7.857867559,9.128153701,8.773848885,9.1461218,6,-97.6298,32.40746,10,7
13.45152323,14.06486752,-0.451736007,15.26966215,7.400620577,9.179778066,8.867850063,8.986446539,10,-97.50018,33.02032,10,14
13.57770504,14.27405124,2.10694706,15.23630344,7.329093736,9.229358378,9.003316203,9.16753725,5,-97.24392,32.53647,10,9
13.75617873,14.58785239,-0.918432255,15.47867841,7.458186157,9.249753374,8.972717499,9.102866514,6,-97.24397,32.53654,10,9
13.44820358,13.96191042,1.137761834,14.98017647,8.085486772,9.21949831,9.009325173,9.245224774,8,-97.24946,32.51907,10,9
13.56036021,12.57644929,1.167898803,15.28249096,8.160232492,9.310638093,8.853665428,9.416622566,11,-97.60712,32.72358,10,11
12.70175316,14.05939747,1.107908814,15.28736086,7.340835554,9.104424146,8.874867636,9.042868018,12,-97.57591,33.00951,10,14
12.89011853,14.48615647,2.046401728,15.08632167,7.911324019,9.316590492,9.050054242,9.11778639,3,-97.2671,32.3311,10,9
13.05292541,14.771022,1.728327556,14.78990566,6.313548046,9.293301893,9.005773206,9.101863896,2,-97.24133,32.44357,10,9
12.89608241,14.19668297,0.678645783,14.8238808,6.692083743,9.186252576,8.976514972,9.324561516,2,-97.27538,32.41688,10,9
13.30537636,14.38106411,1.448102487,15.32636384,8.135346949,9.225622996,8.987196821,9.27799902,6,-97.52283,33.2031,10,14
12.56558107,17.87317385,0.44307355,15.26493182,7.334981879,9.193499355,8.756052599,9.234740259,2,-97.63147,32.37464,10,7
11.27114685,13.89173058,1.297625851,13.98378897,8.116715625,8.897955687,8.635864721,9.099297073,7,-97.9536,32.84539,10,11
13.41874103,13.71361071,0.512881398,14.48968183,8.002694162,9.108418382,8.893572719,9.189831495,7,-97.29082,32.7563,10,13
13.05117023,13.74616048,1.88543225,15.17370298,7.941295571,9.447150114,9.012864567,9.213335881,8,-97.2266,32.29811,10,9
13.35387343,10.90145043,0.865116178,15.10573115,7.596392304,9.358760377,9.005773206,9.383368882,3,-97.21924,32.69873,10,13
12.74204834,15.09555512,0.909168177,14.78059145,8.403800504,9.05134464,8.749890956,9.222367752,4,-97.63608,32.40132,10,7
13.46376487,14.0629525,2.537304414,13.99783211,7.996317232,9.388486557,9.057189192,9.240869577,3,-97.23327,32.87331,10,13
12.87264482,14.02556887,1.113913209,15.00729984,7.730174795,9.17543832,8.942068693,9.18049953,9,-97.44635,32.95853,10,13
13.21659297,13.9164684,1.499968099,14.80960642,7.760467029,9.227787286,8.872907674,9.073947747,6,-97.45832,32.39554,10,9
13.17883255,13.90577165,2.616301008,14.68654448,7.587310506,9.271341394,8.91918561,9.340666634,6,-97.42636,32.53417,10,9
11.91058015,14.50603029,2.481659849,15.27727596,8.01466637,9.40516675,9.030016818,9.28924397,8,-97.06435,32.88479,10,13
12.13779916,13.83648896,1.117281019,14.71455421,7.783640596,9.1146001,8.942460927,9.106645136,7,-97.4878,33.11021,10,14
13.05135061,14.05255701,0.873683128,14.85992006,7.45007957,9.244741799,9.017483513,9.267193184,4,-97.37517,33.10595,10,3
12.91597123,13.65967513,1.419312698,14.77065424,7.711996507,9.200087996,8.823206221,9.086363192,12,-97.58095,32.60924,10,11
12.78428866,13.83197428,2.141114397,15.04961656,6.368187186,9.185535253,8.857941985,9.365205083,4,-97.61098,32.73772,10,11
12.06830945,14.75504896,1.607112506,14.54715223,7.570958583,9.122710622,8.757783656,9.326344048,9,-97.7976,32.37164,10,7
13.01800236,14.42587378,1.811385685,14.60257422,7.997326823,9.260082464,9.106090351,9.038246335,6,-97.11837,33.05215,10,3
12.99949946,14.07463882,1.593818444,15.26770782,8.14612951,9.270964994,8.860782896,9.165552189,12,-97.56965,32.76406,10,11
13.42775766,14.53359422,1.128169442,14.84856407,7.122059882,9.243775148,9.027618735,9.103868127,12,-97.24503,32.47932,10,9
12.93227252,14.43298816,1.123974388,14.99513493,7.313220387,9.282940064,8.970177815,9.22177475,4,-97.30371,32.39338,10,9
12.20693228,13.32166004,1.632069699,14.01382357,7.712890961,9.185125123,8.885440912,9.155672971,2,-97.46344,32.34841,10,9
13.04176268,14.03062194,1.725084635,14.84113701,7.14440718,9.165970424,8.844624683,9.445491542,9,-97.50934,32.40309,10,9
13.01832421,14.29050173,1.563184156,14.59666862,7.790696031,9.219399216,9.001222992,9.092457331,7,-97.22559,32.45076,10,9
13.12107254,14.57848226,0.564537859,15.37844537,7.452402451,9.429074215,9.013108202,9.21949831,5,-97.25244,32.35097,10,9
12.81013448,14.19975203,1.124139313,14.98939914,7.77148876,9.226213721,9.084550366,9.279866435,6,-97.20269,33.17298,10,3
14.041912,14.5555127,2.921828439,15.26659638,7.201916318,9.182763604,8.884887202,9.330875174,6,-97.50909,32.97445,10,13
12.86526482,14.77715699,1.578798042,15.43660863,7.356279877,9.274628862,8.909910727,9.167015247,12,-97.43236,32.95391,10,13
12.86009951,14.89392014,2.160706455,15.55789594,7.497207223,9.206733876,8.933268479,9.226213721,3,-97.37144,33.00149,10,3
12.94827186,15.10518388,1.248959435,14.86855628,7.551186867,9.296242801,9.049584593,9.212837252,6,-97.19733,32.4272,10,9
13.8701777,11.16895519,0.955053784,12.15541073,7.377758908,9.325987796,9.014933576,9.234642664,8,-97.20986,32.72388,10,13
12.18011874,15.1952837,1.800219265,14.95432961,7.902487437,9.211439767,8.73777346,9.150590368,13,-97.59644,32.23762,10,9
13.48166028,14.91139346,2.009253098,15.14689985,7.572502985,9.280519207,9.004668302,9.196038587,11,-97.23859,32.57499,10,13
12.29643881,15.14819315,0.504656385,15.17337304,8.093156698,9.412464556,8.975883061,9.057189192,7,-97.27043,32.47856,10,9
13.105087,13.86430072,1.710369408,14.53067654,7.757906208,9.167432871,8.938400406,9.18860588,8,-97.36155,32.51616,10,9
13.32096339,14.57706377,1.609632654,15.03725334,8.108021221,9.233666197,8.99974279,9.250906334,7,-97.2386,32.57488,10,13
13.06181263,14.9967588,1.234597702,15.35253776,7.851271997,9.332558005,8.963800243,9.231024963,5,-97.38331,33.20519,10,3
12.1828859,14.13477705,1.213030843,14.96711749,8.088868789,9.183482918,8.902455592,9.157993892,4,-97.45362,32.9627,10,13
11.7558638,13.93329359,2.337893479,14.908668,7.509335266,9.082507,8.874867636,9.316590492,5,-97.67774,33.28173,10,14
11.84810401,14.0855377,0.121789365,15.07621789,8.112527763,9.124782484,8.874867636,9.183174704,13,-97.68007,33.28168,10,14
12.85095615,14.73849881,-0.439615993,14.52435292,7.621195163,9.057189192,8.850517622,9.222960403,3,-97.54914,32.42971,10,9
13.33878519,14.22215697,1.830032908,15.39267607,8.369620827,9.203617826,8.853522561,9.130972437,5,-97.4559,32.9211,10,13
13.24923565,14.14438256,0.197840104,14.98076603,7.493317249,9.225031921,8.89192414,9.372459221,12,-97.57042,32.76691,10,11
12.50990731,14.42059126,2.402885726,15.60114632,7.860185057,9.30655923,8.908694593,9.227197489,13,-97.43108,32.37534,10,9
13.15053287,13.79009941,1.305920872,14.60113938,7.437795122,9.170247278,8.823206221,9.014933576,4,-97.51281,32.78389,10,13
11.96131595,14.49911233,0.889733627,14.46012169,7.987184748,8.987696696,8.820256366,9.0932446,8,-97.48763,32.29928,10,9
13.16667113,14.05908399,0.064792165,15.19940705,8.443115988,9.299723933,8.873468055,9.113058249,9,-97.59463,32.71431,10,11
12.70087254,14.64562447,0.753447793,15.13375089,7.563719668,9.092907275,8.810161268,9.055672892,10,-97.57836,32.3177,11,9
10.68795971,14.680508,1.884358386,15.76142871,7.605890001,9.296518068,9.120962561,9.328212293,6,-97.15987,33.16542,11,3
12.93027508,13.39528708,1.802915646,14.12370677,7.745002804,9.067277989,8.977525201,9.168997408,7,-97.33224,32.9444,11,13
11.47007015,13.57548785,0.908421148,14.56362971,7.562681247,9.051930635,8.863615759,9.147400572,12,-97.54143,32.93836,11,13
12.76967192,14.62082906,2.272282373,12.26434155,6.682108597,9.168267596,8.897408865,9.091556836,3,-97.48321,32.47642,11,9
12.58328916,14.64231412,1.049102952,15.84608533,7.467371067,9.434603297,9.107975365,9.298900549,3,-97.28919,33.30879,11,3
13.26424481,14.27751226,2.59982527,16.7615863,7.695303135,9.170039075,8.809862805,9.0654302,4,-97.53742,32.33162,11,9
12.76911968,14.06171104,2.067989877,15.19700442,8.141481041,9.324293862,9.151651376,9.193194213,8,-97.12365,33.14443,11,3
13.27483207,13.98074106,1.678485909,14.51420632,7.575584652,9.158941809,9.007612005,9.244741799,4,-97.39213,32.84119,11,13
12.90194361,13.56051508,0.796864937,14.62066859,7.729735331,9.142061531,9.011889433,9.126306376,8,-97.39309,32.88217,11,13
12.16881201,13.99933099,1.372971057,11.40447128,8.156797047,9.240675572,8.98431768,9.211839248,2,-97.29815,32.95489,11,13
12.101212,14.05354272,1.705613674,14.84333408,7.315883505,9.069928218,8.926118971,9.350537002,13,-97.38816,33.01017,11,3
12.72004232,14.05444872,1.172711642,14.94948999,8.189244526,9.14889041,8.981052986,9.320091236,7,-97.22268,32.32271,11,9
12.36958084,14.2787413,1.183553033,15.26656685,7.445417557,9.173053787,8.923990745,9.251674235,6,-97.37797,32.30286,11,9
12.27008447,14.77970878,1.609333036,14.98017834,6.860663671,9.341368634,9.053686562,9.133459328,4,-97.10418,32.45825,11,9
12.78985408,14.70413652,1.124835993,11.91839057,8.188689124,9.100525506,8.837826364,9.152181458,6,-97.56555,32.50776,11,9
13.74764277,14.89555689,-0.705741748,15.19406252,8.049107721,9.345308232,9.033006357,9.248887782,8,-97.13261,32.53248,11,9
13.49027891,15.29006645,1.410040831,12.51433645,8.266935348,9.391744842,9.01978501,9.078407701,6,-97.17002,32.49355,11,9
12.13471627,14.40796686,1.237819445,14.00366838,7.738052298,9.005773206,8.740336743,9.157993892,12,-98.02077,32.97532,11,11
12.62742095,14.72379331,1.650648442,14.9153481,8.116715625,9.148464968,8.851090688,9.186662245,13,-97.56943,32.39411,11,9
12.95797447,14.59543159,2.066705228,14.89591271,7.7419679,9.165865882,8.966994113,9.394576761,13,-97.28126,32.41959,11,9
13.06916511,14.47792014,1.456318628,14.76392069,6.958448393,9.104201776,8.85509298,9.18152929,4,-97.49805,32.43653,11,9
12.10048988,14.221057,0.030235152,11.08214255,7.984121959,8.915969311,8.630521877,9.165865882,8,-98.05234,32.44141,11,5
13.07064052,14.75194112,2.91208761,15.61595322,7.662467815,9.220290703,8.95493186,9.453600227,9,-97.36485,33.01731,11,3
12.09829254,13.32124374,0.052224483,14.21159985,7.756623335,9.172846168,8.870241567,9.306014122,9,-97.49664,32.40424,11,9
11.7957181,13.72514812,0.518268589,14.93292105,7.497761701,9.14259672,8.9226583,9.265775079,6,-97.41621,32.87597,11,13
11.76988283,13.23229344,0.718904458,14.04655561,7.880048201,9.032648084,8.864464055,9.087155271,11,-97.54206,32.70234,11,13
12.01193556,14.17876382,1.894289051,14.45024124,7.146772179,9.076808979,8.809862805,9.304194947,6,-97.69361,32.77194,11,11
11.95644394,13.64507805,0.599364516,14.34675156,7.598399329,9.106090351,8.834045641,9.182866395,6,-97.63593,32.73251,11,11
12.93090501,13.66735852,1.997025921,14.56132039,7.921898411,9.166910814,8.978786553,9.27967985,11,-97.27773,32.62226,11,13
11.93992373,14.20822809,2.703939339,14.58826805,7.645875825,9.101863896,8.959311617,9.052750451,3,-97.1862,32.53695,11,9
13.25189227,13.30558453,2.976568471,14.2887963,7.544332108,9.189423124,8.919988071,9.167015247,11,-97.4528,32.93392,11,13
13.19127731,14.88039369,1.715577162,15.14853915,7.635303886,9.308555419,9.062999784,9.111624399,7,-97.21651,32.28433,11,9
12.90637914,14.3205193,0.73742221,12.48521839,7.763871288,9.261983605,9.031213706,9.35322786,12,-97.19485,32.38066,11,9
12.59452383,14.69048334,-0.171049145,15.67981671,8.246433786,9.292565312,8.929302842,9.03990786,2,-97.30323,32.64402,11,13
9.775085838,13.01700286,1.880872325,14.17390083,7.830028083,9.082507,8.877939835,9.089979015,4,-97.36314,32.1482,11,6
13.98830269,13.69432549,1.847927242,14.8258707,8.160518247,9.144521031,8.844336333,9.052399184,6,-97.54514,32.96601,11,11
12.57302905,13.61229218,1.844205052,14.66929335,7.520234556,9.15324078,8.822911626,9.00797936,11,-97.6072,32.59809,11,11
11.88963438,13.88054895,1.271778254,14.56398648,7.167037877,9.242904363,8.888756748,9.072571442,8,-97.43115,32.21296,11,9
12.71741014,13.71569022,1.496430693,14.80469853,7.671360923,9.114049712,8.888756748,9.092569836,8,-97.42709,32.57305,11,13
12.42447297,14.554109,2.156950184,15.48215115,7.40367029,9.253399861,8.994048296,9.162724518,10,-97.2845,32.21649,11,6
12.26124715,14.681952,0.123307167,14.66029498,7.684324068,9.133459328,8.815815204,9.155778584,10,-97.59556,32.38375,11,9
12.03245708,14.5465752,0.39259923,14.42759301,7.495541944,9.081938657,8.810608796,9.253591414,6,-97.5588,32.44906,11,9
13.05645859,15.10575096,2.027114987,15.04386959,7.861341796,9.129130317,8.895629627,9.285726099,8,-97.48923,32.44177,11,9
12.73062364,15.25741203,1.268327983,12.3883942,7.937374696,9.262932822,9.035986985,9.182249492,4,-97.11441,32.45554,11,9
12.29096971,15.15310038,-0.559790187,11.8493977,7.385230923,9.093806556,8.867850063,9.129347213,4,-97.47975,32.51824,11,9
12.69480602,14.60182289,0.122277347,14.56999458,7.484930283,9.398478314,8.994668836,9.347838885,7,-97.4845,32.44186,11,9
12.60727535,14.97106226,1.028151539,11.98604922,7.73280753,9.301094735,9.047468439,9.242323418,6,-97.12923,32.51321,11,9
13.54149599,15.01758486,0.960880757,14.94490226,7.083387848,9.094368196,8.820994646,9.113829472,14,-97.51966,32.4451,11,9
13.28697741,15.41938824,1.741413879,15.42366925,7.797702036,9.227394127,9.035986985,9.100525506,12,-97.12911,32.4559,11,9
12.48903861,14.11975472,2.094022115,15.08576761,7.410951876,9.173157581,8.995288991,9.1616752,8,-97.2475,32.26747,11,9
11.28236699,13.65310927,0.845677613,14.64092471,7.769800996,9.121727714,8.800867242,9.301459965,12,-97.74749,32.79498,11,11
12.69900208,13.92113104,-0.799194493,14.7282534,7.737180078,9.083075021,8.822322177,9.045583646,6,-97.73497,32.73539,11,11
12.9543754,14.48906709,2.338417144,15.41574505,6.697034248,9.212338375,8.950273467,9.212637731,8,-97.26933,33.0059,11,3
12.65164589,14.12607873,2.158136128,15.12863082,7.779048645,9.138414632,8.943767263,9.113278659,6,-97.27213,32.99969,11,3
12.48507844,13.24257369,2.205377923,14.51887338,7.845807503,9.160204302,8.853665428,9.188094763,12,-97.59279,32.76825,11,11
12.18786285,13.59123762,1.561107607,10.75064255,8.096208272,9.192278229,8.796641459,9.188503677,8,-97.59118,32.63241,11,11
12.95237189,13.6382243,1.326049242,14.35926522,7.689371108,9.051110146,8.856518497,9.083075021,6,-97.49245,32.99699,11,14
12.58188235,13.73714245,1.314728873,14.37121471,7.7419679,9.187890243,8.823942327,9.222268943,8,-97.55663,32.76943,11,11
13.03836419,13.38755441,1.654546278,14.28542918,7.744136628,9.198874894,8.906122331,9.276876896,6,-97.61099,32.73759,11,11
12.3962921,14.60435421,1.983884405,14.2364513,7.409741954,9.090993614,8.741136423,9.169518377,11,-98.02649,33.10959,11,8
12.98392166,15.29015823,0.773627508,14.51115462,7.845024417,9.253399861,8.812099109,9.206231944,12,-97.54594,32.35283,11,9
11.3986139,13.53843866,1.235423387,14.69148917,7.521859252,9.073374517,8.87626526,9.227983807,9,-97.574,32.86153,11,11
13.32118145,13.34991321,1.024860069,14.50792147,7.468513271,9.138522084,8.861208337,9.251194366,4,-97.57032,32.77715,11,11
11.48985129,13.79004094,3.144174245,14.50159687,7.045776577,9.105424202,8.996528148,9.104090572,9,-97.18706,32.2892,11,9
11.85013315,13.98424354,2.451243185,14.58863644,7.94944442,9.179984252,8.948975608,9.147932912,3,-97.34962,32.14131,11,6
12.72532169,14.19407575,1.664397375,14.75018173,7.01571242,9.195632743,9.088172738,9.181940897,7,-97.19012,32.32246,11,9
13.09963503,15.143646,0.337507749,15.51188954,7.23417718,9.123474439,8.789660098,9.103868127,2,-97.64614,32.45472,11,7
12.90941518,14.78477317,0.003474846,15.09996985,7.295056416,9.13798471,8.711937268,9.073374517,10,-97.63839,32.37145,11,7
12.69334199,14.87607478,0.566675693,15.11730366,7.20489251,9.043340831,8.797095077,9.163248764,5,-97.62784,32.33941,11,7
12.22927635,14.83291279,0.778588808,15.10470188,7.832807517,9.012133306,8.749890956,9.137769679,3,-97.64891,32.46754,11,7
12.50810131,14.75450168,0.713826864,15.02155921,6.962243464,8.987446789,8.586719254,9.185022564,4,-97.86128,32.51658,11,7
12.50000639,14.79910474,2.328243552,14.01025463,7.26961675,9.242807562,9.040026434,9.20140053,5,-97.13014,32.51203,11,9
13.56884758,15.38228749,1.570244013,11.72803684,7.261927093,9.379576689,9.00675432,9.133675287,5,-97.17168,32.49325,11,9
12.45664068,14.3677138,2.072715126,13.30468493,7.707961532,9.034199674,8.86092473,9.145268375,7,-97.43296,32.33733,11,9
13.10379403,14.90406308,0.540445537,14.37512635,7.499976541,9.134538659,8.894258825,9.053920453,2,-97.54925,32.4224,11,9
12.77631746,14.97887135,2.310074287,14.00604827,7.632885505,9.314249835,8.822469572,9.022322623,6,-97.58534,32.49047,11,9
13.30362938,15.1268758,2.437105995,14.60396792,7.707961532,9.262932822,8.86220033,8.999619341,11,-97.44493,32.52592,11,9
13.66695254,15.03811737,0.962630903,12.3883942,7.050989447,9.414912538,9.053920453,9.31352853,13,-97.12936,32.51056,11,9
12.66351332,14.50827717,1.004670244,11.69524702,7.880048201,9.186559843,8.852378887,9.432683603,11,-97.5526,32.25067,11,9
12.66907054,14.73487935,1.302870269,11.40756495,7.804659297,9.165865882,8.850804196,9.070388412,8,-97.56307,32.43161,11,9
12.83592586,15.2252824,2.867606183,13.86430548,7.830425618,9.230142999,8.790269111,9.155884186,12,-97.54628,32.35264,11,9
13.0709985,15.25016975,2.249718094,13.8204981,7.498315871,9.230142999,8.798605651,9.328123408,11,-97.54615,32.35271,11,9
13.28312416,14.89408713,1.980468618,12.10071213,7.623153068,9.295140974,9.024010794,9.327945614,9,-97.14769,32.5316,11,9
12.91201512,14.75368019,-0.53590787,13.71015004,6.71417053,8.994544758,8.793156871,9.426177295,11,-97.59216,32.39023,11,9
12.95338836,14.88372515,1.412751011,11.91839057,7.768956045,9.388486557,9.121509158,9.205227323,9,-97.09015,32.47746,11,9
11.42294605,14.74791083,-0.693009135,14.9150684,8.048788284,9.053452616,8.765458532,9.183482918,14,-97.57545,32.34312,11,9
12.61337274,15.28429693,0.775947871,13.99783211,7.095893221,9.200290036,8.846496939,9.264828557,12,-97.57369,32.53935,11,9
13.22669637,14.58513718,1.993081048,14.77821606,7.719573989,9.190137665,8.948975608,9.254357257,12,-97.49919,32.46686,11,9
12.87734991,14.54048775,1.687893643,14.86033873,7.624618986,9.201097791,8.758412389,9.310004695,7,-97.57948,32.2506,11,9
12.39763058,15.38696183,2.98136016,15.25591661,7.515344571,9.244741799,8.787220329,9.437874272,12,-97.60951,32.38183,11,9
13.59057415,15.48979494,0.716576672,15.31497422,7.053585727,9.226705726,8.791029857,9.182969175,6,-97.51359,32.4051,11,9
13.10483871,14.78686545,1.661093481,15.01563075,7.503289631,9.365890073,9.048997222,9.222960403,7,-97.14763,32.53166,11,9
12.64818464,15.3532677,2.283221326,14.98431784,6.80461452,9.29007534,8.843615092,9.207736986,10,-97.57344,32.48771,11,9
12.79324245,14.91851751,1.814239182,14.52733326,7.985143931,9.035748861,8.906528918,9.212338375,13,-98.05257,32.42123,11,5
12.45704146,14.05919058,2.040879973,14.37231096,7.803843304,9.014325488,8.567886306,9.143666239,5,-98.04709,32.43234,11,5
12.8079567,15.23069675,0.190439336,14.84044904,7.426549072,9.198065341,8.759040728,9.262932822,9,-97.57956,32.25062,11,9
12.80896684,14.80949021,1.657807807,14.72931179,7.51479976,9.082279702,8.776784384,9.237177026,12,-97.59223,32.39023,11,9
13.14975868,15.02434015,1.275818755,14.88446126,7.902487437,9.132919225,8.840001066,9.394327208,7,-97.4842,32.47558,11,9
12.87523958,14.92795803,2.206338653,14.80759943,7.804659297,9.161150128,8.834919385,9.302646043,8,-97.48321,32.47601,11,9
12.95114317,13.58698505,1.406700433,14.75580684,8.119696253,9.120415664,8.861633598,9.012499004,13,-97.32589,32.95914,11,13
13.31134769,14.14373459,0.277841381,15.1685821,7.720461695,9.14889041,8.909235279,9.103868127,9,-97.57271,33.1025,11,14
13.49427032,14.67290018,0.581828273,15.2748681,6.834108739,9.32134493,9.011889433,9.088172738,2,-97.2263,32.29793,11,9
12.17790977,13.6544024,0.608613702,14.61235267,7.813995675,9.092457331,8.832441792,9.327767789,6,-97.52589,32.83225,11,13
12.80284383,14.13585341,1.365937607,14.91215291,7.570443252,8.952217102,8.796338933,9.302463661,12,-97.49697,32.30814,11,9
11.87365817,13.79938118,0.445645732,15.00191575,7.941295571,9.259511416,9.097171674,9.152817186,4,-97.29845,33.29989,11,3
12.05152189,14.6724164,1.599539949,14.92858838,7.757906208,9.146974496,8.896177422,9.275659838,9,-97.65135,32.40591,11,7
12.17924087,14.58561878,2.231863409,15.19309157,7.905072849,9.178540059,8.843615092,9.236982303,8,-97.57265,32.65317,11,11
12.82957496,14.41451188,1.219374899,14.72249573,7.3524411,9.185535253,8.981555941,9.322150047,9,-97.31965,32.44689,11,9
13.6095633,14.41407559,1.34923456,15.32096035,7.957177323,9.226213721,8.933927892,9.112727543,11,-97.4235,32.94102,11,13
11.1370677,14.84490674,1.042168601,15.66283718,6.986566459,9.336973023,9.121071904,9.174298601,9,-97.26209,33.30389,11,3
13.35282409,14.47922893,0.281574349,15.53101478,7.602900462,9.261223582,8.956737613,9.185022564,6,-97.34243,33.01608,11,3
12.45386198,14.44651634,2.448270352,15.06051148,6.860663671,9.11195547,8.759354749,9.173780117,8,-97.55442,32.21562,11,9
12.59603148,13.73570949,1.442275429,14.92506674,7.684783944,9.273784545,9.013108202,9.236008119,9,-97.25559,32.19284,11,6
13.11098691,14.19189009,1.722259199,14.95017894,7.210818453,9.124019666,8.915029272,9.193601048,13,-97.39252,32.43122,11,9
11.31487688,12.61153775,0.22727414,13.30889605,7.825644732,8.968523555,8.70450229,9.235520671,9,-98.07796,33.19011,11,8
11.38618241,13.31856483,1.721841317,13.99652126,7.599901959,9.032767522,8.817297784,9.345308232,4,-98.07763,33.18993,11,8
13.48902667,15.38648515,2.090936397,15.23434084,8.022240917,9.064736398,8.897408865,9.137769679,5,-97.46181,32.51761,11,9
13.5184917,15.04446081,-1.85097931,15.13875649,7.276556403,9.340051978,9.057771773,9.29035231,8,-97.10804,32.5271,11,9
12.61662479,14.68122395,1.52640721,14.42605626,7.933438388,9.018574356,8.845777255,9.133027269,6,-97.48868,32.47019,11,9
13.09808503,13.8244703,0.912275459,11.14186178,7.016609684,9.023287641,8.845057054,9.191361405,9,-97.51846,32.82792,11,13
13.16380662,13.4772367,1.955337801,14.29815644,8.041412909,9.271247307,8.940236232,9.11018849,6,-97.44295,32.40337,11,9
12.86257918,13.34614672,0.199704245,14.15945765,7.943782692,9.268043082,8.976767625,9.196241448,7,-97.44327,32.40345,11,9
12.8109431,14.43015551,0.386130585,15.20530927,7.074963198,9.298625937,8.945723572,9.205528815,8,-97.38747,32.59566,11,13
11.41743827,14.1295911,0.978706658,14.77800296,7.650644551,9.199582715,8.962391702,9.148464968,6,-97.19517,32.78819,11,13
10.85481719,13.9552725,1.996250516,14.68901904,7.286876412,9.063810579,8.880168248,9.037771107,8,-97.42664,32.61775,11,13
13.05058377,14.19791173,1.116666118,15.13294186,7.714231145,9.157045075,8.903543436,9.284334052,12,-97.37031,32.561,11,13
12.93452423,14.29941709,1.350467584,15.07907102,7.687080156,9.210640327,8.936955604,9.305650552,8,-97.26834,32.8459,11,13
13.29050825,15.02238186,2.727209979,15.06791632,7.489970899,9.184509612,9.013108202,9.258177701,2,-97.14729,32.54327,11,9
12.50896963,15.22791117,1.853162418,14.79928871,8.214194415,9.200290036,8.760923376,9.08545719,8,-98.01287,33.11815,11,8
12.52319458,14.95804722,2.544738118,15.19087693,5.455321115,9.202509793,9.006386515,9.217315986,7,-97.13439,32.43998,11,9
13.11157135,15.21631169,-0.364409136,15.17922336,7.929126487,9.24009333,9.037295652,9.287116211,8,-97.10009,32.49016,11,9
12.72664165,15.4790578,1.648590143,15.14276857,7.767263997,9.289613553,8.728264161,9.074520649,8,-97.61729,32.39656,11,7
12.95702164,15.17137793,1.653944532,14.93860275,7.739794458,9.050758302,8.835646923,9.210540352,8,-97.52893,32.51447,11,9
13.46088494,15.57309258,1.761629894,15.26899617,7.580699752,9.315420848,8.896040502,9.007489524,6,-97.4618,32.51809,11,9
12.41595668,14.99449535,1.559361038,13.59236701,7.820037989,8.89192414,8.666130304,9.407960966,9,-97.70853,32.36921,11,7
13.77495207,15.26030965,1.239611541,15.17076307,7.499976541,9.363061459,8.961879013,9.333442569,13,-97.30834,32.4115,11,9
13.57776212,15.23034378,1.497862047,15.05746619,7.411556288,9.400960732,9.010669177,9.335650563,7,-97.15267,32.46497,11,9
13.03533818,14.6903566,1.986695376,14.63498814,6.91770561,9.058004711,8.821584877,9.306104994,8,-97.56036,32.40937,11,9
12.0878689,12.53562456,1.965878755,14.40894458,7.433075349,9.03586793,8.592486175,9.261413642,12,-98.04709,32.43227,11,5
11.55202117,14.62911054,1.864297561,14.15345599,7.126890809,8.795582217,8.510168576,9.142168592,11,-98.02355,32.23258,11,5
12.68160471,15.24999776,0.133820984,15.44339253,7.636269603,9.270023374,9.084210095,9.37041632,8,-97.19027,32.1443,11,6
12.77902482,13.8072697,-1.594589311,13.6307388,7.069874128,9.369052063,9.036819971,9.413934064,11,-97.13516,32.52134,11,9
12.63992759,15.14645076,1.341264345,14.82718419,7.092573716,9.192176401,8.818334284,9.108307646,9,-97.51199,32.22555,11,9
12.3428606,15.0836158,1.396937056,14.72348279,8.051978079,9.015541294,8.827174771,9.036582046,8,-97.58792,32.3716,11,9
12.10621364,14.9033315,-0.274334897,14.53063447,7.984462732,9.130214327,8.750683035,9.054855469,12,-98.03487,33.1408,11,8
12.83687623,14.72230878,1.293451932,12.25486281,6.949856455,9.179881164,8.853665428,9.052282067,10,-97.51207,32.22557,11,9
11.3883255,14.30507169,1.291728495,13.98823117,7.643961949,9.139703292,8.795884972,9.478074807,13,-97.54534,32.18912,11,9
13.4394489,15.11617622,0.933569849,15.27701304,8.154787573,9.167954655,9.01978501,9.381263884,2,-97.12825,32.4961,11,9
13.94299043,15.59755634,1.247709008,15.3730175,7.525100746,9.381432447,8.959825624,9.2043223,11,-97.34716,32.46482,11,9
14.01301461,15.42402805,0.119704254,15.26961729,7.804251384,9.324561516,8.960082528,9.198773736,7,-97.26186,32.44913,11,9
12.92800649,15.13639402,1.82889894,14.8662098,8.085794701,9.055556158,8.824971966,9.134970065,7,-97.58237,32.49318,11,9
13.56578558,14.94526001,1.933283656,15.08766767,8.061802275,9.181838012,9.004299729,9.195835686,3,-97.12693,32.54153,11,9
13.25550169,15.43927338,2.215887496,12.54254488,7.913155186,9.053101596,8.859221394,9.151651376,7,-97.46958,32.50927,11,9
12.85398708,14.57939575,2.012391674,14.38237997,7.251344983,9.180705567,8.939580967,9.073374517,13,-97.40632,32.4981,11,9
12.05338173,13.97992269,1.341478238,14.79266231,7.372746366,9.097619502,8.699848026,9.178849705,9,-97.79445,32.51332,11,7
12.61508811,13.99357306,2.459862166,14.47515266,7.592870288,9.07463519,8.803874764,9.197457746,7,-97.72931,32.7352,11,11
12.22296418,13.85588445,1.581470944,14.71786462,7.825644732,9.129238771,8.898775359,9.100525506,11,-97.35582,32.61125,11,13
12.72616619,14.22817171,2.53887759,15.24546193,7.622174595,9.305650552,9.126523886,9.109303828,4,-97.22043,33.17141,11,3
12.79855106,14.48972973,0.937350819,15.43542183,7.847371836,9.164715194,8.939580967,9.251002354,13,-97.4476,33.00616,11,14
13.23501862,14.24469219,1.238387942,14.99017792,7.025538315,9.01005849,8.882114044,9.165865882,8,-97.39306,32.27895,11,9
13.13006564,14.61234185,1.349549209,15.46215177,7.879291485,9.253591414,8.955448122,9.252153875,7,-97.39871,32.99308,11,14
12.84722365,14.55219604,0.430285471,15.30249469,8.166784289,9.336973023,9.041448235,9.300181076,6,-97.38144,33.15029,11,3
13.06209307,13.9915625,0.496519421,14.90849906,7.775275846,9.144627829,8.919453169,9.035986985,9,-97.50805,33.09739,11,14
11.99480208,13.64984433,1.829185524,14.50199862,7.563719668,9.045583646,8.958925939,9.359191319,9,-97.25898,32.64985,11,13
12.31265092,14.40029271,1.464918803,14.72172429,7.528869257,9.235032985,9.033603193,9.053686562,2,-97.20178,32.28725,11,9
12.59814852,14.40329722,0.920005541,15.19276468,7.758760544,9.256173788,8.957896735,9.228082053,6,-97.42384,32.45054,11,9
11.46271579,14.38672962,0.926296224,14.19762515,7.575584652,9.073947747,8.842893331,9.237955539,12,-97.67725,32.95485,11,11
13.37219248,14.66309409,0.439091777,15.67907986,7.403061091,9.398478314,9.071078305,9.133243322,8,-97.32274,32.97472,11,13
11.8611851,13.96908965,2.59876559,14.90617333,7.858640656,9.156728603,8.948975608,9.254739959,10,-97.25547,32.97126,11,13
12.15839911,13.85857005,2.167605492,11.06311654,7.760893196,9.141418927,8.965079015,9.304012848,5,-97.25527,32.97126,11,13
12.71807258,14.40281377,2.202470175,9.798127037,7.75319427,9.112948026,8.860782896,9.185022564,2,-97.67621,33.0812,11,14
12.46711681,14.70725529,0.913783004,15.25583798,7.331060305,9.189423124,8.785692444,9.256937657,7,-97.83866,32.7827,11,11
12.70190544,15.58584208,-0.564795103,15.57891342,7.794823152,9.430037993,9.110630528,8.9717024,8,-97.19207,32.10866,11,6
12.09916093,14.82521877,1.026155562,14.41907542,7.567345676,9.092682329,8.586719254,9.411647229,8,-98.05093,32.42776,11,5
12.04694209,15.09394127,0.40777714,14.70071178,7.661527081,9.098290868,8.58485184,9.167432871,7,-98.05301,32.41782,11,5
12.48312467,15.28338491,1.868612598,15.12662383,8.004031508,9.234056899,8.681859813,9.150590368,9,-97.71775,32.37811,11,7
13.43699892,15.27542706,2.189925979,15.50103802,7.527255919,9.395158809,9.049584593,9.118334726,3,-97.1613,32.44189,11,9
12.08920731,14.8636713,1.564448314,14.3025151,7.497761701,9.12858787,8.778479953,9.198267791,3,-97.99532,33.12435,11,8
12.47150911,14.0899554,-0.406118511,15.16147968,7.726212651,9.324383088,8.824677891,9.079776002,8,-97.58595,32.68488,11,11
12.73206665,14.04344263,1.010532911,15.24604475,7.921535632,9.266531652,8.82511897,9.165865882,7,-97.58095,32.6092,11,11
13.16943969,14.07015278,0.673695903,15.24071645,7.407924323,9.287116211,8.870663004,9.19258365,5,-97.59173,32.61068,11,11
12.30347609,13.8655761,0.505937268,14.63937806,7.53369371,9.129455643,8.854950317,9.299266581,9,-97.59551,32.48934,11,9
12.82699047,11.53272809,0.732572144,14.28381149,7.495541944,9.26860928,8.932080438,9.281544131,14,-97.44932,32.42592,11,9
13.33462231,13.83903175,1.118841802,14.62820455,8.137980454,9.21592475,9.071078305,9.100860271,12,-97.08448,32.56744,11,13
11.7700607,13.26153384,2.102918712,13.95135876,8.16251625,8.99751837,8.918784138,9.037176753,11,-97.7269,32.72275,11,11
12.82310523,15.02745153,0.89412366,15.42512805,7.450660796,9.089527752,8.752265314,9.221379219,12,-97.63169,32.37489,11,7
12.92720701,13.83097634,1.104932439,15.00994926,7.475339237,9.131405384,8.894533136,9.360655133,4,-97.40904,32.58072,11,13
12.6580905,14.05747194,1.67302702,14.2639962,7.758760544,9.30063801,9.07222707,9.256078264,7,-97.18076,33.18421,11,3
11.98556312,13.96244757,1.654693089,14.70004062,7.265429723,9.138092208,8.909235279,9.225426009,4,-97.34488,32.14366,11,6
12.71560043,17.80450805,1.497150824,14.74300707,7.681560363,9.239413619,9.064157862,9.085343882,7,-97.19996,32.23045,11,6
13.2241453,14.33776146,2.524891932,15.33719471,7.83873756,9.213734605,8.896588072,9.279119887,8,-97.46688,32.92273,11,13
12.14288255,14.26352161,0.568068845,14.30345847,7.929126487,9.096051226,8.832003931,9.159362817,3,-97.71663,32.93485,11,11
11.35354279,13.61411749,1.09084014,13.39972235,6.9117473,9.00540504,8.80762149,9.216521231,8,-97.59834,32.64175,11,11
12.52305256,13.89367643,1.764108274,14.53493641,8.34640487,9.087042156,8.852235835,9.105646301,8,-97.51986,32.62676,11,13
11.08380271,14.30690868,1.943220874,14.1441119,7.773594467,8.983565234,8.644706512,9.095939112,6,-98.13584,32.48338,11,5
12.49752137,13.84704992,0.83464358,14.90000161,8.062432792,9.230633075,9.099408811,9.233861567,4,-97.13986,32.32661,11,9
12.65853584,12.94800999,1.999741394,13.75157772,8.047829357,9.143345503,8.918784138,9.170143182,12,-97.41384,32.38885,11,9
10.17561173,14.20653862,1.666687152,14.33690098,7.876258882,8.993675787,8.71604405,9.020026965,11,-97.63259,32.13462,11,1
12.43264631,14.95392032,1.279236727,16.66968088,7.275172319,9.021235863,8.706986763,9.101975347,4,-97.6467,32.35382,11,7
12.36050043,13.48686759,0.718383273,14.71176428,6.971668605,9.007244516,8.757783656,9.029777268,5,-97.61949,32.24299,11,12
12.40035159,14.88716267,1.274530643,14.77581205,8.023552392,9.012133306,8.735525186,8.997147152,4,-97.63381,32.34311,11,7
12.97499034,13.65674927,1.783001571,14.61011625,7.092573716,9.12858787,8.767173397,8.795733606,12,-97.596,32.2378,11,9
12.2109358,14.64580758,2.187477198,15.15943329,7.314552832,9.048056709,8.715224042,9.00393102,2,-97.68636,32.38204,11,7
12.1123552,13.9090009,1.407103175,15.12431732,7.7419679,9.242420265,9.089753409,8.990939807,12,-97.40651,33.40471,11,14
11.78199795,14.81753852,0.75595201,11.77528973,7.480428306,9.058354015,8.570733958,9.020873347,9,-98.0678,32.3849,11,5
13.64695817,15.60131902,1.292542488,15.48791613,7.335633982,9.376617232,9.036106025,9.180808569,6,-97.15822,32.40672,11,9
13.36267707,15.42482846,1.248845202,12.3327053,7.527793988,9.37585481,9.035510681,9.059052258,9,-97.12522,32.47786,11,9
13.19554692,15.39201197,-0.485332107,12.52088339,7.784057003,9.357897936,9.03025631,8.709630082,12,-97.12529,32.47783,11,9
12.61717517,14.95667135,1.652093577,11.74606687,7.540621529,9.377971213,9.011889433,9.252249775,6,-97.13446,32.43996,11,9
13.00629911,15.07283454,1.60194994,15.20311256,7.497761701,9.270964994,9.000236434,9.293945956,4,-97.14771,32.54306,11,9
12.64970663,12.86477071,2.227703338,14.71752953,7.118016204,9.128045129,8.793005091,9.058935918,2,-97.7772,32.68404,11,11
12.57921427,15.03131311,2.328141745,14.81676136,7.763871288,9.183482918,8.821437352,9.392495248,7,-97.56397,32.4316,11,9
13.10856867,14.51105486,0.269560024,14.65512411,7.577633833,9.222762892,9.024010794,9.384881741,12,-97.3107,32.46531,11,9
12.59646134,14.83507964,0.813892249,15.00841797,7.496652438,9.189014585,8.853236765,9.377971213,11,-97.56025,32.4109,11,9
11.97974277,14.49090102,1.498572306,14.2303278,6.910750788,9.160940022,8.643825842,9.386811515,8,-98.03618,32.95499,11,11
12.74167673,14.83435788,1.008386195,11.73206099,7.651595574,9.127502094,8.832733592,9.281544131,11,-97.52297,32.4172,11,9
13.48989952,14.70840983,0.855510127,14.83226833,7.322510434,9.256937657,8.945723572,9.129889248,9,-97.33258,32.46667,11,9
11.05369559,14.17388406,0.50061787,13.78680445,7.458186157,9.046055178,8.50512061,9.183482918,11,-98.21171,32.74506,11,10
12.99504578,14.86333574,0.049458188,15.34270013,7.53689713,9.323669057,8.997147152,9.393078509,12,-97.23446,33.09208,11,3
12.17638118,14.20863314,2.200246366,14.93868862,7.823645931,9.249561085,9.104979856,9.120743838,14,-97.11393,33.1171,11,3
11.74630446,13.7718721,1.509061189,15.05366447,7.821643126,9.288504393,9.043577154,9.268420583,12,-97.10875,32.33762,11,9
12.54992473,13.62398679,1.533506265,14.45016809,7.792348924,9.173157581,8.887376485,9.287671715,10,-97.4488,32.3263,11,9
12.56990988,13.55667506,0.095529148,14.39083995,7.496652438,9.20140053,8.873748128,9.242807562,11,-97.44882,32.32634,11,9
12.59083492,13.64051411,2.049685894,14.42660025,7.702556113,9.19573422,8.888204871,9.228769507,9,-97.44884,32.32638,11,9
12.25239787,14.06299544,1.981294271,15.25368032,7.474204806,9.277812087,8.846496939,8.996651979,8,-97.5583,32.75254,11,11
12.39357244,14.08443785,1.561907339,15.1700139,7.576609767,9.155567346,8.86418137,9.184817415,9,-97.52166,32.72871,11,13
12.79325357,14.8885315,1.250633426,14.62159706,7.786136438,9.022805248,8.853236765,9.165343006,3,-97.5145,32.40604,11,9
13.58741225,15.23504625,3.024767459,15.21984717,7.28756064,9.133783249,8.815518424,8.948455992,12,-97.53283,32.403,11,9
13.48476231,15.31714052,1.192114562,15.9543939,7.718685495,9.135940049,8.808817483,8.811801224,9,-97.53284,32.40292,11,9
12.52309991,14.19360447,-0.052799136,15.06610718,7.491087594,9.253399861,9.015055149,9.2023082,8,-97.31585,33.10902,11,3
12.68008386,14.54595352,0.737161625,14.53313472,8.121777419,9.008958312,8.809862805,9.202812106,4,-97.48956,32.34691,11,9
12.90653054,14.1658857,2.114811,14.1900875,7.774855767,8.983439772,8.806873267,9.280892028,7,-97.52227,32.33473,11,9
12.15437401,14.6082768,1.728802455,14.87300289,8.032684876,9.301825062,9.066123521,9.133999139,7,-97.13387,32.45695,11,9
12.9505235,14.48845503,2.203375421,15.35244745,8.213110698,9.262458326,8.97853441,9.021356672,6,-97.34955,33.07445,11,3
12.48729263,14.66256182,2.05878362,14.73979565,7.602401336,9.266626183,9.005527777,9.242032819,8,-97.23061,32.24876,11,9
13.53135559,14.23454979,1.406803068,15.11209135,8.007034012,9.279866435,8.986571625,9.183996397,7,-97.25903,32.53506,11,9
12.26968574,13.54671566,-0.268815019,14.46078281,7.892452044,9.110851473,8.925454387,9.096051226,12,-97.41949,32.98442,11,13
11.58909916,13.62011227,-0.228794191,14.76247636,7.457032089,9.3079207,9.008835996,9.115040192,8,-97.19505,33.01687,11,3
13.59425148,15.19620678,2.087819701,15.32286923,7.927685046,9.337413455,9.028098812,9.187992508,8,-97.1269,32.54148,11,9
13.16118401,15.04923632,1.152669098,14.87570768,7.61085279,9.112948026,8.792397742,9.200593021,9,-97.55663,32.40208,11,9
12.99069539,15.79059108,0.887034015,15.38421481,7.422971251,9.296151028,8.860073424,9.382948237,7,-97.46688,32.52832,11,9
14.09051536,12.65363893,0.025212236,15.05714671,8.07059354,9.287856814,8.98469369,9.118225083,9,-97.30243,32.63774,11,13
12.43660086,13.6543789,0.653600641,14.40871474,7.917171989,9.123801611,8.926118971,9.325720523,11,-97.23885,32.77342,11,13
11.55769805,14.5387989,0.386684326,14.21144641,7.796057974,9.075665469,8.692322278,9.137554602,8,-97.96322,32.9605,11,11
13.47539068,13.68838943,1.838888792,14.72961811,7.818027939,9.060214913,8.865735152,8.964439834,6,-97.46333,32.86976,11,13
13.07131005,14.79923561,1.420375365,13.71015004,8.152486076,9.113388846,8.898911906,9.420196029,6,-97.45569,32.50619,11,9
13.62949057,14.85618295,0.240223969,14.99916106,8.003028666,9.287023597,8.917310693,9.1338912,6,-97.38628,32.54459,11,9
12.56822655,15.33710038,1.606448268,15.35580159,7.607381426,9.071308163,8.694502206,9.263881139,8,-97.67263,32.37574,11,7
12.25636169,15.3262325,0.517004333,15.05836863,8.053569169,9.088172738,8.720786883,9.106534203,7,-97.6379,32.37218,11,7
12.6586694,13.52782849,0.617327999,14.29796387,6.971668605,9.059633755,8.919051804,9.316320696,7,-97.38808,32.49362,11,9
13.24600301,14.31550979,1.255539544,15.04166258,7.759187439,9.064620718,8.824236617,9.365890073,11,-97.53897,32.60537,11,13
12.56856762,14.99999469,1.371563514,15.01836273,7.74586823,9.409600983,8.987446789,9.023649283,6,-97.30225,32.65414,11,13
13.6496059,14.23825747,2.216102781,15.12373851,8.206037763,9.307739278,9.00675432,9.047821442,7,-97.20071,32.5012,11,9
11.81116165,13.51148228,0.710482443,13.79585056,7.566828479,8.994048296,8.770904744,9.181220473,9,-98.05553,33.12652,11,8
13.30441156,14.35110177,2.045095104,14.54057008,6.749931194,9.174091239,8.906257878,9.139273924,6,-97.32131,32.58844,11,13
12.79133947,14.03516804,0.59799276,14.8641676,7.590852124,9.195226734,9.029537661,9.16785032,8,-97.34759,33.1788,11,3
11.99068643,13.33666798,0.328560082,14.62622742,7.371489295,9.117676687,8.9226583,9.026537719,4,-97.35251,32.30514,11,9
12.40288454,14.66704941,2.011938598,14.68106279,7.664346632,9.040856064,8.761706768,9.139381283,7,-97.60413,32.26313,11,9
12.3197718,14.5574479,1.765565828,15.33375381,8.033334016,9.245610986,8.862058677,9.320807825,13,-97.60248,32.4531,11,9
11.37645261,13.71675485,1.432134016,13.55052105,7.798112629,8.929567708,8.768729817,9.216024188,8,-97.72161,32.56321,11,11
13.50754142,14.35725328,1.27719026,15.22405553,7.434257382,9.190647739,8.868272509,9.320986892,2,-97.55305,33.04762,11,14
12.4526866,14.14625212,2.478523945,14.4547505,7.664815785,8.996156562,8.840145878,9.155884186,6,-97.5096,32.28844,11,9
13.42861644,14.8813169,1.95110463,14.9965283,7.912423121,9.18152929,8.887376485,9.193702731,4,-97.50963,32.60029,11,13
12.09352525,14.80539259,2.005420302,15.07602739,7.529406458,9.193906066,8.839276691,9.34749021,5,-97.47014,32.59339,11,13
12.64949164,14.00925002,-0.049432383,15.1183657,7.613818685,9.150165649,8.837390856,9.190137665,13,-97.54116,32.80552,11,13
12.67646995,14.51413471,-1.420658714,14.72280979,7.637234389,9.20763672,8.994048296,9.192787213,10,-97.38291,33.08679,11,3
12.77482938,13.75363515,1.511863399,14.53079489,7.81197343,9.165656764,8.92345798,9.251098364,9,-97.41389,32.38886,11,9
13.68565355,13.9299101,1.069436424,11.71350434,8.045267717,9.283311984,8.931287626,9.085910294,12,-97.30281,32.65091,11,13
12.75240343,13.86430072,2.42039675,14.791476,7.370860167,9.107753783,8.895081532,9.116908427,4,-97.54299,33.12403,11,14
12.75746039,15.68718965,1.287309006,15.43782126,7.649692624,9.25922577,8.786762208,9.3899917,6,-97.64158,32.45686,11,7
12.00587017,14.6777674,1.857430415,14.55490467,7.673688129,9.227394127,8.970813341,9.271247307,7,-97.74592,32.39005,11,7
11.9272512,14.76909707,1.431693108,14.66692991,7.19518732,9.143452426,8.791029857,9.29173601,4,-97.71064,32.75163,11,11
13.04342406,14.19804816,0.580109802,14.91502444,7.95927596,9.11316846,8.921991411,8.835646923,2,-97.41531,32.91739,11,13
13.06563217,14.20354598,2.325151767,14.90747077,8.189244526,9.257319373,9.008101781,9.0205107,3,-97.21023,32.54347,11,9
11.54999001,12.17602572,-0.390750405,14.11175884,7.741533589,8.976009475,8.649974303,9.025455533,3,-98.02318,32.93611,11,11
12.53600569,14.79071527,0.368427871,14.52589531,7.586296307,9.05157908,8.838696812,9.342157797,8,-97.63025,32.52941,11,7
12.25624281,14.8101632,1.05274554,14.96267108,7.433075349,9.127176131,8.809862805,9.120962561,8,-97.5778,32.66443,11,11
13.08455766,14.50795749,1.616653344,14.75903273,7.198931241,9.106423259,8.901230352,8.985695695,8,-97.51241,32.62316,11,13
12.36959782,14.86966369,2.858141762,10.55111422,7.663407665,8.921324077,8.717682052,9.140025198,9,-97.61702,32.38994,11,7
13.57681926,15.32871506,0.191706373,15.48935773,7.928045601,9.19776159,9.072800958,9.064852065,11,-97.10808,32.52716,11,9
13.24788881,15.03575033,1.697865351,14.76355186,7.908387159,9.30091207,9.069352679,9.149953222,9,-97.06496,32.51678,11,4
13.12782245,14.84047631,1.579428971,14.85439195,7.928766322,9.155356064,8.802372134,9.164296433,9,-97.52778,32.33608,11,9
12.57406777,15.45135668,1.185621249,15.18133075,7.960672608,9.116139577,8.713582005,9.124237673,4,-97.67387,32.43187,11,7
13.12839316,15.61355027,1.07488502,15.78664001,7.999342953,9.381685238,9.019664011,9.186764635,10,-97.21878,32.10552,11,6
13.03609282,15.37592628,3.411149217,15.51377111,7.733245647,9.360396968,9.011523513,9.143131622,11,-97.22635,32.10223,11,6
10.85359983,14.1933989,0.793156642,13.85917331,7.602401336,9.034080407,8.740016692,9.416297072,9,-98.04892,33.0463,11,8
13.79621458,15.49972194,2.179829791,15.364532,7.652545693,9.385049696,8.966356155,9.319463799,10,-97.26181,32.49278,11,9
14.38291593,15.73537003,2.135463473,15.72959827,7.339537695,9.415075524,8.961879013,9.167328481,9,-97.24496,32.45079,11,9
13.76361392,15.15973214,2.640902225,15.33500188,7.831617276,9.35279434,9.033722518,9.124237673,14,-97.24411,32.45119,11,9
13.11885724,15.37923955,0.777873649,15.21487168,8.159946656,9.233177606,8.822469572,9.394160805,4,-97.52713,32.40308,11,9
13.6556657,14.7570791,0.487090374,11.71773395,7.880426344,9.325453179,8.958025443,9.37712519,12,-97.28137,32.47788,11,9
14.16458308,15.78234316,0.039506991,15.74099582,7.922985959,9.385133662,8.962519833,9.108861203,9,-97.26189,32.49277,11,9
11.96991984,13.85607652,1.016541612,13.92131278,8.106816039,9.099185323,8.537191878,9.394826252,7,-98.13427,32.38324,11,5
11.66056068,14.51662591,1.254379727,14.35879485,8.125630988,9.15377002,8.499029221,9.423837546,12,-98.14638,32.38615,11,5
11.15623624,14.51583194,0.812431918,14.19593269,7.929486523,9.081369991,8.605020902,9.36391946,3,-97.82778,32.20774,11,12
12.81416835,15.3218964,1.505581316,15.14003057,7.53689713,9.241548299,8.801920904,9.235715678,14,-97.54913,32.35193,11,9
12.62066596,14.90783646,2.74202318,14.7531533,8.474494437,9.140239744,8.798907492,9.336973023,12,-97.5795,32.41722,11,9
13.19216739,14.10053911,2.156971038,15.25739051,8.115221973,9.276408972,8.913011922,9.101083386,10,-97.29846,32.40998,11,9
12.89794902,15.02142148,2.205772761,14.98593175,8.161089513,9.181014543,8.917444732,9.164819857,9,-97.29843,32.41004,11,9
13.15499125,14.82288437,1.93115651,14.71258585,7.866722285,9.146335042,8.857230494,9.087042156,7,-97.53685,32.44298,11,9
13.12935488,15.51562977,0.637295765,15.48331549,7.939158818,9.345133468,9.008101781,9.253208272,2,-97.13658,32.49464,11,9
11.68817205,13.4627138,1.343178933,13.78504104,7.787382026,9.015298251,8.752581469,9.151757415,10,-97.55181,32.22798,11,9
13.27457618,15.41489813,1.831006848,15.38458512,7.733245647,9.331938344,9.027138428,9.367344121,4,-97.1365,32.49464,11,9
13.57423868,15.54344236,0.587937585,15.43768975,7.791109511,9.381685238,8.907341595,9.295692039,11,-97.305,32.41127,11,9
12.23532072,14.35946143,2.701366991,14.04253776,7.664815785,9.213634939,8.912607964,9.19776159,2,-97.47919,32.50527,11,9
12.72618105,15.07118357,0.954383936,14.92403159,7.858640656,9.232395363,8.81254577,9.029657472,9,-97.54925,32.35183,11,9
13.26430381,15.16384341,2.65986735,15.19389925,8.015987811,9.351405812,9.018816604,9.34084218,8,-97.1399,32.47168,11,9
12.96665882,14.89718013,0.39236603,14.65750524,7.851271997,9.134862231,8.849083519,9.39557435,3,-97.52149,32.42701,11,9
13.03142941,14.37900453,1.431590568,14.23940873,8.362175469,9.140561477,8.835210464,9.319822383,3,-97.52156,32.42863,11,9
12.35279293,14.40135089,2.351405847,15.11085014,8.202482447,9.168893182,8.952864142,9.064157862,11,-97.41647,33.04517,11,14
12.85682107,14.28706611,0.531256628,15.13934743,8.110427238,9.257891674,8.989943046,9.171599544,11,-97.33083,32.37147,11,9
13.88255126,14.42691283,2.22151434,15.5318113,7.303170051,9.124237673,8.892199092,8.967121656,9,-97.29151,32.75804,11,13
11.2197081,14.49729341,1.966117134,14.06982714,7.24636808,8.974111581,8.597851094,9.192685437,9,-98.07741,32.5054,11,5
12.22107455,14.78869189,2.111453071,14.81516475,7.589841512,9.184304357,8.944158831,9.141847376,9,-97.36871,32.26489,11,9
10.53640691,14.19257619,1.448314512,13.95717157,7.059617628,8.97866049,8.635864721,9.264828557,11,-97.97905,32.55677,11,7
11.81534589,14.45007478,1.429920278,14.05518551,7.302496424,9.179984252,8.621733371,9.043104453,9,-98.16048,32.96651,11,10
11.01926828,13.92669409,2.456576376,14.07284218,7.395721609,8.944028325,8.694502206,9.38345299,8,-97.95431,32.8399,11,11
11.30349989,13.35980423,1.212620163,13.57202143,7.38832786,8.963928194,8.754634047,9.219993629,2,-98.04706,33.08298,11,8
13.03103506,14.07448447,0.137209765,15.26516838,7.928766322,9.211140052,8.880446451,9.398644,10,-97.52579,33.02956,11,14
12.81012902,14.06673609,2.086047658,11.54866899,7.632885505,9.100302267,8.868413285,8.954156967,11,-97.49245,32.99704,11,14
13.13193146,14.77463087,1.665321524,11.02405701,8.371010681,9.306104994,8.926650321,8.977777599,7,-97.31356,32.48991,11,9
11.78043799,14.40251914,2.381147969,14.25391386,7.28276118,9.109525067,8.896724917,9.354960062,3,-97.57711,32.54571,11,9
13.35040372,14.9879927,-1.648290087,15.00047667,7.83715965,9.278933163,8.98794654,9.337853692,3,-97.24119,32.44365,11,9
12.96509885,14.84555845,0.569932541,14.90356329,7.28276118,9.350102314,9.100413893,9.125326998,7,-97.13974,32.47171,11,9
13.06415995,14.44837681,1.975509564,14.47761795,7.549082711,9.247828816,9.055089087,9.085910294,3,-97.08566,32.54728,11,4
13.50672878,14.87572846,1.746723295,14.80642479,7.591357047,9.309733116,8.980298079,9.384293679,6,-97.2592,32.4503,11,9
13.82910572,15.44811797,0.622447254,15.43386143,8.144679183,9.390242337,8.992184362,9.318297513,13,-97.24417,32.45116,11,9
13.28719453,15.10253692,1.835850138,14.89902207,8.02289687,9.245514447,9.056023012,9.122601458,9,-97.24264,32.49004,11,9
13.58524672,15.05978042,1.762245749,14.98387339,7.897668151,9.247828816,8.972717499,9.292841593,10,-97.24151,32.4906,11,9
12.06100641,14.35922923,0.948629697,14.31175195,8.009695358,9.075093223,8.791029857,9.363490551,8,-97.59554,32.38529,11,9
13.05559517,15.26749902,1.714514057,15.11811729,7.91644286,9.280612425,8.860357273,9.260558088,9,-97.50099,32.46428,11,9
13.54540249,15.57760089,0.315252864,15.34862969,7.684324068,9.267854278,8.976767625,9.323669057,6,-97.24157,32.49056,11,9
12.05352734,10.37826104,0.940043446,14.75416534,6.73459166,9.044521887,8.834919385,9.199683792,10,-97.65748,32.4508,11,7
12.66089601,15.68076829,1.112851872,15.42031254,7.347943823,9.281823474,8.822764297,8.96903285,7,-97.63839,32.45628,11,7
12.3749923,14.97913001,1.284537408,14.71946471,7.042286172,9.046644279,8.786609455,9.016270068,8,-97.6282,32.46638,11,7
11.67122752,14.61639044,1.819000205,14.40743864,7.851271997,9.278092474,9.005773206,9.103311799,3,-97.26916,32.08725,11,6
12.1499202,14.7132299,1.091138238,15.18062725,6.899723107,9.302098797,9.048997222,9.053569596,4,-97.26605,32.08979,11,6
12.76876655,14.42418858,0.177685378,15.17978577,7.759614151,9.242517104,8.99342737,9.29090602,4,-97.15869,32.80042,11,13
11.88007239,9.673822784,1.878148462,14.18335272,6.70930434,9.274347502,9.013108202,9.246190025,2,-97.26916,32.08721,11,6
12.09727289,9.912744574,1.037411477,14.69255555,8.369852604,9.02665789,8.776475789,9.171911345,4,-97.65839,32.53597,11,7
12.0314216,14.1113096,1.304428807,14.19748593,6.956545443,9.043459,8.691146499,9.057189192,9,-98.03022,32.98507,11,11
11.893189,14.71249614,1.242205546,14.30540872,7.518064181,9.16062478,8.683554729,9.289613553,8,-98.15861,33.11527,11,8
11.53099129,14.27508499,1.995841368,14.15488714,7.900636613,9.113499021,8.528528701,9.311542252,12,-98.14633,32.37854,11,5
11.32080809,14.11442926,0.775524707,14.25790144,8.402904045,9.216719979,8.497806478,9.25502689,6,-98.12574,32.38484,11,5
13.43136604,15.28338491,1.013196178,15.18257572,8.204398418,9.330786525,9.002085433,9.281637254,8,-97.25959,32.45018,11,9
13.23239198,15.64424463,0.891154395,15.60602926,7.75576717,9.478457289,9.036582046,9.222762892,12,-97.15415,32.49445,11,9
12.73391467,15.28020012,2.967106326,15.46159742,7.833600224,9.40244723,9.074978734,9.343821763,6,-97.0897,32.45314,11,9
13.20481487,14.9886117,1.952215391,14.93186453,7.799343398,9.302919553,8.99342737,9.44422602,5,-97.25965,32.45016,11,9
12.23991836,14.59079057,0.881892814,14.44530678,8.007700013,9.16680637,8.778787929,9.452501929,4,-97.55911,32.33923,11,9
12.40347984,14.8129019,-0.170350057,14.71802361,7.700295203,9.218705288,8.817594036,9.44422602,2,-97.56176,32.3372,11,9
12.54056435,14.15198279,1.118739785,14.96471139,6.782192056,9.159888828,8.865452826,9.016148643,6,-97.47432,32.69969,11,13
12.70086035,14.53359422,1.226923525,14.84832487,7.969011781,9.238247325,9.020147921,9.025094544,5,-97.15144,32.47238,11,9
12.19386342,15.39192929,1.043534551,15.21523039,7.651595574,9.406318255,9.075207698,9.155672971,12,-97.02446,32.48488,11,4
11.88437177,14.04820832,2.233797732,14.77012083,7.408530567,9.068892008,8.866863661,9.252824984,11,-97.53211,32.97674,11,13
12.41688447,13.6950646,2.130317109,14.28881,8.05610966,9.082166033,8.907747687,9.041566628,4,-97.45694,32.95803,11,13
12.4155107,15.20337369,1.209995046,15.14977978,8.006700845,9.301094735,9.005773206,9.184509612,6,-97.52078,33.17415,11,14
13.32970595,13.66515268,1.685992251,10.54597282,7.788211558,9.306831672,8.943375541,9.310638093,11,-97.30846,32.63433,11,13
12.96195046,15.18592957,2.304999806,15.28500203,8.152198016,9.244935017,8.950273467,9.451481,11,-97.63337,33.17246,11,14
12.39124846,15.16181591,1.41697709,14.91365274,7.830822995,9.101640955,8.798605651,9.333177282,10,-97.63991,32.48349,11,7
13.26462307,14.4263625,1.654005793,14.50001651,7.556427969,9.111624399,8.926650321,9.091782036,11,-97.34637,32.4915,11,9
12.3801814,15.31189175,2.958351527,15.05552865,7.626570206,9.066585468,8.684908596,9.345395603,10,-97.72463,32.37252,11,7
12.32759977,14.47458376,1.573799403,15.11308026,7.707961532,9.344608993,9.084890521,9.130647603,12,-97.20278,32.14993,11,6
12.27938351,15.31620446,2.327971666,15.04589294,7.906547232,9.076923259,8.700014623,9.434683204,9,-97.72467,32.3725,11,7
12.4031925,15.31731872,1.157629798,15.06521686,7.675081858,9.11778639,8.693831965,9.263407093,7,-97.71398,32.36464,11,7
12.540142,15.44137285,1.776312028,15.1943225,7.746732908,9.137769679,8.724369949,9.369904942,11,-97.71887,32.44628,11,7
12.69821685,14.52060163,1.163104865,14.78088474,7.811568489,8.992557427,8.701346403,9.441452093,12,-97.87637,32.75056,11,11
11.50901784,13.76632031,1.42336601,13.60733197,8.122074375,9.035986985,8.594154233,9.002454823,11,-98.053,32.41789,11,5
11.86148154,14.06813524,1.661102147,13.82814046,7.869401713,9.037295652,8.673341874,9.09403125,12,-97.9475,32.96374,11,11
11.36555011,13.45310494,1.638726715,14.08281032,8.121183242,8.962263554,8.873468055,9.166388484,11,-97.45692,32.57001,11,13
12.95721747,14.22675825,1.662783863,14.88018336,7.50714108,9.173468897,8.856091055,9.345482966,11,-97.4698,32.58975,11,13
12.58557016,14.48631601,-1.189728378,14.86328419,8.08085642,9.225524507,9.008224188,9.044993919,9,-97.17393,32.40506,11,9
12.24194159,14.44281383,1.121966108,14.88103751,7.091742115,9.214232787,8.968905551,8.976009475,7,-97.36751,33.19055,11,3
12.05964126,14.22894384,1.98715162,13.89449732,7.602900462,9.024613022,8.702177866,9.182866395,12,-97.94227,32.96483,11,11
12.9116942,14.48517414,1.841853441,14.85280048,7.53689713,9.187890243,8.968268811,9.232590981,4,-97.25661,33.08712,11,3
12.0082069,12.23989419,2.466713434,14.40465297,8.002694162,9.088172738,8.832733592,9.165865882,4,-97.60473,32.53668,11,9
12.61002327,14.62013963,1.561586181,14.99862758,7.722234745,9.278279355,9.032409163,9.563669726,4,-97.17393,32.40514,11,9
12.43016774,15.48419803,2.116322349,15.35229648,7.788211558,9.394327208,9.051696279,9.224539091,12,-97.21107,32.15693,11,6
13.69164204,14.73332014,1.692145404,14.59464826,8.29504914,9.416134285,9.243871855,9.111624399,7,-97.26067,32.47924,11,9
11.84738138,13.91082074,1.656339433,15.73419955,7.497761701,9.231318778,8.867850063,9.063810579,8,-97.61241,32.49876,11,9
13.31293745,14.83817729,2.27764365,11.15622195,8.119696253,9.303830715,9.050288984,9.460632055,4,-97.08559,32.54724,11,4
12.4761494,13.73646735,0.971187069,14.52071575,8.097426299,9.175231195,8.948975608,9.171079658,10,-97.34214,32.40575,11,9
13.24511184,14.64038751,0.543333694,14.55379935,8.10832229,9.24425859,8.935245415,9.179984252,10,-97.38246,32.39322,11,9
13.01099597,13.54226379,0.161863433,14.54215151,8.097426299,9.128262261,8.946244609,9.367600498,4,-97.35636,32.3717,11,9
13.20648391,14.94755762,1.915088474,14.86778777,8.262042844,9.244741799,8.853665428,9.394909401,6,-97.53584,32.44654,11,9
13.18307835,15.26993075,2.309306657,15.18595091,7.317876199,9.289151552,8.992184362,9.31379908,7,-97.23956,32.38048,11,9
13.33469347,14.0878023,1.350157747,14.8624737,8.155936338,9.296242801,8.984818996,9.259130536,13,-97.22576,32.51268,11,9
12.69215568,13.69818992,1.355248969,14.51570882,8.03592637,9.158625936,8.941021984,9.136047767,7,-97.42107,32.40457,11,9
12.66494265,14.93946565,-0.883621605,14.77031945,6.941190055,9.053686562,8.746080217,9.145588495,7,-97.59942,32.36761,11,9
12.58125722,14.92255387,1.081732742,14.78975543,7.575584652,9.180087329,8.832003931,9.301094735,3,-97.59213,32.3168,11,9
12.59478826,14.65681909,2.315997671,15.04301726,7.691200098,9.327323087,9.056023012,9.127502094,13,-97.50624,32.8654,11,13
11.3820192,14.25608538,0.847726515,13.85877118,7.314552832,9.066700922,8.5754621,9.142810715,12,-98.11178,32.48059,11,5
12.81650104,13.14558564,0.774840015,14.62910389,7.879291485,9.271811694,9.02665789,9.18338019,6,-97.56765,32.86783,11,11
11.92361026,13.46140374,0.849452655,16.4738802,7.583247524,9.330786525,9.035986985,9.187071745,11,-97.20014,32.27867,11,9
11.49419107,13.19170286,1.616832523,14.88983015,7.484930283,9.377379072,9.10242103,9.209339872,8,-97.20017,32.27874,11,9
12.92637526,14.52747949,1.645706535,14.58885428,7.760040681,9.160099156,8.944028325,9.331672657,10,-97.30846,32.63416,11,13
12.24178239,14.59895538,1.17416252,14.76794034,7.333023014,9.362116807,9.076466063,9.077951184,6,-97.15729,33.18595,11,3
11.99454265,12.38557774,-2.058897211,9.307013259,7.918628653,8.968141414,8.787525626,9.192176401,4,-98.00039,32.73516,11,11
12.63961001,14.8031168,0.868312664,14.22400441,7.869401713,9.201703179,8.874587876,9.338733587,6,-97.46745,32.52833,11,9
12.54640528,15.25790166,1.668188454,15.192689,8.14031554,9.378478484,9.103979356,9.384293679,10,-97.14181,32.50623,11,9
13.72489524,15.51661566,1.523513516,15.59663636,7.571988449,9.383957488,8.993924141,9.167432871,6,-97.20645,32.47106,11,9
12.76711028,15.40963177,1.345267939,15.20564902,8.203851372,9.191157553,8.836083191,9.369904942,13,-97.5198,32.42302,11,9
13.70889036,15.52123999,2.502274766,15.33073932,7.884199934,9.342946337,9.019300925,8.984568369,8,-97.20638,32.4711,11,9
12.46107526,14.06999773,1.240762582,15.30117412,7.288927695,9.204825191,8.846496939,9.197559038,11,-97.61098,32.73765,11,11
13.19699021,14.06829058,1.571440021,15.22223676,8.15075647,9.233568498,8.847934753,8.972083183,4,-97.5947,32.71432,11,11
12.32197391,14.05499979,1.867358193,15.22378899,8.466951975,9.272845577,8.802372134,8.999495876,12,-97.62674,32.74695,11,11
12.24016485,13.88028936,0.740749375,14.2792408,7.89469085,9.164191716,9.026537719,8.997147152,9,-97.35785,33.20086,11,3
13.32524708,14.75060185,0.783330669,15.17103226,7.548555979,9.169101624,8.841448244,9.276128113,6,-97.52389,32.62193,11,13
13.45644419,15.24438537,1.612958499,15.21668762,7.117205503,9.316230747,9.049467146,9.282661034,6,-97.08832,32.52814,11,9
12.97085653,15.62965103,1.524587359,15.45104536,7.455876687,9.354354132,9.002454823,9.173261364,12,-97.17715,32.48407,11,9
13.5669915,15.33646692,0.955456595,15.23130013,8.370547611,9.36048303,9.064042114,9.258463647,9,-97.10313,32.5022,11,9
12.75628724,13.65885675,1.925652884,14.97111358,7.955775782,9.217117356,8.852950887,9.526974266,5,-97.57459,32.46016,11,9
13.04594443,14.40051558,2.193445915,15.1165264,8.120291314,9.21473072,8.992184362,9.3688814,5,-97.37092,32.94694,11,13
12.58842265,13.79096169,1.285071437,14.61848656,7.716015267,9.218705288,8.996404301,9.234740259,13,-97.2819,33.01703,11,3
11.77356517,14.48430306,1.499330044,14.91201262,7.550135342,9.289059127,9.086815886,9.46070991,4,-97.42433,33.38001,11,14
12.98155529,14.35434038,0.054712941,14.75488793,7.58171964,9.139917908,8.914088349,9.191463316,4,-97.38024,32.58525,11,13
13.68167512,15.20803547,0.203080724,15.90832232,8.089482474,9.434443463,8.866581653,9.197964101,3,-97.48,32.90357,11,13
11.98701449,13.16446455,-1.35175757,14.03572984,7.651595574,9.140561477,9.00797936,9.219399216,5,-97.28163,33.0181,11,3
11.41807618,14.41176185,1.667540343,15.12738736,7.758760544,9.17222305,8.95001403,9.148464968,6,-97.40517,32.84817,11,13
13.69940249,14.46783574,2.462822045,15.1680718,7.29301768,9.184509612,8.915297945,9.226016851,3,-97.46873,32.86591,11,13
12.84458411,13.83513082,1.951695449,14.69920785,7.595387279,9.142168592,8.943506132,9.295508384,12,-97.43643,32.97595,11,13
12.88322001,14.76909707,2.486341582,15.1934849,7.059617628,9.265491216,8.989818381,9.440260908,11,-97.19747,32.61192,11,13
12.26838525,14.46627202,1.556249025,14.20313208,7.651595574,9.000236434,8.797850649,9.148464968,12,-97.56624,32.38947,11,9
13.42093049,15.17093326,0.909955173,15.04842877,8.20028826,9.413689296,9.07532216,9.179674958,7,-97.08837,32.52809,11,9
12.97166141,15.10353035,2.000783835,14.87241782,7.554334824,9.212837252,8.824677891,9.192074563,13,-97.51958,32.44509,11,9
12.4701777,15.07334635,2.002951528,14.88263493,7.483806688,9.108307646,8.840001066,9.150271846,8,-97.50214,32.43293,11,9
11.12232434,14.73976946,1.39159021,14.52289786,7.885705391,8.970940398,8.670772279,9.190341725,8,-97.80797,32.21366,11,12
11.81875438,14.31416238,0.827576763,14.3531191,7.716015267,9.284148299,8.983439772,9.211839248,7,-97.29686,32.11623,11,6
12.43465339,14.42527613,1.649095132,15.20379095,8.289288323,8.91650608,8.792245847,8.981430226,7,-97.62047,32.46526,11,7
13.51747373,13.73496622,1.772376011,14.77767521,7.541152455,9.163458386,9.007367027,9.231122911,10,-97.23648,32.47511,11,9
13.09688761,14.48711689,1.713871997,15.26897513,7.824845691,9.473627288,9.036225052,9.230829038,8,-97.1015,32.92591,11,13
12.93531547,14.64580758,2.708340339,15.41909658,7.922985959,9.414586486,9.037889935,9.31784858,11,-97.10153,32.92595,11,13
13.03499339,14.47876538,1.050833317,15.25118491,8.282230063,9.432683603,9.008958312,9.258368341,6,-97.10155,32.92598,11,13
12.21342058,14.08422691,0.97393184,14.8783568,7.820037989,9.362030885,8.9226583,9.178849705,12,-97.44965,32.28126,11,9
11.99917762,13.4486121,-2.679083566,14.23340609,8.098946749,9.097619502,8.93260863,9.283869605,5,-97.37548,32.30143,11,9
12.59760447,13.65299163,2.385800233,14.46684463,7.935945103,9.28952117,8.870803444,9.48097801,12,-97.45929,32.36157,11,9
12.61286021,13.96582532,0.420402511,14.63481627,7.705262475,9.274816391,8.853665428,9.450773592,7,-97.47599,32.32968,11,9
13.06302306,15.5070813,1.457664984,15.40010317,7.605890001,9.405413613,9.066931789,9.113939598,9,-97.14097,32.50665,11,9
13.78406323,15.67893931,0.802940074,15.51495698,6.769641977,9.384293679,8.948975608,9.248887782,8,-97.3123,32.4115,11,9
12.91152629,13.25479416,2.828033356,14.05381224,7.760040681,9.099967314,8.812843434,9.242517104,2,-97.5222,32.79865,11,13
13.39079076,14.20344965,2.278159452,15.36320029,7.572502985,9.164086987,8.889032572,9.429877428,9,-97.51092,32.59943,11,13
12.27573396,15.44948497,1.871449312,15.51111919,8.056743775,9.154827662,8.750049422,9.445412494,12,-97.71884,32.44624,11,7
11.4641448,14.653537,2.179776323,14.28262752,8.249313746,9.028578658,8.544808358,9.144521031,9,-98.14277,32.41476,11,5
11.75276093,13.1102908,0.081589151,13.45454069,8.390495538,9.273972232,9.076808979,9.091331585,5,-97.20834,32.05576,11,6
11.76815666,14.74767464,2.331319847,14.33672523,8.216628493,9.083188586,8.551787836,9.260272741,12,-98.11939,32.40817,11,5
11.96326833,14.74578309,1.479826301,13.08131636,8.137980454,8.929302842,8.755264763,9.305650552,9,-97.79192,32.53236,11,7
12.70388294,14.56621885,1.931099307,15.23090245,7.786551806,9.169934957,8.952087644,9.324561516,11,-97.29892,33.03301,11,3
12.61608739,14.39497603,-0.353909206,14.49480625,8.097121931,9.091556836,8.91650608,9.116908427,3,-97.59739,32.26737,11,9
13.35433505,14.05452746,2.264295347,15.26178227,8.323608442,9.205830216,8.87416809,9.247732491,7,-97.49928,33.01457,11,14
12.27128906,14.98947766,1.18597863,14.72313182,7.723120092,9.057305736,8.800415333,9.042513261,6,-97.64493,32.48781,11,7
12.86686191,14.18810806,1.280426998,14.82038124,8.335671315,9.100302267,8.930494185,9.191157553,7,-97.35955,32.93042,11,13
12.21150288,12.60265509,0.025177769,12.46262776,7.940939762,9.137769679,8.812694613,9.281730368,8,-97.72111,32.68464,11,11
12.88722568,14.04852523,2.380757931,15.2854312,7.122866659,9.254357257,8.849370504,9.047939083,2,-97.59162,32.61063,11,11
12.35017299,13.81850607,1.330167895,15.05714382,7.216709487,9.119868469,8.809862805,9.114159814,4,-97.59694,32.62351,11,11
13.01217791,14.59483543,2.222763732,15.24264355,7.954021087,9.205729759,8.9226583,9.141633174,6,-97.44268,32.94528,11,13
13.58102038,14.95520081,1.810875002,14.70710688,7.868254266,9.151863442,8.925055424,9.274253698,7,-97.2984,32.41008,11,9
13.27067993,15.27885855,1.343799676,15.34374926,8.099554282,9.473704137,9.139917908,9.127719343,8,-97.22919,32.05269,11,6
12.86131025,13.66177646,1.988800624,14.69747068,7.820439515,9.128479345,8.947676062,9.087268374,10,-97.37782,32.93858,11,13
13.01018635,14.53029691,0.504371141,15.17209286,7.812782819,9.29376198,8.980423936,9.324739912,8,-97.44085,33.06895,11,14
12.6598802,14.321198,0.169756854,15.15694353,8.06714904,9.298351249,9.013838752,9.338293736,5,-97.37533,33.10341,11,3
13.04612791,14.51055993,2.141612232,15.08128846,8.048788284,9.145695178,8.913281138,9.280612425,5,-97.35955,32.93053,11,13
12.56164348,13.82676796,1.711940378,14.71615959,7.24636808,9.145375093,8.947415951,9.316230747,11,-97.43638,32.97595,11,13
12.63547886,14.4099528,1.115705558,15.0805064,8.091321274,9.229946902,8.8596475,9.136370852,5,-97.49304,32.72294,11,13
12.50045348,15.19225951,2.314038773,12.65939415,8.343077871,9.189116736,8.960596139,9.306014122,3,-97.32706,32.1364,11,6
12.92255786,15.6352094,0.445547958,15.39851086,8.526747404,9.365033762,9.043459,9.154193211,7,-97.12689,32.47707,11,9
12.76194716,15.08605731,1.271012002,14.74426806,7.063048163,9.19573422,8.837100411,9.273878393,3,-97.56935,32.38077,11,9
12.80486519,15.54230475,0.82151582,15.45315724,7.571988449,9.373733919,9.031692061,9.196140023,12,-97.14042,32.47246,11,9
11.38511482,14.71599706,1.80459538,11.95210255,8.641355834,9.050875597,8.634976227,9.400547423,14,-98.05206,32.67105,11,11
13.32436991,15.80601159,1.175498051,15.59969407,7.17472431,9.450380371,9.036938913,9.253399861,6,-97.13093,32.47513,11,9
12.95725993,15.27952956,1.666117081,15.17975408,7.864419905,9.391077341,9.010669177,9.167432871,8,-97.36216,32.08442,11,6
12.7622597,14.80035673,0.471870181,14.62795785,8.341171747,9.279306576,9.027018315,9.389155789,7,-97.1975,32.4272,11,9
12.18453742,14.88996676,1.407612976,14.66146809,8.156223323,9.216322444,8.839276691,8.99342737,9,-97.52102,32.45211,11,9
13.14084553,15.58164448,0.833019809,15.41086902,7.925157512,9.46109909,9.079206104,9.272375763,8,-97.131,32.4751,11,9
12.46666226,14.33159234,2.301313814,15.10591387,8.123854263,9.208338369,8.989693701,9.460787758,14,-97.56392,33.16135,11,14
12.92197398,14.17595041,0.918210304,14.91286105,8.336390481,9.336091577,8.914222821,9.315150736,5,-97.44411,32.39315,11,9
12.6163694,14.16968237,2.587632761,14.83095752,7.774855767,9.295967458,8.890410552,9.243871855,6,-97.44406,32.39313,11,9
12.19234384,13.67599559,1.240655578,14.44367432,7.497207223,9.245224774,8.865876285,9.278839788,12,-97.44248,32.31217,11,9
12.69624954,13.80230069,1.691908391,14.45262058,8.089175679,9.128804884,8.91355028,9.30063801,13,-97.38812,32.49372,11,9
12.81994932,13.44855581,2.487166017,14.48205603,7.776535028,9.147400572,8.916908468,9.076923259,4,-97.40864,32.39608,11,9
12.85339052,14.94251592,1.95500193,14.82153596,7.243512975,9.318117964,9.022563964,9.114930187,11,-97.27368,32.05755,11,6
12.53794862,14.83580088,0.70452002,14.635004,7.740664402,9.198773736,8.874867636,9.160099156,12,-97.52102,32.45218,11,9
13.28196205,14.84112195,-0.40934167,14.77209527,7.797702036,9.282661034,9.069352679,9.334326352,4,-97.0864,32.53153,11,4
11.36902045,13.30551792,0.214190692,14.54931972,7.62900389,9.136801469,8.896724917,9.144734615,9,-97.56766,32.89949,11,11
12.52297973,15.17451465,2.196947815,15.12447615,8.153349758,9.344783849,9.063347348,9.166388484,4,-97.23991,32.41579,11,9
13.64719249,14.75980549,0.758447272,15.16644144,7.455876687,9.320360017,9.021235863,9.374413094,14,-97.22188,32.57215,11,13
12.91501197,14.61367835,1.70261353,15.25592088,8.026170195,9.210440367,9.029058275,9.175024027,8,-97.52026,32.79991,11,13
12.66131156,14.41895183,1.74003661,14.81332966,7.675546003,9.216421842,9.031213706,9.305650552,4,-97.2542,33.10287,11,3
12.22008403,11.50590085,1.376220396,13.76999004,7.477604243,9.354700422,9.095041748,9.285447844,9,-97.16084,32.28349,11,9
12.71069205,14.87357859,0.345698286,14.77820232,7.892452044,9.118663583,8.860782896,9.191870856,11,-97.43356,32.54401,11,9
12.99619453,15.08611344,1.31738419,15.18556527,7.375255778,9.301277367,9.013108202,9.342245443,6,-97.55098,33.23599,11,14
12.71554936,14.95778879,1.99198268,15.37016192,7.993619995,9.390576422,9.085797037,9.29376198,6,-97.26648,32.1524,11,6
12.02359108,13.81286005,2.04400317,15.03191655,7.468513271,9.097731428,8.809862805,9.221280312,9,-97.59694,32.62351,11,11
11.89365379,14.42187361,1.276301598,15.66509261,7.80016307,9.373224235,9.126958763,9.09492952,11,-97.15441,32.16147,11,6
11.70579124,13.25853628,-1.022576468,13.94720702,8.03592637,9.179056082,8.888342869,9.189933562,11,-97.43529,32.30022,11,9
12.3945792,14.50125541,2.030436517,15.1687232,7.375882148,9.351492652,9.049584593,9.243097936,2,-97.13687,32.4698,11,9
11.69993601,14.31773933,-0.422663523,14.01921682,8.034631033,9.073030421,8.715224042,9.18962733,6,-98.07898,33.0613,11,8
11.38690862,14.08681169,1.240935895,14.66142947,7.768110379,8.999989642,8.787220329,9.380083147,2,-97.71968,32.76744,11,11
12.86900801,15.03009476,1.741346921,15.31034403,8.156223323,9.241645222,8.820847033,9.228965836,4,-97.55402,32.58812,11,11
13.242132,14.28246517,1.94946167,15.00890561,8.078688229,9.185740255,8.835646923,9.230437074,7,-97.52026,32.79997,11,13
13.1814659,14.57163254,2.754354708,15.19220549,8.111628078,9.167328481,8.93260863,9.249945627,7,-97.41909,32.92028,11,13
12.72850268,14.70955568,2.702770703,14.84477277,8.057060682,9.108529106,8.813884558,9.165970424,5,-97.69911,32.49,11,7
12.19982316,13.94653882,1.955046635,14.75949427,8.675222056,9.308827319,9.044049632,9.084777149,3,-97.28386,32.31649,11,9
13.24355748,14.59253922,1.207789211,15.64699926,8.249313746,9.403766709,8.935903526,9.147187557,8,-97.36671,32.97367,11,13
12.15112531,14.98538869,1.949162477,14.68585871,8.026496939,9.207436159,8.800113947,9.193092479,11,-97.71343,32.57271,11,11
12.25427216,15.18755385,1.310115002,14.94402269,8.079618029,9.361085259,9.006999448,9.220686664,2,-97.2119,32.4689,11,9
13.57819328,14.75980549,1.378861164,15.44689351,8.358666283,9.255504924,8.960082528,9.179159254,6,-97.26948,32.5693,11,13
11.99452411,13.54588449,1.768406114,14.27250873,7.00033446,9.103979356,8.892199092,9.123692565,10,-97.45258,32.41707,11,9
12.8416119,14.36565881,-0.462648133,14.94755569,7.24636808,9.305741457,8.909235279,9.221675882,12,-97.45249,32.41706,11,9
13.1379926,14.64201005,0.69637183,15.29404722,7.578656851,9.275097619,8.933136544,9.109967398,9,-97.3981,32.47683,11,9
12.85652629,14.03062194,1.427948025,14.68987869,7.966239777,9.177403872,8.839276691,9.178643285,13,-97.54669,32.38149,11,9
13.54686219,14.53578641,1.484726287,16.79421365,7.464509835,9.260367866,8.983314293,9.273315171,6,-97.29389,32.52199,11,9
11.59839649,13.64898361,0.903912548,14.42398508,8.069342367,9.117237754,8.930626469,9.118992333,12,-97.3977,32.51347,11,9
13.25064401,14.06909796,0.848493247,15.18187717,7.497207223,9.182043773,8.910045761,9.127176131,8,-97.43377,32.67761,11,13
12.80420285,14.89247692,1.022897512,15.27637004,7.977968093,9.277531622,8.985320061,9.133459328,10,-97.37318,33.19869,11,3
12.57016005,14.63948423,2.129120186,15.00792462,7.490529402,9.227295813,8.975630184,9.357984214,12,-97.3689,33.19992,11,3
13.13634912,14.88452787,1.267848491,15.26659638,7.458186157,9.27799902,8.977146485,9.242323418,11,-97.36801,33.18809,11,3
13.52995822,14.4990255,2.207865597,15.30362387,8.056426768,9.30810209,8.92305822,9.232101864,8,-97.42492,32.51968,11,9
13.11997252,15.83217203,1.198819067,15.85499926,8.411165787,9.396072772,9.209039526,9.337325384,12,-97.32449,33.3082,11,3
13.03907307,14.66882272,0.848934038,15.23193201,7.809541325,9.177507215,8.994048296,9.219795531,7,-97.36086,33.01962,11,3
13.40269148,15.6699631,2.135423508,15.47052624,7.920083199,9.438988744,9.022684614,9.311903687,6,-97.17623,32.42849,11,9
13.5112044,15.79136778,0.67958802,15.60549846,7.801800402,9.442007494,9.03085479,9.318835968,8,-97.1762,32.42843,11,9
11.99589468,14.42527613,1.532034834,15.02745153,7.391415235,9.167641617,8.75431854,9.368198457,7,-97.824,32.86244,11,11
13.31488111,14.96100643,2.533106669,15.08302138,8.361708289,9.193194213,8.923324744,9.233568498,10,-97.30344,32.81928,11,13
12.21376796,13.62768589,2.181240286,14.34793602,7.970049305,9.256173788,9.020026965,9.08918917,8,-97.33926,32.39043,11,9
10.73371918,13.68387451,2.759304571,14.41767996,6.212606096,9.10586835,8.903679333,9.457434797,10,-97.35931,32.85575,11,13
13.866771,15.36668356,1.456867925,15.35090487,8.258163362,9.397234791,8.968905551,9.394327208,4,-97.27039,32.47857,11,9
13.05186795,14.8783644,1.577020577,15.05170502,8.022568947,9.16680637,8.777401287,9.372033961,6,-97.73195,32.47951,11,7
12.59471708,13.57420304,2.374869991,14.50208972,8.169336396,9.040737588,8.808369153,9.185022564,9,-97.48108,32.36673,11,9
12.14344164,14.23738758,1.602425296,14.17796238,7.315883505,9.136693832,8.833316937,9.015541294,5,-97.60218,32.4489,11,9
13.2743563,13.42557425,1.920381371,14.70931025,7.514254653,9.130214327,8.910855587,9.275566157,10,-97.30501,32.62652,11,13
13.35108017,15.1833354,1.072592803,14.92135066,7.738923757,9.217911637,8.89781901,9.280332744,9,-97.43822,32.54401,11,9
11.49828887,14.85832821,1.864786125,14.45493729,8.146709052,9.079092085,8.580918882,9.262648152,6,-98.11797,32.43135,11,5
12.45317488,15.25301596,0.407572498,15.38516094,7.408530567,9.354960062,9.046055178,9.535318229,9,-97.13311,32.47255,11,9
13.85234188,15.14422877,1.632672551,15.29233186,7.407924323,9.276689753,9.096275416,9.251482315,13,-97.10673,32.72523,11,13
13.26289893,15.08200736,1.86482359,15.05425168,7.993282328,9.444858981,8.999248902,9.353834472,4,-97.22435,32.61381,11,13
13.42515768,14.62466141,1.829371068,14.96216607,8.082093278,9.396155818,8.983690681,9.218308542,6,-97.23508,32.61503,11,13
10.66108731,14.19298763,2.077749277,13.79360232,7.793586803,8.979668554,8.517992872,9.283033057,6,-98.0886,32.28528,11,5
11.99384431,14.6668565,2.293753285,14.58523815,7.333676396,9.206533134,8.859079318,9.066931789,12,-97.6145,32.76869,11,11
12.33051788,14.76384245,0.450346963,14.88282205,7.841885929,9.135724579,8.795582217,9.196647045,9,-97.80474,32.45014,11,7
13.5408579,14.31991561,0.974910882,12.59930322,7.995980475,9.272187775,8.917578754,9.263407093,7,-97.31863,32.51639,11,9
13.02693339,14.70019792,1.783519523,15.0565612,8.571302517,9.295140974,9.04274978,9.302463661,8,-97.18517,32.47954,11,9
11.98023798,14.61850985,0.549224147,14.76509292,8.354674262,9.266815219,8.947806093,9.056839481,9,-97.23635,32.94743,11,13
13.33195309,14.26211761,2.432979873,15.0335259,7.923348212,9.253591414,8.864322723,9.208037723,12,-97.52541,32.72255,11,13
12.535585,13.91082074,0.843632792,15.15897257,7.471363088,9.307013259,9.107199613,9.330875174,3,-97.02969,32.55747,11,2
13.57713534,15.35466763,0.033422563,15.45384608,7.550661243,9.496421163,9.053803514,9.32607687,6,-97.03744,32.94446,11,13
12.8450276,14.20077296,1.843302591,14.87460348,7.963807953,9.292657414,8.967249183,9.469854425,7,-97.33918,32.39047,11,9
12.8497827,14.36131715,1.625540897,14.75481444,7.527255919,9.087268374,8.849513965,9.175127616,14,-97.61117,32.71575,11,11
13.02975893,14.05418094,1.903028136,14.71143857,8.138856751,9.271341394,8.879193928,9.407550541,8,-97.5093,32.40311,11,9
12.47862331,13.77790422,2.161841029,14.43931731,6.558197803,9.176576742,8.810608796,9.149528233,11,-97.49844,32.37836,11,9
12.53910325,14.65145854,1.9199716,14.29546452,7.519149958,9.107199613,8.766705998,9.088850474,9,-97.6915,32.51072,11,7
11.89643804,14.315437,2.345970539,15.16997054,8.089789176,9.114490046,8.701180028,9.183996397,3,-97.76955,32.55164,11,7
12.36976339,14.67544256,-0.391302983,14.78525257,8.102283624,9.091556836,8.805974659,9.122601458,5,-97.53877,32.43045,11,9
12.27271208,13.30468493,1.323426384,13.95930176,8.220941168,9.183277452,8.905851181,9.151121012,8,-97.42506,32.44475,11,9
12.50103068,12.77822382,1.461716105,14.86589922,8.468213009,9.285076718,8.817001444,9.382611593,8,-97.605,32.53906,11,9
13.0893876,14.3456328,1.065779626,14.72543386,8.011686729,9.2023082,8.984192312,9.251962047,6,-97.2386,32.57491,11,13
12.34400248,14.33881796,2.44503044,14.13286114,8.051659557,9.021235863,8.643825842,9.166597449,12,-98.12437,32.98666,11,10
13.26436629,13.89966787,2.483944348,14.76570752,8.50916102,9.046055178,8.824677891,9.312264992,5,-97.54115,32.38538,11,9
12.50680297,14.06221437,2.300974314,15.2666259,7.170119543,9.224736252,8.809862805,9.176990392,11,-97.59145,32.6335,11,11
12.5975132,14.8029678,-0.786010055,14.62418846,8.188966864,9.076808979,8.820256366,9.208338369,6,-97.60487,32.54211,11,9
12.47438457,14.66472087,1.712005011,14.49362329,7.607878073,9.250041739,8.817594036,9.236787542,7,-97.60486,32.54218,11,9
12.24957744,14.0776825,0.032128094,14.46126053,8.41272117,9.015905747,8.829079953,9.083642719,5,-97.61837,32.96992,11,11
12.81457655,7.638198244,0.841079365,14.97270177,8.114324709,9.249561085,8.794673401,9.229652683,4,-97.59964,32.49964,11,9
12.55442052,15.00335398,1.263785839,14.91523023,7.626082758,9.259606613,9.030615441,9.089302044,4,-97.19661,32.42885,11,9
13.30247917,14.58495282,1.744100009,15.24247722,7.665284718,9.327323087,8.896998553,9.28126471,11,-97.55213,32.4135,11,9
12.8094264,13.94794135,2.082839426,14.63724575,7.710205194,9.249176396,8.952864142,9.047821442,8,-97.43475,32.3412,11,9
12.89652871,14.37292965,2.221718833,14.74474042,8.191740021,9.266531652,8.9226583,9.096275416,7,-97.43473,32.34116,11,9
12.8904288,15.29182842,2.121489264,15.120892,8.267192186,9.277438116,9.024733424,9.263881139,7,-97.16211,32.49197,11,9
13.05622144,15.41836686,1.893803323,15.35213775,7.965892735,9.39798109,9.05438807,9.27322127,8,-97.15595,32.40699,11,9
13.11801594,15.63640803,1.220677464,15.54982769,6.967909202,9.399885774,9.055439411,9.336444249,11,-97.156,32.40705,11,9
13.65068544,15.4274653,1.112077566,15.35726774,8.206583614,9.204925739,8.95828281,9.260082464,6,-97.19738,32.72722,11,13
12.96497948,14.6557838,1.444545655,14.40076624,7.776535028,9.121946221,8.873468055,9.276502574,6,-97.31511,32.42709,11,9
13.43862562,15.41449401,1.638691465,15.11049742,7.63385356,9.260653186,8.959054515,9.419790596,2,-97.31936,32.49338,11,9
12.3460563,15.06196797,2.2802906,14.45208739,7.804659297,9.376532547,9.106423259,9.291920359,8,-97.18624,32.0532,11,6
13.09780016,15.50357479,-3.981836402,15.44880405,7.534228326,9.398892479,9.012499004,9.408781311,4,-97.16458,32.46046,11,9
12.70235909,15.18353911,1.80945838,15.10011211,8.340933226,9.233079859,9.030376035,9.137769679,7,-97.12279,32.49711,11,9
12.78885514,15.34754893,1.70439341,15.20397232,7.990238186,9.391828248,9.051813464,9.224046019,10,-97.24987,32.0919,11,6
12.50322102,15.42310678,0.873683929,15.28376916,7.597897951,9.430198532,9.103200496,9.289613553,7,-97.21184,32.04194,11,6
12.79757462,14.08797746,2.069294554,15.27997911,8.264105764,9.232590981,8.935245415,9.016270068,8,-97.54806,32.7832,11,11
12.92122102,13.76705114,0.786672807,14.51421477,8.507142856,9.16461052,8.925321417,9.21443199,8,-97.36737,32.59384,11,13
12.86227053,13.31232236,1.823706671,14.56928236,8.417372856,9.194109359,9.026056892,9.155567346,13,-97.30846,32.63408,11,13
12.57868737,14.10356881,0.544245749,15.05823531,7.666221926,9.200290036,8.922124824,9.212138754,7,-97.48328,33.0954,11,14
13.45063494,14.70849172,1.745276422,15.64110221,8.005033345,9.295600216,8.971321472,9.205729759,4,-97.27918,33.00043,11,3
12.88023067,14.08090561,1.89347279,14.79871424,7.499423291,9.238150073,8.856518497,9.105535258,13,-97.45429,32.53456,11,9
13.4615562,14.85426668,1.285714501,15.8308031,7.776954403,9.366745651,8.934455109,9.338293736,4,-97.42212,32.54367,11,9
12.00091021,13.75726685,1.190929015,14.53834663,7.602900462,9.131729971,8.986321438,9.238150073,10,-97.58275,32.45505,11,9
12.1199863,12.15477935,0.115500903,13.3534751,8.367532417,9.01079127,8.739856627,9.09963225,7,-97.82293,32.6703,11,11
13.84179215,14.00629619,1.329607278,14.77850929,7.643482907,9.055556158,9.026056892,9.187685681,10,-97.33487,32.56778,11,13
13.05180786,14.7700831,1.72456376,15.42820217,7.327780538,9.428672366,8.936692688,9.339436945,14,-97.41104,32.36451,11,9
12.60409345,14.90736674,1.530996558,14.9309544,7.740664402,9.191667107,8.924390132,9.296151028,7,-97.69967,33.22646,11,14
13.60695015,15.35143109,1.075425081,15.21764234,8.086410275,9.45720045,8.96903285,9.061840364,4,-97.28975,32.45489,11,9
13.0466156,14.40590715,1.626030676,15.05988011,8.021584533,9.327323087,8.881975184,9.172638505,13,-97.4272,32.57312,11,13
13.04037211,14.1913958,0.20727013,14.8881751,7.812378206,9.255600503,8.919319398,9.192074563,12,-97.39741,32.54641,11,9
13.05717611,13.9789041,1.548245396,14.81357739,7.777792626,9.177300518,8.928772901,9.265207273,5,-97.37433,32.95741,11,13
12.91170654,14.07363508,1.614216106,15.0674652,7.042286172,9.22818029,9.030735123,8.929567708,12,-97.28036,33.16496,11,3
12.47176981,14.51826147,1.452329894,15.03513385,7.093404626,9.205227323,8.914088349,8.900276349,5,-97.30912,32.70202,11,13
12.85130765,14.0371009,2.310432805,14.72715692,8.057060682,9.155884186,8.915432254,9.159678457,12,-97.51631,33.10653,11,14
12.05178446,14.04084371,1.87851145,13.73199633,7.881182202,9.101640955,8.764053269,9.068315872,14,-98.02058,33.1338,13,8
11.43006546,14.67245969,0.42093955,14.34727228,8.058327307,9.093806556,8.594154233,9.225524507,6,-98.04908,32.44764,13,5
12.0165754,14.60100034,1.574453324,14.21143833,7.351158226,9.071078305,8.5754621,9.184509612,9,-98.061,32.45221,13,5
13.06268768,14.70422452,1.239166472,15.37343999,7.232733136,9.22857314,8.960981174,9.170455438,11,-97.30062,32.42584,13,9
13.01375091,13.33371285,1.475171247,14.2773371,8.023224685,9.113609183,8.974111581,9.377802066,8,-97.30059,32.60915,13,13
12.05240268,14.00100209,0.55194752,14.78153501,7.901007052,9.136801469,8.814776089,9.38345299,11,-97.59541,32.48934,13,9
12.19227793,13.14510286,0.167598236,14.54137949,7.805474625,9.257700943,8.994792897,9.251194366,9,-97.24614,32.96508,13,13
12.36279858,14.58051318,0.968161396,14.6246436,8.080237416,9.090768237,8.893160829,9.190647739,8,-97.55695,32.95186,13,11
12.88789848,13.54020491,0.642214897,14.31526715,7.648739789,9.280332744,8.823942327,9.12858787,6,-97.50254,32.3392,13,9
13.11829511,13.61705962,2.43491305,14.40526307,7.028201432,9.054972285,8.915835074,9.156939595,6,-97.32254,32.55505,13,13
13.19119517,13.71243632,2.466926651,14.65834246,7.859799181,9.148039346,8.863898604,9.079092085,9,-97.51747,32.74842,13,13
11.66695042,13.54632307,2.42549782,14.80490155,8.055157732,9.01371703,8.4740769,8.927314111,6,-98.15503,32.11736,13,5
12.71670525,14.56693938,1.621561637,15.22335748,7.962067309,9.366660126,8.781708986,9.312445595,3,-97.05977,32.87513,13,13
12.47622191,15.04169485,0.772497516,15.18255482,8.19753874,9.210940192,8.93458687,9.299449547,11,-97.36007,32.12527,13,6
13.29476254,14.31998747,2.393418404,15.09034417,7.776954403,9.311271091,9.005773206,9.145588495,14,-97.31338,32.51457,13,9
12.89896229,15.01215477,1.54018804,15.20368864,7.844632644,9.148039346,8.837100411,9.35617082,10,-97.59538,32.54411,15,9
12.64342717,13.99188111,2.404758647,15.0037094,7.645875825,9.141097469,8.929302842,9.046879823,8,-97.37823,32.33719,15,9
13.19550231,15.10192243,1.449018238,13.81551056,7.218909708,9.093806556,8.787220329,9.177507215,9,-97.59345,32.39835,15,9
12.70549247,14.93296161,2.59087816,14.68242279,7.193685818,9.143131622,8.887376485,9.05473864,3,-97.44255,32.49278,15,9
13.56850071,15.04312918,1.787569143,15.09627772,7.93522954,9.392661929,9.056023012,9.028818495,12,-97.12968,32.51043,15,9
13.47632605,15.18079551,1.617095556,15.40062586,8.040768994,9.367344121,9.049819445,9.207034915,11,-97.12952,32.51049,15,9
13.8735936,15.45445873,0.804228685,15.2756161,6.950814768,9.221280312,8.790725628,9.085343882,7,-97.51361,32.40516,15,9
13.54425024,15.48932248,1.07408661,15.35413623,7.624618986,9.259130536,8.856518497,9.150590368,10,-97.445,32.52555,15,9
13.27407623,13.52140792,1.8723809,14.18048278,7.626570206,9.199784858,8.903135633,9.271905728,8,-97.67444,32.84673,15,11
13.09826944,14.55887545,-0.245326856,15.44938037,7.210818453,9.254644298,9.017968479,9.246672301,7,-97.28347,32.3234,15,9
14.02404146,15.48811105,1.480435895,11.96586559,7.654443226,9.316320696,8.955577146,9.20532783,7,-97.24553,32.50579,15,9
12.75740565,15.06133523,0.959541534,14.95075945,8.156223323,9.125435865,8.772610303,9.078179468,7,-97.62229,32.28082,15,12
12.03776641,14.56720963,-0.581428996,14.22121164,7.571988449,9.140239744,8.506940815,9.121946221,4,-98.19797,32.84233,15,10
12.04076749,13.92436496,2.124026474,14.75202736,8.054840221,9.070618429,8.767796256,9.110741007,2,-97.8369,32.9725,15,11
13.48670506,14.4574997,2.291013842,15.36129532,7.514254653,9.210040327,8.963160243,9.33273498,6,-97.24269,32.52838,15,9
13.43160536,14.89029794,1.724993906,14.95176732,7.714231145,9.148464968,8.87626526,9.118773178,11,-97.47005,32.50777,16,9
12.03781374,15.08169985,1.766313357,14.68764207,7.619233416,9.132378831,8.846496939,9.21473072,6,-97.88896,33.22317,16,14
11.75169037,14.49014748,2.140731901,14.17159353,7.844632644,9.113278659,8.598773178,9.215128889,7,-98.05091,32.44548,16,5
12.63305133,14.0797615,0.618277983,13.75313929,7.880426344,9.075665469,8.74671635,9.106201332,7,-98.02395,33.06256,16,8
13.14243068,15.4650315,2.162422419,15.3665606,7.299797367,9.216322444,8.809862805,9.26530193,7,-97.59256,32.40016,16,9
12.97114506,14.37455475,1.52773544,15.30450545,7.611347717,9.215526899,8.9226583,9.17781718,3,-97.40005,32.95839,16,13
12.93045925,13.94307669,2.033076844,14.95749838,7.824046011,9.122928915,8.935903526,9.265869682,7,-97.40489,32.93818,16,13
12.64138778,13.72872643,0.921909119,14.52972721,7.33171497,9.195226734,9.047350743,9.157993892,9,-97.31438,33.11747,16,3
12.12498731,14.37849837,1.014378296,14.61021112,8.257904193,9.001099726,8.743531634,9.260272741,7,-97.65969,32.43962,16,7
11.72397214,13.88242126,1.921150385,14.38061525,7.05012252,9.042158379,8.626944055,9.253016646,10,-97.89383,32.33541,16,7
13.38384417,14.37820218,0.711697336,15.14502343,7.192182059,9.153875835,8.961366061,9.260748275,13,-97.27643,32.60972,16,13
13.68320356,14.69479492,1.410206972,15.43402436,7.895436007,9.301551252,9.040144995,9.127393451,11,-97.18597,32.45591,16,9
13.03590966,14.0289633,2.064485156,15.25049841,7.673223121,9.220587688,8.948975608,9.226705726,6,-97.68064,33.29139,16,14
12.73879576,14.06393192,2.236853465,15.29734144,6.938284484,9.314520191,9.052516287,9.121836973,5,-97.50525,33.1763,16,14
13.56337837,13.32592444,2.132398975,14.66425537,7.768110379,9.180293451,9.014568767,9.214929824,6,-97.23702,32.50496,16,9
11.20763595,13.74794773,-0.27785012,14.92956303,6.90475077,9.31379908,8.959054515,9.129997619,11,-97.4332,32.61341,16,13
13.06011556,14.0794121,0.707643613,14.84182882,7.221835825,9.119758994,8.924789361,9.31379908,6,-97.40787,32.58814,16,13
13.58119989,14.6056937,1.723734044,15.33800138,8.124150603,9.195835686,8.87696334,9.144200569,8,-97.40654,32.6139,16,13
12.10659479,12.89996954,3.053065095,13.71150912,6.658011046,9.262932822,9.060563447,9.208638925,8,-97.1698,32.34861,16,9
12.07842676,14.07742318,1.489802861,14.71289488,8.05610966,9.001099726,8.67419694,9.224834818,4,-97.92524,33.05132,16,8
12.73783555,14.64928887,0.927922466,14.87223431,7.580189418,9.042040057,8.746239288,9.088398701,12,-97.72226,32.49929,16,7
12.36187482,13.45532517,1.278761302,14.42556087,7.82084088,9.104979856,8.853093836,9.264733856,3,-97.5686,32.73569,16,11
13.63448496,14.81761195,2.33988969,11.93484774,7.629975707,9.340491056,9.05998249,9.243581706,10,-97.09354,32.52706,16,9
11.1227676,12.96453929,-0.348144067,14.25195482,6.910750788,8.956866471,8.465057437,9.246190025,12,-98.17299,32.11609,16,5
13.33269885,13.37062872,1.959228785,14.59632607,8.072467369,9.337413455,9.078635881,9.350623917,11,-97.20084,32.34578,16,9
13.41010295,13.55466514,1.112862956,14.83749663,7.600402335,9.338117742,8.996528148,9.252153875,12,-97.20087,32.34583,16,9
12.45694809,14.42896497,2.313253657,14.34653755,7.380879036,9.065661361,8.791333993,9.269552232,11,-97.56633,32.3333,16,9
12.25934323,14.41446299,1.804717557,14.93585694,8.180320875,9.280612425,9.034795799,9.116359309,4,-97.62548,33.18709,16,14
9.371353168,14.12514001,1.540815837,14.98207491,7.879291485,9.297251744,9.086589565,9.178849705,12,-97.12474,32.42285,16,9
12.26372344,13.87352283,2.091121204,15.0963594,7.912423121,9.166492972,8.869257523,9.052282067,5,-97.54115,32.80545,16,13
12.75913271,14.17127269,3.024030328,13.939705,7.73280753,9.225426009,9.030016818,9.157993892,10,-97.63544,32.75748,16,11
12.26085908,14.66566149,1.193594187,14.92605142,7.760040681,9.064852065,8.810757927,9.207837242,2,-97.70548,32.68047,16,11
12.96631289,14.41847479,-0.895962383,15.12273898,7.993282328,9.186867016,8.930890984,9.152181458,5,-97.33855,32.61822,16,13
11.09492208,14.64213913,1.149404544,14.25755829,7.760467029,9.102755161,8.830835366,9.116908427,3,-97.61666,32.32666,16,7
13.16546118,15.11341077,2.283805837,15.34846691,8.306225216,9.364348184,9.042040057,9.224046019,6,-97.13982,32.4717,16,9
12.35430298,15.02225951,1.860255908,14.5715161,8.234034208,9.17781718,8.757783656,9.359449795,2,-97.99447,33.12437,16,8
12.31904859,15.16119124,1.952785714,14.89653101,8.138856751,9.093918909,8.787983396,9.122601458,11,-97.6356,32.45597,16,7
13.00371947,14.02148354,2.183581867,14.19554777,8.03106018,9.238441802,8.908559375,9.193804403,4,-97.43467,32.34118,16,9
11.78347918,14.75684506,0.014125702,14.503224,8.255308812,8.922791624,8.77183541,9.126415137,4,-97.63038,32.46655,16,7
12.9488287,14.81282813,1.066393304,13.65393236,8.177515824,9.154193211,8.900821605,9.145268375,12,-97.39661,32.49528,16,9
12.10853699,15.12497517,1.307142865,15.18407314,8.19007705,9.299723933,9.061840364,9.291551627,5,-97.14539,32.42476,16,9
13.07986915,12.7685415,2.006064212,13.69221234,6.579251212,9.407714731,9.020389788,9.038958755,12,-97.64417,33.16797,16,14
12.85290098,15.122058,0.438054023,11.50911823,8.167351987,9.337853692,9.018816604,9.043813421,8,-97.23951,32.38042,16,9
12.31234075,14.5791162,1.612100845,14.514263,8.052614819,9.131729971,8.79209393,9.051930635,9,-97.56183,32.33724,16,9
11.23498248,13.72980124,1.8182065,13.81193618,8.100464891,9.033722518,8.500250471,9.212338375,7,-98.13266,32.36295,16,5
13.35631392,15.79128459,-0.033799522,15.7368812,7.964155719,9.487972109,9.024613022,9.392245175,4,-97.13067,32.49321,16,9
12.75551111,15.06592792,2.526301221,14.96908188,8.066207568,9.130755893,8.778171881,9.397898196,8,-97.59934,32.36764,16,9
11.94241955,12.49312952,2.657694703,13.13772085,6.988413182,9.04581944,8.974618038,9.063926354,9,-97.55361,32.9282,16,11
11.8683316,16.98891083,1.320054326,14.44443597,7.736743682,9.148464968,8.917176636,8.988570876,9,-97.63781,32.47916,16,7
12.09229346,10.89312168,0.91364093,11.54195986,8.055157732,9.177507215,8.750683035,9.162304923,6,-97.62049,32.37997,16,7
13.3448379,14.93510125,1.977071187,15.50245825,7.942717541,9.393494915,9.152711259,9.349841411,5,-97.11439,33.15194,16,3
9.793281985,13.46816199,1.316808182,14.57763141,7.809135398,8.944028325,8.712266432,9.166388484,11,-97.70481,32.0888,16,1
12.00260916,14.89995631,2.365251252,14.6510111,7.965198291,9.103979356,8.68440111,9.417435839,7,-97.69666,32.31646,16,12
12.28738071,14.31991561,0.487427226,14.48157838,7.020190708,9.021356672,8.810757927,9.256269304,6,-97.52316,32.29517,16,9
13.06118773,15.43400731,0.542306443,15.4143877,8.092239407,9.248791558,8.802372134,9.260082464,10,-97.51385,32.35122,16,9
13.4228516,14.00109346,2.015040138,14.95435651,7.7419679,9.123692565,8.921190556,9.084436955,8,-97.35551,32.95361,16,13
11.95785485,13.75097204,0.759008491,15.05170502,8.026496939,9.15641203,8.899321434,9.173676388,6,-97.42558,32.46912,16,9
13.72432576,15.23369111,2.542132407,15.23122876,7.546446274,9.321434419,9.14676139,9.2023082,12,-97.36381,32.52553,16,9
12.96693221,14.35375678,0.600118051,15.14644495,7.617759577,9.215725844,8.955448122,9.129889248,3,-97.35857,32.9507,16,13
13.38442606,15.47041884,1.389076064,15.362756,7.440733707,9.400960732,9.019179867,8.959568654,4,-97.15917,32.46299,16,9
12.66008979,14.67840051,0.215056492,14.85959485,7.869019376,9.157466882,8.906935339,9.15641203,4,-97.44398,32.9749,16,13
12.35296562,15.0263259,1.186445716,15.30567022,8.08147504,9.238441802,8.98757175,9.321881747,9,-97.55409,32.58812,16,11
12.96001149,14.87759717,1.382073635,15.02902529,8.084870629,9.304012848,9.05998249,9.376701909,13,-97.15404,32.55695,16,13
13.48923872,14.10623799,-0.037721297,14.74709258,7.275172319,9.264260214,9.047821442,9.240190394,9,-97.08833,32.55653,18,13
12.65438011,13.12236338,1.9580544,13.92007416,7.636752112,9.172430799,8.903951072,9.183482918,9,-97.45341,32.39802,18,9
12.67192392,14.1464317,1.112035707,15.00344056,7.726212651,9.237955539,9.017483513,9.089302044,10,-97.38615,33.1573,18,3
12.82280843,14.06334672,1.769053161,14.65102932,7.141245122,9.082847851,8.853665428,9.30091207,11,-97.73525,32.79909,18,11
12.56137715,13.44008957,1.229608205,14.39655119,8.135639903,9.083529205,8.895218584,9.216223035,6,-97.45622,32.32972,18,9
13.00833429,14.35526935,1.879116431,14.7686808,8.281470858,9.222367752,8.991811158,9.198773736,5,-97.20319,32.45056,18,9
13.24885329,14.75766395,1.086315799,15.5011281,8.11342664,9.261033486,8.936692688,9.257414779,6,-97.40066,32.98518,18,13
13.22063644,14.42870936,1.136246891,15.24137269,8.02486215,9.124782484,8.977777599,9.322775801,10,-97.39311,32.53499,18,9
11.91858389,14.06665831,1.629058996,14.46605604,7.548555979,9.086476385,8.914222821,9.29899207,10,-97.3553,32.62018,18,13
12.86049199,13.97558651,2.090341515,11.98292909,8.311398278,9.295783854,9.11195547,9.137769679,6,-97.02363,32.93558,18,2
12.04857052,15.35506234,0.929229475,15.13829946,7.898039691,9.11778639,8.688622307,9.217812387,8,-97.7765,32.45792,18,7
12.90091589,13.93685081,1.583868895,13.90586484,7.497207223,9.130755893,8.966611387,9.331229689,8,-97.31017,33.03266,18,3
12.54070748,14.3102068,0.463008595,15.20182492,7.106606138,9.210340372,9.029537661,9.174298601,5,-97.3431,33.14609,19,3
12.18643101,14.64143885,-0.410414587,15.00946575,7.40731771,8.986571625,8.781555459,9.189933562,3,-97.64619,32.45479,19,7
13.0322242,14.14095579,1.416629912,15.24825234,7.198183577,9.306468399,8.88930832,9.23960787,8,-97.40896,32.58072,19,13
11.91601442,13.27425494,2.145651819,14.1163038,6.638567789,9.082507,8.915969311,9.355306142,3,-97.24748,32.95051,19,13
13.08962529,14.0958379,1.99892346,14.87236083,7.631431665,9.148464968,8.99342737,9.096947685,5,-97.25386,33.06975,19,3
12.91699344,14.55638114,1.201682322,15.07584876,7.762170607,9.099743951,8.76561455,9.240481529,4,-97.78089,32.69841,19,11
12.53397253,14.48333993,0.687144172,15.07444246,7.333676396,9.159257582,8.895629627,9.032409163,3,-97.53664,32.67224,19,13
12.55007007,14.5645545,1.867539024,15.08166348,8.063062911,9.009814111,8.832003931,8.95635094,5,-97.75557,32.63929,19,11
13.18531189,12.09054955,2.89250974,14.75183918,8.164794804,9.31289696,9.030136571,9.290998275,12,-97.40255,32.28108,19,9
12.63118024,15.30485777,2.358715548,15.05393522,7.784057003,9.116139577,8.75888368,9.405084449,8,-97.6379,32.3721,19,7
12.36405882,13.91899632,1.547758566,14.80276885,7.982074875,9.209439967,8.838841813,9.259320994,6,-97.5562,32.389,19,9
13.45699249,14.36527801,1.755706464,15.13653493,7.24636808,9.278372782,8.906799884,9.29468152,7,-97.38624,32.54462,19,9
12.46480725,13.30301688,1.309238169,14.56969169,7.272398393,9.184099061,8.946114376,9.220092663,8,-97.21089,32.79341,19,13
12.03864167,13.81134489,0.259418609,13.68722936,8.062747901,9.024853812,8.760923376,9.253495642,7,-97.72164,32.56328,19,11
13.50791961,15.2700802,1.672780755,15.4167679,7.742835955,9.234545061,9.067047202,8.994668836,10,-97.1337,32.50673,19,9
12.13744042,14.38309452,-0.000757598,14.39861628,8.111628078,8.962647948,8.797246237,9.062420242,9,-97.5179,32.32015,19,9
12.35295267,15.10804354,0.60188803,14.8530535,7.642044403,9.033722518,8.688116703,9.374413094,3,-97.70136,32.31217,19,12
12.02294877,14.11450342,1.928700315,14.67129431,8.171034189,9.242517104,9.093019729,9.090430075,8,-97.39897,33.39018,19,14
11.75444317,14.53139723,2.387636892,14.29320082,7.321188557,9.165761329,8.99069071,9.215825302,6,-97.29824,32.16435,19,6
11.92130632,14.47251229,2.217145829,14.75823677,8.30498958,9.106090351,8.85509298,9.249561085,8,-97.5569,32.66485,19,11
13.21759719,14.13603487,1.300590861,14.56801191,7.392647521,9.240869577,9.07612303,9.229652683,7,-97.23693,32.50495,19,9
13.2798576,15.17971267,1.469866632,15.89418956,7.918264686,9.30810209,8.955190025,9.297984882,7,-97.36592,33.01251,19,3
13.52191504,14.20416855,0.834510753,15.35198329,8.156223323,9.382106415,8.962391702,9.258654232,8,-97.2778,32.51713,19,9
13.30315877,14.35269375,1.974606314,15.03435266,7.880804345,9.271435471,8.888756748,9.37585481,9,-97.40121,32.60182,19,13
13.32778929,14.30188569,0.749075079,15.42730928,7.436617265,9.35357454,8.946505026,9.162199997,8,-97.28358,32.55877,19,13
13.12949985,13.61705962,1.088913973,14.75385315,7.949797216,9.100971835,8.906528918,9.17781718,9,-97.45025,32.99575,19,14
12.7505777,13.66433877,1.967602318,15.01457132,7.87245515,9.073718494,8.737292113,9.412464556,2,-97.69378,32.50706,19,7
12.87624798,13.74293987,1.758762813,14.52685908,7.176254532,9.095826985,8.896177422,9.246768729,4,-97.41561,32.60195,19,13
12.26416229,14.03665211,-0.033843356,15.02933725,7.751045118,9.132378831,8.849370504,9.108971878,3,-97.61591,32.81298,20,11
13.24080042,14.3956682,1.116299461,14.92310439,7.897296473,9.104201776,8.950662496,9.069928218,6,-97.2927,32.60902,20,13
13.78364108,14.46950102,1.353796149,14.41790118,7.773594467,9.129672469,8.932872622,9.100748695,6,-97.41258,32.84117,20,13
12.30366204,13.61909657,2.57784252,14.00969316,8.323122888,9.052867513,8.853522561,9.144200569,12,-97.59001,32.72277,20,11
11.70844291,13.91118431,2.025522132,14.58657943,7.62754439,9.02737861,8.852378887,9.308555419,6,-97.6568,32.58937,20,11
12.7902779,14.74109794,2.570052628,15.28847836,7.181591945,9.254548627,8.836373931,9.232101864,3,-97.78301,32.6982,20,11
12.80797587,14.84611271,0.97759643,11.69857481,6.932447892,9.227983807,9.011889433,9.182969175,6,-97.1467,32.53409,20,9
11.73496441,14.6230274,0.092178089,14.26646133,7.507690078,8.839276691,8.612503371,9.259796981,2,-98.03127,32.93094,20,11
11.4543213,14.79216423,2.365001347,11.51292546,8.257644958,9.081597496,8.779557456,9.17232693,6,-97.60154,32.39228,20,9
11.69276895,13.45883561,2.237288245,14.46648379,7.599401333,9.086476385,8.990316948,9.238733446,2,-97.2888,32.19417,20,6
12.66610801,14.41804789,2.110214555,14.86659509,7.794411206,9.132162591,8.828787084,9.294405747,8,-97.56672,32.58957,20,11
12.43018772,14.8909361,1.370015636,15.2757712,7.949797216,9.276315361,8.909235279,9.103868127,13,-97.58319,32.33748,20,9
11.65692191,14.60963366,1.04967595,14.92243818,7.301147806,9.197559038,8.931948346,9.123801611,11,-97.17649,32.50211,20,9
12.69401442,14.71252061,1.564126869,15.04144249,7.678788998,9.050406334,8.73456009,9.15324078,6,-97.64788,32.42076,20,7
12.49082669,13.77239427,1.508367612,15.00977115,7.668093709,9.235032985,9.029537661,9.398478314,4,-97.35364,33.14113,20,3
11.05402793,13.67969083,0.40698629,14.89163181,7.649692624,9.286560398,9.005773206,9.299541017,12,-97.29642,32.35111,20,9
11.43809415,13.91082074,0.866245365,14.78962255,8.273081334,8.960596139,8.787220329,9.25157828,6,-97.53133,32.35252,20,9
13.47877269,14.4316849,2.488431356,15.19912283,7.362010551,9.287301413,9.038483865,9.144200569,10,-97.31305,33.11183,20,3
13.47486643,14.67162657,0.003323212,11.87369302,7.766416898,9.231612507,8.929302842,9.269552232,3,-97.21602,32.78498,20,13
13.41185481,14.49820328,2.43522476,11.66138857,7.768533301,9.258654232,8.959311617,8.961237781,13,-97.21098,32.79335,20,13
12.29003688,13.14414835,1.965583106,14.79696861,7.364547014,9.172119159,9.034795799,9.27799902,12,-97.69585,32.86405,20,11
11.42610316,14.87260617,2.070825665,13.36434909,7.551712215,9.051461867,8.997147152,8.973351414,6,-97.29696,32.18668,20,6
12.62287326,14.68345103,0.891669417,14.95201383,7.471363088,9.190647739,8.962776046,9.085797037,12,-97.2795,32.41114,20,9
11.86744809,12.70028401,0.280712291,14.4350112,7.599401333,9.08000387,8.927314111,9.325453179,4,-97.49544,32.94749,20,13
13.38174165,15.25859443,0.109274663,15.30351819,7.720461695,9.239122173,9.059866259,9.122601458,13,-97.10458,32.53032,20,9
13.28088563,14.76738733,1.331876674,14.60350508,7.337587744,9.091782036,8.918650278,9.272375763,6,-97.46181,32.51768,20,9
12.28588148,14.3111332,2.272237613,14.62641411,7.35436233,9.265207273,9.038365107,9.024010794,3,-97.35335,33.21491,20,3
12.51455685,14.98873545,1.43114541,14.73414414,7.430114139,9.166701915,8.752897525,9.277438116,6,-97.58043,32.24982,20,9
12.09095356,14.67906527,1.999318465,14.38583565,7.907283609,9.048879706,8.896724917,9.247828816,4,-97.40118,32.51855,20,9
12.46129222,15.06793061,1.577617571,14.76154726,8.087332926,9.196241448,8.821732381,9.213335881,2,-97.55508,32.47127,20,9
12.33180621,14.63771037,0.878635961,14.8592301,7.526717561,9.016512875,8.784162222,9.199279425,10,-97.58168,32.23564,20,9
13.69130469,15.3251699,1.132281444,14.98506954,7.36264527,9.152711259,8.927977461,9.104312967,11,-97.37459,32.38899,20,9
13.76438251,15.23062729,1.199146573,15.10795952,7.832014181,9.123583508,8.906799884,8.917578754,12,-97.37467,32.38899,20,9
10.85158698,13.12336488,2.524309387,12.20607265,7.770645234,8.77183541,8.556413905,9.114269903,4,-97.83873,32.2014,20,12
13.12601072,14.96747402,1.880336276,13.01700286,7.563200592,9.315600883,9.012377119,9.438352055,6,-97.12584,32.53976,20,9
13.18559354,14.79533931,2.29485812,10.6454249,6.89060912,9.345745009,9.012499004,9.093019729,7,-97.12591,32.53972,20,9
11.16942056,13.43420914,0.83962608,14.4214678,7.859413155,9.326789185,9.126415137,9.230633075,7,-97.37579,33.31162,20,3
12.17231419,14.38771421,2.734384229,14.00644822,7.980365765,9.073947747,8.726643416,9.068776808,7,-98.02563,33.1065,20,8
12.50724334,14.43306204,1.900391216,14.97234836,7.372118028,9.001715907,8.757783656,9.126958763,2,-97.71418,32.5588,20,11
12.38276589,14.75262301,1.882642234,14.95026125,7.407924323,9.006018575,8.727454117,9.225228984,2,-97.70027,32.45517,20,7
12.44401811,15.416755,1.877222764,15.31185099,7.407924323,9.348274558,9.076694687,9.061376219,11,-97.20113,32.15698,20,6
13.20851722,14.41104491,2.21141883,14.94954404,7.035268599,9.187174094,8.995908761,8.929964875,4,-97.21583,32.63849,20,13
13.09734911,14.35434038,2.590241896,14.75526544,8.163940955,9.163667964,8.941152882,9.18962733,6,-97.33958,32.51705,20,9
12.13087485,14.32643418,1.046155797,10.08580911,8.009363077,9.192787213,8.677609913,9.120306249,3,-97.86427,32.65776,20,11
13.70549701,14.69845131,1.424838587,15.43668453,7.289610521,9.294037931,8.875007486,9.164296433,4,-97.46875,32.86588,20,13
13.08368284,13.53075753,1.424380957,14.33063692,7.717796211,9.265585846,8.954027759,9.304832035,9,-97.43502,32.40776,20,9
11.66588687,13.90425377,1.741173876,15.18343981,7.718685495,9.190953658,8.909235279,9.293485953,7,-97.54961,32.98613,20,11
13.58553497,14.82554005,0.159599578,15.26486281,7.592870288,9.275753511,8.909235279,8.880307359,11,-97.30281,32.81464,20,13
12.8854606,13.90352144,1.100938965,14.62424637,8.243282523,9.092682329,8.945071894,9.275191344,11,-97.30286,32.98154,20,13
12.72486346,14.07046281,1.594888964,15.26397517,7.361375429,9.192990734,8.829079953,9.103645633,9,-97.53794,32.7855,20,13
11.12993588,13.61335888,2.461354818,13.39838473,7.730614066,8.914894909,8.707813551,9.006141237,8,-98.07618,33.04602,20,8
12.6541725,13.57496649,1.49510749,14.35598547,7.587310506,9.209940292,8.922124824,9.063463176,7,-97.41834,32.30727,20,9
12.97426468,14.23626748,-0.286530776,14.37755539,7.767687277,9.112727543,8.865029187,9.067970031,13,-97.56772,32.59864,20,11
13.64823208,14.3557105,2.800281134,14.75742927,7.767687277,9.169830829,8.946244609,9.149953222,8,-97.30644,32.5325,20,9
12.19195344,14.29174474,1.755845599,11.23321156,7.696667082,9.17812705,8.905172985,9.145908512,4,-97.40783,32.21419,20,9
11.10351257,14.29806016,2.008525046,14.46682482,7.99193052,8.964695555,8.665613197,9.01371703,14,-97.78845,32.36213,20,7
12.40737541,14.99808463,0.985674476,13.71015004,7.908754739,9.059517482,8.579228582,9.007489524,7,-97.85711,32.50746,20,7
13.19546327,14.40344055,1.874449654,15.05261964,7.848933726,9.211040127,8.883501584,9.144948153,10,-97.54843,32.58973,20,13
12.41984038,14.92023745,0.474765882,15.26533919,7.351158226,9.242323418,9.089302044,9.211040127,13,-97.13899,33.08323,20,3
13.31903153,14.4986074,1.196543424,15.27927,8.226305988,9.345133468,8.923591198,9.135077887,9,-97.37021,32.561,20,13
13.50801618,15.13373243,0.804688292,15.93114178,7.176254532,9.441531455,9.056606272,9.115590035,4,-97.03245,32.94687,20,13
11.58273134,13.67693791,1.409670679,13.68244306,7.524021415,8.889859588,8.586719254,9.550448847,5,-98.14046,32.94346,20,10
13.63177881,15.72534932,1.1991805,15.6664379,7.89319887,9.42577428,8.988945291,9.34119318,12,-97.25009,32.50287,20,9
12.64547853,15.48333058,1.980337641,15.42204947,7.379008128,9.165029149,8.711443319,9.266342562,6,-97.64576,32.35403,20,7
12.46757885,14.17959796,1.786704235,14.95113728,8.282483004,9.224144653,8.924523226,9.211439767,6,-97.39787,32.54747,20,9
12.96654664,14.57519426,1.54670954,15.50803957,7.572502985,9.251002354,8.974618038,9.247154345,12,-97.28058,32.99575,20,3
13.27341784,14.7835053,1.601574162,15.57498751,7.919356191,9.348274558,8.917310693,9.052516287,3,-97.40587,32.54789,20,9
11.9939494,14.11915111,1.981894425,17.21626164,7.857867559,9.318746246,9.024010794,9.446202696,6,-97.04403,32.91778,20,13
11.76045719,13.70681114,1.871408137,14.55010098,7.609862201,9.077951184,8.824677891,9.075551046,4,-97.59116,32.68035,20,11
12.65018138,13.30942037,1.737756159,13.62852775,7.795646536,9.078635881,9.002577923,9.174713194,4,-97.21092,32.51241,20,9
13.12641715,13.97251431,1.584497636,14.70522977,8.315077007,9.214033544,8.924656302,9.11018849,12,-97.34786,32.82301,20,13
12.75811986,14.43656811,1.917868711,15.2587163,7.580189418,9.225228984,9.005773206,9.121071904,8,-97.56388,33.16789,20,14
12.58271295,14.99379626,1.492070788,14.73177089,7.592366129,9.045465729,8.726481196,9.138629524,12,-97.67524,32.23958,20,12
12.81910732,14.38036347,-0.102274246,14.93176628,7.677863501,9.2060311,9.086136769,9.108750516,12,-97.538,33.16057,20,14
12.79849024,14.52747949,0.072764862,14.58538727,7.659171368,9.17781718,8.867427439,9.324561516,12,-97.55511,32.94485,20,11
12.53173307,14.35754411,0.555685161,15.15833724,8.076515328,9.184612223,9.020026965,9.196748418,11,-97.36877,33.04805,20,3
13.13631559,13.92953543,0.753434529,14.77727396,7.763021309,9.137662146,9.073259831,9.092344814,4,-97.21043,32.46369,20,9
12.82975452,14.18707411,1.653458799,15.16027643,7.212294469,9.169518377,8.888756748,9.178436823,12,-97.68427,33.2821,20,14
12.95967502,14.12824615,0.480134487,14.53399502,7.308542798,9.178540059,8.998754769,9.251002354,12,-97.18114,32.54953,20,9
9.799403999,13.81399741,0.179602655,13.66428759,7.053585727,9.09403125,8.847934753,9.084436955,9,-98.06536,33.05183,20,8
12.02501829,15.12764695,1.907543554,14.84687345,7.882692206,9.060679597,8.681690163,9.336620538,4,-97.67522,32.23955,20,12
12.32765733,14.32587968,0.358605426,14.40788004,7.678788998,9.233177606,9.044757931,9.338205743,9,-97.60012,33.18017,20,14
12.76190701,14.34023909,0.329824321,14.98429609,7.852827812,9.241839039,8.997147152,9.376363156,6,-97.33918,32.39039,20,9
12.03479785,15.18058128,-0.157681226,14.70798635,7.599901959,8.982184279,8.615226932,9.243001154,8,-97.68235,32.23732,20,12
13.22132144,14.8060921,0.224838008,14.71665192,7.608374474,9.245321341,8.889721799,9.366403508,4,-97.44434,32.50811,20,9
11.53353169,13.70007165,1.82927489,10.59663473,7.96797318,8.974618038,8.699514748,9.120415664,10,-97.94535,32.43878,21,7
12.90572611,13.92394873,2.36492048,14.77305916,7.751475318,9.137554602,8.956995312,9.225031921,7,-97.4997,32.9505,21,13
13.60090297,14.81872293,2.409779171,15.4497082,8.217168596,9.227197489,8.92345798,9.007856923,5,-97.49977,32.95061,21,13
13.03225485,13.8056087,1.286670391,14.54905276,7.982757702,9.078407701,8.946114376,9.112727543,9,-97.36226,32.9178,21,13
12.52579466,14.37740945,1.77943085,15.29854748,8.173011312,9.251482315,8.978029933,9.229652683,7,-97.32991,32.34929,21,9
12.57230131,13.92526142,1.905124374,14.69627027,8.228977643,9.126632623,8.863191341,9.153875835,6,-97.576,32.73696,21,11
12.00060323,14.06665831,1.533702951,14.47215142,7.96276393,9.247925132,9.065545787,9.220092663,6,-97.13339,32.47423,21,9
12.22790752,13.91263727,0.283746493,14.64457927,8.393894975,9.127393451,8.919988071,9.036225052,8,-98.02976,33.18867,21,8
11.05277711,13.56894356,1.501930363,13.86857159,7.775275846,8.993799972,8.774931387,8.98168164,3,-98.09014,33.19669,21,8
12.41281442,14.65759485,1.876766615,14.42091773,7.760467029,9.159888828,8.979542602,9.096723645,7,-97.28445,32.14353,21,6
13.15461564,14.41104491,0.091276851,14.80530748,8.055157732,9.239025006,9.024613022,9.266909723,8,-97.21588,32.63849,21,13
11.22697523,14.24599343,1.179654421,14.11804036,7.937374696,9.220290703,8.881836305,9.449750896,3,-97.55222,32.2501,21,9
12.52300886,13.78676534,-0.03839076,14.71275791,7.605890001,9.120525068,8.948975608,9.198166571,8,-97.2699,32.56563,21,13
12.68866853,14.67223301,1.876974461,15.07176912,7.759187439,9.091556836,8.83025057,9.232982102,7,-97.59575,32.31616,22,9
12.04031908,13.37327306,1.497214921,14.60209617,7.507690078,9.314790473,9.143238568,9.054271186,5,-97.41461,33.34353,22,14
13.13079374,13.72777164,0.388983963,14.64842142,7.147559271,9.108529106,8.857088135,9.269552232,6,-97.53845,33.05352,22,14
12.16430228,13.53370717,-0.031240824,14.56328228,7.910223707,9.193906066,8.865029187,9.011279491,9,-97.53707,32.94153,22,13
12.92033776,12.8293337,1.772389275,13.46041437,7.461640392,9.02569612,8.901230352,9.372204087,8,-97.39671,32.81966,22,13
12.55042801,14.39622449,1.919908093,15.41927521,7.241366283,9.285169513,9.04192172,9.360655133,2,-97.15304,32.363,22,9
12.8697318,14.05418252,-0.255095961,14.53920392,7.470224136,9.3017338,9.108307646,9.311271091,4,-97.20426,33.20858,22,3
11.61097734,12.99039191,0.31446225,14.05399503,7.333023014,9.035510681,8.890135108,9.265775079,11,-97.54943,32.72859,22,11
12.24050306,13.46896698,1.42239656,14.99775234,7.469654173,9.279959714,9.006999448,9.102198213,9,-97.56125,32.99303,22,11
12.42371308,14.39982509,1.141188317,14.32959686,6.962243464,9.057888249,8.822911626,9.290721484,12,-97.58663,32.26819,22,9
12.60995984,14.12902995,1.970496345,14.95201383,7.650168701,9.104979856,8.881836305,9.236495329,11,-97.49401,32.2995,22,9
12.41241179,14.38602955,0.594798088,11.69524702,6.701960366,9.122928915,8.933004592,9.169518377,3,-97.3967,32.44585,22,9
12.94254987,15.16826287,0.944323008,12.25486281,7.989560449,9.308917935,9.035986985,9.240869577,10,-97.13032,32.44371,22,9
11.71678833,14.28965996,1.717194133,14.38245145,7.816819966,8.991313336,8.710949126,9.244741799,12,-97.90305,32.73554,22,11
12.80242805,14.13804106,-0.255651009,14.95625087,6.516193076,9.234935419,9.066816362,9.293025739,7,-97.2882,33.1354,22,3
12.57385665,13.61094339,0.461758013,14.7075086,8.104401308,9.108307646,8.935903526,9.255409335,12,-97.30272,32.81455,22,13
11.46375623,13.8071618,0.169198616,11.40756495,7.697121317,9.184817415,9.076808979,9.138199694,8,-97.0902,32.49142,22,9
12.15512666,14.37126175,1.597396922,14.0039815,8.153061947,9.090993614,8.766394277,9.105202054,8,-97.99541,33.12966,22,8
12.12809489,14.31024765,0.414193841,13.94412714,7.852439085,9.132378831,8.756210092,9.081256219,14,-98.04608,33.10167,22,8
13.26295454,15.33108802,0.530172227,15.22892921,7.549082711,9.164296433,8.794824928,9.131621787,8,-97.59141,32.40052,22,9
11.15539301,13.59859756,0.747160238,14.7247235,8.046229101,8.987821625,8.779557456,9.094368196,11,-97.71497,32.81212,22,11
13.14001271,14.10683599,0.703117652,14.85087842,8.185907481,9.134970065,8.922924931,9.242710752,7,-97.35766,32.41091,22,9
12.46047452,13.70489068,1.312594272,15.13553209,7.022868086,9.193194213,8.957381736,9.060679597,4,-97.38205,32.60582,22,13
13.34257624,14.11435658,1.001160087,15.18846433,8.006367568,9.295140974,8.995536945,9.184201714,4,-97.25911,32.56562,22,13
11.93833698,13.72054692,1.937595946,14.948043,7.524021415,9.230927006,9.045465729,9.177197153,14,-97.5541,32.969,22,11
12.23168678,13.77480106,2.608765853,14.50522786,7.774855767,9.085910294,8.823206221,9.225031921,12,-98.0296,33.18864,22,8
12.90069374,13.90291228,1.213114171,14.92660857,7.926602599,9.096275416,8.906528918,9.324115386,9,-97.39506,32.25139,22,9
12.3812437,14.37977495,1.597444229,14.70182526,8.196987927,9.027858802,8.797850649,9.108639817,12,-97.7431,32.54528,22,7
12.73819977,14.59079057,1.634794611,14.97025929,8.297792626,9.022925868,8.72907355,9.082507,12,-97.81825,32.66503,22,11
11.54446289,13.62510642,0.872584128,14.35870424,8.236155662,9.130214327,9.012620873,9.122601458,13,-97.33863,33.15895,22,3
13.12711607,14.320136,0.900791395,15.18716528,7.212294469,9.301094735,9.017483513,9.317579123,3,-97.38184,33.14,22,3
11.99518493,14.05755515,1.582314742,14.67184744,7.843064017,8.989693701,8.800867242,8.949624748,12,-97.78476,32.68759,22,11
12.73381438,14.72489429,0.367822135,15.10103883,7.502186487,9.156939595,8.727454117,9.00944743,10,-97.90236,32.7393,22,11
12.51414541,14.65552481,0.695071999,14.91490387,7.217443432,9.186764635,8.862483576,9.366146823,12,-97.56868,32.3087,22,9
12.62779161,14.64606909,1.921127711,14.86855209,7.07834158,9.135724579,8.788745882,9.163143937,5,-97.76677,32.64291,22,11
12.77582828,14.00513869,1.73343588,14.92787978,7.522940918,9.148464968,8.935377072,9.243775148,6,-97.50095,33.10078,22,14
12.54343734,13.59519052,1.794837215,14.40308387,7.707512195,9.015055149,8.813141008,9.08262063,13,-97.56738,32.60696,22,11
13.6236452,14.01283566,2.246857803,14.92768644,8.11939859,9.26926944,9.008346579,9.18962733,6,-97.22198,32.48266,22,9
13.10663432,13.9116622,2.625419504,14.77152649,8.142063283,9.218606116,8.951440101,9.148039346,4,-97.3265,32.96515,22,13
12.47935402,13.9408825,1.992675353,14.74643056,7.868254266,9.054271186,8.861917004,9.092569836,4,-97.56066,32.63187,22,11
11.95155452,13.91082074,1.25025473,14.67459073,7.450660796,9.191055611,8.885579291,9.00944743,7,-97.5323,32.70435,22,13
12.81050063,14.03925393,1.490857348,14.93008674,7.424165281,9.251194366,9.002208578,9.157993892,7,-97.2361,32.58655,22,13
13.72157124,14.00604827,2.069530146,15.29609412,7.778630147,9.257891674,8.959440144,9.023890305,7,-97.28104,32.55913,22,13
12.4681561,13.69505896,0.675868411,14.56650675,7.83715965,9.112617283,8.91355028,9.276128113,7,-97.37544,32.83014,22,13
11.69514702,13.23211424,2.859377677,14.0261134,7.977968093,9.004913941,8.865452826,9.225721474,12,-97.57594,32.73691,22,11
11.69301954,13.63837951,1.19147325,14.37669312,7.729295674,9.090542809,8.884887202,9.0654302,12,-97.57076,32.67883,22,11
12.42866805,14.41126539,-0.037115327,12.5040639,7.497761701,8.93616665,8.696175847,9.200290036,6,-97.62348,32.24434,22,12
12.37255695,15.06369162,1.751286686,14.73245947,7.499423291,9.142275641,8.77801781,9.258654232,6,-97.70565,32.46401,22,7
11.49541301,14.79608978,2.307779034,15.02028844,7.863651265,8.959568654,8.69282576,9.265775079,6,-97.66814,32.42704,22,7
12.08961186,10.36891824,1.628169481,15.06211862,7.496652438,9.03025631,8.741935464,9.120743838,8,-97.70036,32.45513,22,7
12.08371855,13.56061573,1.782726089,15.16871235,7.827639546,9.009691898,8.70450229,9.01371703,3,-97.64673,32.3539,22,7
12.5978816,15.27086446,2.083355441,15.37768578,6.910750788,9.091782036,8.773384597,9.098738195,12,-97.67242,32.39032,22,7
13.03908611,14.8822193,1.7125797,15.00928756,7.582738489,9.020631597,8.774931387,8.946374826,11,-97.67236,32.39023,22,7
12.43930909,15.07533426,0.182359224,15.19106798,7.24636808,9.018210874,8.70582811,9.152605321,8,-97.64668,32.35374,22,7
11.5563776,13.92508219,2.211812361,14.77175251,7.755338813,9.048409505,8.740336743,9.125326998,12,-97.88269,32.85288,22,11
11.71988272,12.1549425,1.30557289,9.210340372,7.741533589,9.038958755,8.612503371,9.293025739,6,-98.03608,32.95493,22,11
13.51138605,15.15113774,-0.067626596,15.46345739,6.33150185,9.363061459,8.997147152,9.224834818,12,-97.1508,32.47592,22,9
12.34639965,14.63310298,2.113923939,14.27152428,7.103322063,9.116139577,8.782783017,9.00944743,9,-97.90513,32.97188,22,11
12.18136491,12.75408711,2.499043019,12.5158415,7.608870629,9.024251729,8.751474487,9.376701909,7,-97.70556,32.46405,22,7
12.4784634,14.52157396,1.199018821,14.36758253,8.011355109,9.066816362,8.822911626,9.065083359,9,-97.59222,32.4067,22,9
13.06483807,15.58270407,1.76086762,15.56190753,7.849713758,9.485165142,9.068776808,9.048409505,2,-97.09301,32.45188,22,9
12.71513772,14.93320626,2.134873373,15.08549186,7.791522819,9.418248451,9.068200605,9.194617412,8,-97.13082,32.44432,22,9
12.2701595,13.23797517,1.83000131,15.34040053,7.582229194,9.359622075,9.048409505,9.341368634,5,-97.23411,32.02048,22,6
12.79899886,13.91535589,2.402367034,14.89438534,7.85902698,9.189116736,9.005282288,9.089640587,9,-97.41158,33.09497,22,14
12.88918464,14.15376692,0.902354428,15.0923025,8.098034756,9.247636157,9.041448235,9.077951184,4,-97.51658,33.21387,22,14
12.26101054,14.25180874,1.556242842,14.8333357,8.072155308,9.121836973,8.874867636,9.085683767,12,-97.59434,32.97357,22,11
11.68357922,15.06110504,1.13219881,14.95604951,7.157735484,9.059750013,8.764053269,9.189116736,2,-97.63375,32.34305,22,7
12.28342713,14.59676019,0.911882409,14.8147687,7.23417718,8.912203842,8.681011277,9.257891674,10,-97.7025,32.44323,22,7
12.73903934,15.42534839,1.016702219,15.42293364,7.761744985,9.115150185,8.737131612,9.143238568,12,-97.67248,32.3904,22,7
12.53523969,14.97578223,1.772776449,15.09241965,7.944846711,9.105202054,8.840724917,9.071078305,9,-97.70246,32.44316,22,7
12.96716348,10.85769045,1.052406282,15.13917178,7.639642288,9.128045129,8.696175847,9.266815219,9,-97.6521,32.39911,22,7
12.81886895,14.98675354,1.238065823,14.76342088,7.591861715,9.064389316,8.77183541,9.136263169,2,-97.59605,32.23787,22,9
11.76704817,14.65953163,2.528473325,12.28649989,7.912056888,8.895903562,8.58485184,9.219002745,12,-97.8642,32.4926,22,7
12.67821461,10.61140019,1.571991237,14.9987691,7.855544678,9.092907275,8.74671635,9.233763887,10,-97.6562,32.39533,22,7
10.91543386,9.043459,1.557049025,14.07996034,7.591861715,9.003439196,8.826147399,9.289151552,9,-97.5923,32.13023,22,1
12.47773966,15.13886512,1.250726465,15.13621625,7.697121317,9.163458386,8.809564253,9.140454245,6,-97.53178,32.35098,22,9
12.6681827,15.1923857,1.633964438,15.18682427,7.33432935,9.224834818,8.83025057,9.060563447,7,-97.53548,32.3493,22,9
12.10972142,14.9229924,2.367284832,14.95000337,8.077447149,9.183585635,8.913281138,9.232493177,3,-97.6526,32.74264,22,11
10.64953548,14.11014168,2.430385455,13.93848012,7.959625305,9.046055178,8.805075244,9.420196029,8,-97.65265,32.74267,22,11
12.80658905,14.47605655,1.206811876,15.1103095,7.757051142,9.158520623,8.977146485,9.257796313,8,-97.38071,32.53046,22,9
12.55570082,15.12362714,1.465850834,14.8359429,7.586803535,9.031452912,8.724207361,9.375939553,8,-97.63871,32.33001,22,7
11.18539315,14.68546411,2.056092015,14.78693926,7.692569648,8.91355028,8.659560433,9.098290868,11,-97.71439,32.28674,22,12
14.33307741,13.57933622,1.511901729,15.2164472,7.576609767,9.195226734,8.955706154,9.273878393,8,-97.30324,32.56547,22,13
12.72659708,13.98946387,1.434028584,14.62678738,7.864035659,9.070273383,8.931287626,9.194414221,11,-97.50205,32.94326,22,13
13.52792315,14.37659156,1.757288314,15.19240437,7.505492275,9.214332393,8.98844604,9.078179468,13,-97.22516,32.51749,22,9
12.51273348,17.28485868,0.369259924,14.74128498,7.93701749,8.99305463,8.739536423,8.924257021,13,-97.63447,32.33384,22,7
11.17139244,14.74598029,1.212882578,10.35774282,7.329093736,8.945332617,8.651724084,9.201299627,4,-97.85511,32.5178,22,7
12.35382864,15.01776188,1.601727379,14.66755713,7.565275282,9.004791129,8.725832057,9.078978054,9,-97.63455,32.3338,22,7
12.09752929,13.16590359,1.404406624,10.60905725,7.147559271,9.164505836,8.621553207,9.045465729,3,-97.86133,32.51631,22,7
12.41792873,10.42942836,1.172338156,14.77301079,7.064759028,9.118444357,8.790269111,9.142061531,9,-97.59594,32.23773,22,9
11.63391225,14.68462582,2.478163619,14.92722859,7.973499964,9.088850474,8.804775259,9.027618735,9,-97.65223,32.47609,22,7
12.8989848,14.1914782,0.898951446,14.77178402,7.163946684,9.222861653,8.936692688,9.323936879,11,-97.20686,32.79759,22,13
12.19445543,14.46195914,-1.334622973,15.03460091,7.591861715,9.1338912,8.884610232,9.154193211,11,-97.50978,32.70229,22,13
12.16242374,14.52944028,2.375020005,14.5056442,7.577633833,9.166597449,8.944028325,9.075665469,14,-97.35098,32.48758,22,9
12.1483217,14.14940805,-0.978963222,14.73368432,7.418780883,9.241451367,9.07222707,9.246190025,13,-97.23108,32.16212,22,6
11.59510435,13.20235685,-0.370851563,13.96493695,8.294549515,9.246190025,9.126958763,9.139381283,6,-97.27549,32.38667,22,9
10.9251648,9.299998244,-1.005685241,14.39370469,7.844632644,8.925454387,8.709465079,9.137769679,4,-97.63068,32.14547,22,1
13.41227995,14.13759406,0.459112121,16.61352309,7.858640656,9.157466882,8.906528918,9.143131622,9,-97.31742,32.52746,22,9
13.67951671,14.79391187,1.476910235,15.54291389,8.058327307,9.39507568,8.971829344,9.256651275,6,-97.31742,32.5275,22,9
11.35651724,14.19121724,1.067561949,9.680344001,7.650644551,8.956737613,8.71604405,9.293301893,4,-97.86631,32.87749,22,11
12.21270063,14.64973186,3.741231294,10.08580911,6.952728645,9.12858787,8.686091728,9.010302809,8,-97.87924,32.63321,22,11
12.78177548,15.02554495,0.611019323,15.28614193,7.585788822,9.37585481,9.059517482,9.215327913,4,-97.09344,32.4481,22,9
12.66341838,13.81551056,1.474963985,14.7339861,7.468513271,9.148464968,8.980423936,9.246865147,13,-97.4095,33.08792,22,14
13.45652437,14.17493173,1.408475373,14.93636368,6.633318433,9.148464968,8.948455992,9.021598247,3,-97.37669,32.95451,22,13
11.98354765,14.02593354,1.80703449,15.2194346,7.652070746,9.269363712,8.903815212,9.232590981,12,-97.52569,33.02955,22,14
12.94738599,14.231058,1.47583303,15.36292327,8.331104548,9.340315448,8.873888135,9.277064004,9,-97.52593,33.01399,22,14
12.90755003,15.00781111,0.200358925,15.17922797,8.069655307,9.208137948,8.986946789,9.336091577,6,-97.20892,32.54409,22,9
12.76709601,15.61624629,0.973399352,15.34543242,7.908754739,9.186150133,8.696175847,9.177197153,12,-97.67276,32.37562,22,7
12.29255305,13.97847939,1.294733187,14.50552283,8.282988693,9.210340372,8.989569005,8.910315776,9,-97.31393,32.14831,22,6
12.42936819,13.98897383,2.220329515,14.10391587,8.193676666,9.128045129,8.914760527,9.198672567,3,-97.59742,32.26744,22,9
12.60031501,14.01173502,1.785687533,15.18361091,7.783224016,9.133243322,8.796338933,9.185637759,13,-97.60901,32.65833,22,11
13.05468179,8.488793717,1.931780748,8.670429167,8.343553835,9.172638505,8.98431768,9.051110146,7,-97.20898,32.54406,22,9
12.18983147,14.07015278,1.485506176,14.92199379,7.478169694,9.149953222,8.970177815,9.179571838,12,-97.37612,33.00477,22,3
13.11895959,13.71590346,0.493270475,15.23768207,7.784057003,9.245224774,8.913953859,9.159678457,8,-97.38396,32.5225,22,9
11.65728552,14.63083112,-0.320026777,14.75529592,7.934155234,9.015662793,8.823206221,9.297710018,7,-97.55905,32.19279,22,9
12.40998445,13.73754902,1.848876507,14.65709412,7.474204806,9.06762407,8.922124824,9.204825191,2,-97.52952,33.13481,22,14
12.8863296,15.10129374,0.108728686,15.20700886,7.939515261,9.3314069,9.001592701,9.265585846,4,-97.28097,32.33541,22,9
12.17996991,14.66480642,2.316570076,14.7291971,6.728628613,9.246093542,8.98506956,9.251482315,9,-97.28119,32.33529,22,9
13.41277223,13.64650002,2.71456815,14.33752416,7.176254532,9.143131622,8.966738979,9.326344048,13,-97.34067,32.94535,22,13
13.12244337,14.55315298,2.044642905,15.44360927,7.897296473,9.261033486,8.902727664,9.197255132,10,-97.51589,32.88017,22,13
11.56024789,14.84006287,1.885360852,13.59236701,7.881559917,8.982184279,8.580167991,9.365633256,8,-97.94553,32.44122,22,7
12.10939103,14.75402451,1.316293472,15.07730066,8.286521374,9.187583385,8.969541885,9.217415286,12,-97.40916,33.16213,22,14
11.27912533,14.41324755,1.835505779,14.02112375,7.795646536,9.156200926,8.950273467,9.16461052,8,-97.99567,33.06033,22,8
10.41765758,13.33824865,0.063473246,14.70655733,7.68017564,8.997023381,8.718336502,9.070618429,5,-97.85065,32.85543,22,11
13.13413581,14.84954877,1.101695789,14.80250054,8.105911198,9.301551252,9.00393102,9.179674958,8,-97.33243,32.46763,22,9
12.63429027,14.60963366,2.002971017,14.94492554,7.284134806,9.278092474,8.959311617,9.044167717,9,-97.40333,33.1627,22,14
12.5263538,14.29967963,2.724842711,14.7184607,7.569927655,9.225524507,8.960596139,9.194617412,12,-97.40027,33.16288,22,14
12.22673275,15.36417884,1.158339484,15.11179268,7.624618986,9.076808979,8.74814617,9.084777149,9,-97.6318,32.3749,22,7
11.79910391,14.95161129,0.176186836,14.71568166,7.653020414,8.990939807,8.689801056,9.311994026,13,-97.68954,32.38016,22,7
12.48956972,15.3157361,1.34079796,15.06733308,7.784057003,9.085683767,8.712924435,9.283590834,12,-97.65737,32.39712,22,7
12.4429613,15.31336865,1.687542209,15.05982191,7.715569535,9.067854724,8.686935966,9.231514607,12,-97.65731,32.39715,22,7
12.89844953,15.45524486,1.437430401,15.22838015,7.329749689,9.108307646,8.679312041,9.254835612,4,-97.65726,32.39718,22,7
12.6602549,14.97553147,2.503209355,14.7638928,7.327780538,9.012011377,8.741456116,9.117237754,12,-97.72636,32.43445,22,7
11.97463857,15.5772918,0.393561562,15.29627566,7.318539549,9.163248764,8.76264603,9.00146948,11,-97.62569,32.3779,22,7
11.64649436,14.97866137,0.00196732,14.69285254,7.513163545,9.075093223,8.823353485,9.097395613,7,-97.65509,32.49129,22,7
12.2661324,13.70825937,0.278234015,15.15028844,7.876258882,9.113939598,8.639410824,9.130105979,8,-97.69674,32.31641,22,12
12.55206726,15.19316773,1.861394148,17.26841119,6.698268054,9.116139577,8.759354749,9.039552051,9,-97.62234,32.28081,22,12
11.72015099,14.56603002,1.924411273,14.34793602,7.132497552,8.98844604,8.789507787,9.191667107,7,-97.65414,32.45223,22,7
11.53522497,12.45018677,1.925357056,14.52271152,8.238801166,8.948975608,8.728911725,9.084210095,7,-97.82549,32.54206,22,7
12.54174814,14.98724938,1.997271741,14.72252157,7.980707821,9.026417534,8.681011277,9.08545719,6,-97.73951,32.42971,22,7
12.11567189,15.18990945,1.988181864,14.96407234,7.808729307,9.0653146,8.72907355,9.04581944,10,-97.66615,32.39218,22,7
11.86757436,15.44690564,0.26226941,15.16397999,7.173191742,9.217613856,8.852235835,9.130539302,8,-97.67038,32.46563,22,7
12.51843148,15.14872055,1.893916442,12.51355735,7.912056888,9.058586817,8.730690366,8.999248902,8,-97.65731,32.45088,22,7
12.23315752,15.20457608,1.506089196,14.99111167,7.715123604,9.087042156,8.741456116,8.963544292,12,-97.6659,32.466,22,7
12.13256603,13.91172942,2.086757656,14.67611943,7.784889296,9.170143182,8.936692688,9.026417534,14,-97.35653,32.35674,22,9
12.27147173,15.16685109,1.570056521,12.50636241,7.295735073,9.057422266,8.760923376,8.905851181,11,-97.6574,32.45084,22,7
11.85043288,14.97734801,0.626315608,10.02127059,7.264730178,9.079092085,8.774931387,9.074749718,6,-97.65431,32.45215,22,7
12.46045514,15.34538565,0.58202521,15.1235455,7.380255788,9.137769679,8.754476306,9.224736252,6,-97.66597,32.46595,22,7
12.04015383,10.22499117,1.695188688,14.59370268,8.068402959,8.997147152,8.741296282,9.067739403,8,-97.65423,32.45219,22,7
12.54510589,15.46101035,0.666881314,15.2342116,8.041091004,9.16440114,8.703174709,9.113278659,9,-97.70015,32.3142,22,12
12.00495352,15.29909042,-0.017127393,15.07782378,7.876258882,9.131729971,8.775394959,9.187890243,12,-97.62621,32.37894,22,7
12.79448689,15.17412535,0.39442338,14.94198895,7.901747519,9.113939598,8.757783656,9.066470002,8,-97.62224,32.28083,22,12
12.6440243,15.12378932,2.379601273,14.87497029,8.003697339,9.046644279,8.671972245,9.08873755,4,-97.70154,32.31206,22,12
12.29898905,14.95449674,1.525615039,14.72345375,8.084870629,8.997394646,8.71604405,9.151121012,7,-97.74779,32.43461,22,7
11.47924458,14.69671283,-0.625353454,14.78674846,6.838405201,9.002331708,8.734721004,9.006999448,11,-97.78829,32.20417,22,12
12.18998899,14.97853636,0.964887537,14.72912972,7.711101252,9.063115652,8.681520485,9.176783588,12,-97.70816,32.43915,22,7
12.54519494,15.3151336,0.753738878,15.05268059,7.322510434,9.132378831,8.780018888,9.147932912,7,-97.63381,32.40556,22,7
12.49138316,15.16358371,1.873130784,14.90024297,7.672757897,9.08262063,8.772610303,9.062420242,6,-97.64501,32.48776,22,7
11.58940491,15.31419566,1.211009188,15.07497899,7.364547014,9.102866514,8.737613037,9.006386515,2,-97.66944,32.4561,22,7
12.35036778,15.44543714,1.485818605,15.18853881,8.277411999,9.16753725,8.773694146,9.013960458,9,-97.64784,32.48726,22,7
12.50226218,15.40629558,0.78793111,15.32861112,7.483806688,9.074176947,8.665613197,9.081369991,11,-97.67275,32.37579,22,7
12.22540948,14.65189191,1.463805597,14.50825766,7.955775782,9.000729835,8.789812386,9.140990294,6,-97.65353,32.49226,22,7
12.31469832,14.98087766,2.471003781,14.73098095,7.96241568,9.060911858,8.805075244,9.000853147,5,-97.65355,32.49234,22,7
12.42842789,15.13854558,2.123724879,11.09650052,7.372746366,9.15809926,8.732304571,9.10342309,6,-97.60218,32.21987,22,9
11.73316881,14.43237047,1.584867454,14.20405329,7.656337166,9.05017162,8.803874764,9.112286432,6,-97.56108,32.18454,22,9
11.70757077,14.71895918,1.644030928,14.39136971,7.995980475,8.93485034,8.700014623,9.082734247,4,-97.65594,32.32242,22,7
10.13709615,14.8370978,1.995179236,14.5661301,7.690286021,8.885579291,8.582044164,9.017483513,7,-97.82792,32.22123,22,12
12.81646031,15.76904868,0.663455297,15.52607299,7.636752112,9.169726689,8.718827059,9.070273383,12,-97.63938,32.35033,22,7
12.22741331,14.97734801,0.956175502,14.72754504,7.853216388,8.983439772,8.704004653,9.165970424,2,-97.67419,32.38645,22,7
12.22665928,15.44911411,1.200229021,15.20763539,6.898714534,9.142061531,8.730851904,9.059517482,8,-97.62573,32.37792,22,7
12.3974613,15.59458997,0.085742079,15.32273899,7.733683571,9.157677719,8.813587204,9.067854724,6,-97.63325,32.4843,22,7
12.09381059,15.16098292,1.296635704,14.88851987,7.901747519,9.088511664,8.780633799,9.013595295,7,-97.66223,32.48765,22,7
12.3093555,15.31473174,1.636153355,15.03669617,7.510977752,9.121618442,8.76452191,8.899867211,7,-97.64508,32.48771,22,7
12.32046773,15.54928774,2.611210395,15.17669017,7.784057003,9.169830829,8.772455373,9.26435496,11,-97.63764,32.35196,22,7
12.69363988,15.56644803,1.615625787,15.27819079,7.061334367,9.200290036,8.756052599,9.178849705,6,-97.63616,32.40128,22,7
11.4641028,14.53022352,2.180041739,14.30734417,8.151909873,9.079092085,8.805375139,9.165343006,7,-97.55867,32.18645,22,9
12.38321414,14.33430435,1.461343839,14.89920073,7.740664402,9.111845125,8.847934753,9.177197153,7,-97.73871,32.77579,22,11
13.13534673,14.35884945,0.67693726,15.05091168,7.508787171,9.182557991,8.865452826,9.226213721,3,-97.46138,32.57149,22,13
13.10124392,14.24404094,0.017253184,15.02428939,7.918628653,9.228082053,8.914088349,9.187071745,3,-97.3261,32.58843,22,13
12.30901273,14.71567191,1.491013758,14.72725738,7.572502985,9.069928218,8.74305305,9.176266392,13,-97.70305,32.49684,22,7
12.85566493,14.71119034,1.909031112,14.71404457,7.528331767,9.102755161,8.853236765,9.238441802,9,-97.57541,32.93828,22,11
13.01433041,14.61724305,1.368768715,14.83752902,7.54538975,9.169518377,8.782476269,9.203416457,6,-97.62154,32.29396,22,12
12.17413296,15.02790292,-0.007461885,14.75089072,8.008032847,9.128479345,8.918650278,9.160940022,7,-97.63032,32.52941,22,7
12.96591072,15.24806808,1.519815004,15.29685006,7.957177323,9.312806704,8.979542602,9.19421099,8,-97.13612,32.50514,22,9
12.93669864,15.43089078,0.089723215,15.20101711,8.306719043,9.269457976,8.826881344,9.24425859,6,-97.55649,32.56946,22,11
12.64394686,15.62987917,1.862469881,15.3919297,7.8671055,9.241839039,8.777247097,9.152605321,4,-97.65055,32.45773,22,7
12.25254584,14.33299397,2.642646633,14.31005191,8.413830678,9.26860928,8.630521877,9.150590368,10,-97.86198,32.47597,22,7
11.32332548,13.96375813,1.056504134,13.85607268,7.254177846,9.092457331,8.60776489,9.261508659,3,-98.14251,32.36969,22,5
11.69631312,14.22084232,1.318204141,14.7300197,7.365180126,9.112837791,8.541105011,9.283590834,13,-98.14646,32.38615,22,5
12.99975045,14.29011608,2.074467681,14.6558261,7.743269701,9.172430799,8.955448122,9.178540059,6,-97.27297,33.08123,22,3
11.27526454,13.87056676,2.116196812,13.7470347,7.00488199,8.952864142,8.525558108,8.911934336,14,-98.13419,32.38324,22,5
13.60241882,14.80664973,0.969301521,15.36343258,7.724446646,9.225721474,8.893298144,9.132919225,7,-97.52018,32.98027,22,13
12.56554617,13.03462446,1.172473796,13.98966385,8.19007705,9.03085479,8.886962035,9.225031921,11,-97.45163,32.3369,22,9
11.69499699,14.16235736,-0.688366014,14.99333875,8.055157732,9.073947747,8.773074951,9.234935419,9,-97.61472,32.44806,22,9
12.24076389,16.35996674,2.202277238,15.18037135,8.14612951,9.030136571,8.682877107,9.099408811,9,-97.66132,32.39438,22,7
13.13575136,14.5698756,1.882131941,15.07888107,7.835579247,9.328390039,8.971448464,9.285447844,8,-97.38887,33.20504,22,3
13.55164917,14.56125019,2.046757573,15.2717833,7.591861715,9.310638093,8.972717499,9.223651386,6,-97.22557,32.51272,22,9
12.43676761,14.93953065,1.312006825,14.76676835,7.364547014,9.173157581,8.780326391,9.297160064,8,-97.57221,32.25349,22,9
12.30915256,14.79368629,1.745350058,14.69170653,7.948385285,9.114159814,8.76452191,9.279866435,7,-97.59557,32.38389,22,9
13.7827239,15.65805819,1.446785589,15.45109291,7.411556288,9.364776725,9.016512875,9.27799902,11,-97.20652,32.47103,22,9
13.28532881,15.14247945,1.579116585,14.79241763,7.938802248,9.195226734,8.942460927,9.372714291,8,-97.30871,32.40285,22,9
12.32656756,15.46486125,1.600554806,15.28747469,7.525639975,9.258654232,8.816556769,9.380926673,5,-97.55644,32.56952,22,11
12.95320599,15.00023938,1.278641302,14.62314736,8.309676896,9.120415664,8.69282576,9.222861653,7,-98.04805,33.05836,22,8
13.06975132,12.69774297,1.911933184,15.27737611,5.347107531,9.29090602,9.070158341,9.183585635,12,-97.10576,32.36109,22,9
13.10783434,14.71037334,0.128866857,14.73499618,8.041412909,9.352273868,9.140132477,9.133999139,12,-97.1629,33.24529,22,3
11.926028,14.5269887,1.42615253,14.56928236,7.301147806,9.295140974,9.063231507,9.377548291,3,-97.19411,32.08457,22,6
11.90414965,13.21658205,1.831830146,9.997615215,7.44132039,9.051696279,8.753371421,9.206332351,12,-97.83962,32.7722,22,11
12.78429707,15.3151336,0.957935331,15.05496942,7.522940918,9.087042156,8.714731714,9.273784545,7,-97.63596,32.40138,22,7
11.83294161,15.34184943,0.898160666,15.08228293,7.378383713,9.090542809,8.684231891,9.359708204,7,-97.6819,32.3335,22,7
11.95512743,15.20130479,1.882846168,14.98250647,7.519692404,9.024131268,8.651199471,9.101417965,4,-97.7756,32.45521,22,7
11.68258385,15.05455123,1.53911699,14.79868281,7.344072851,9.05017162,8.700181193,8.98844604,3,-97.7756,32.45513,22,7
12.13669577,14.53354545,1.801543703,14.2683782,7.492760301,8.950273467,8.728102205,9.002331708,4,-97.77923,32.45459,22,7
12.16850576,15.56946431,1.3050257,15.30756126,7.711996507,9.167432871,8.704336438,9.147613542,5,-97.67379,32.3359,22,7
12.41153683,15.31394987,1.95958327,15.05361867,8.510168576,9.108418382,8.756210092,9.035986985,6,-97.65321,32.44016,22,7
12.10879052,15.4506552,1.411841185,15.19818688,7.592870288,9.088172738,8.648396877,9.059517482,7,-97.72932,32.37015,22,7
12.19248576,15.31685088,0.901362057,15.05858676,7.43366654,9.079889943,8.70450229,8.959954084,8,-97.72927,32.37017,22,7
11.36041511,9.645817254,1.761155791,14.32050964,7.574558484,8.913415718,8.700181193,9.0653146,12,-97.78672,32.53478,22,7
12.13933972,15.41891028,2.395927526,15.19234229,7.282073658,9.099520537,8.641709066,9.17543832,6,-97.71402,32.36462,22,7
9.803501458,13.72777164,1.16326416,14.68349889,6.805722553,9.11007795,8.825265954,9.350971502,5,-97.48134,32.32208,22,9
12.12755419,14.26976583,2.019406671,14.27173722,7.401231264,8.976514972,8.691146499,9.222664122,4,-97.94897,33.04284,22,8
12.10836058,14.47150453,1.450907038,14.49933138,7.428333194,9.008346579,8.696175847,9.33767762,8,-98.05223,33.01365,22,8
11.93774866,11.69632977,1.896338393,14.32768248,7.141245122,9.12314716,8.755895082,9.357380115,2,-97.56021,32.21431,22,9
13.86769875,14.73320031,0.538860893,15.18026918,7.979681302,9.260653186,8.968268811,9.449986995,6,-97.31381,32.42165,22,9
12.20999992,15.00042286,1.845563018,15.12883791,7.716015267,9.218506935,8.964439834,8.897408865,9,-97.62273,33.17057,22,14
10.64089082,13.44154412,3.245928467,14.11798124,7.715123604,8.936035097,8.607947555,9.312445595,12,-97.99484,32.70715,22,11
11.96944484,14.22496769,1.786306604,14.81263261,7.636269603,9.143238568,8.869116866,9.147400572,3,-97.57544,32.97787,22,11
11.08843043,13.75685125,1.004444314,13.96606277,8.224699562,9.08182495,8.788745882,9.265775079,8,-98.0631,33.21204,22,8
13.12314307,14.06424388,1.289215338,15.2745069,7.146772179,9.205830216,8.895629627,9.089302044,11,-97.50246,33.01157,22,14
13.06976608,14.04566944,1.538928374,15.2570045,7.43366654,9.196748418,8.874867636,9.218407743,9,-97.50018,33.02032,22,14
12.62500993,13.65804472,2.507838214,14.89447713,8.053569169,9.101306451,8.946374826,9.11482017,5,-97.53435,33.0038,22,14
12.03232027,14.56196341,1.038439049,11.02151023,7.720905252,9.191463316,8.854522204,9.151121012,2,-97.70538,32.68047,22,11
11.82808651,13.54817737,1.389885818,13.69151753,7.551712215,8.95312284,8.68440111,9.093019729,3,-98.13106,32.99095,22,10
11.37710574,13.93329359,1.93531987,14.18348146,7.07834158,9.069007196,8.642944397,9.223848722,9,-97.96145,32.14209,22,5
11.62738744,14.9420298,2.212539689,14.73871891,8.03818918,8.992806059,8.716371865,9.170559502,8,-97.67196,32.33775,22,7
12.76133325,15.32362424,1.014549209,15.04971437,8.004031508,9.094592763,8.725669706,9.310638093,9,-97.6572,32.39721,22,7
13.70388826,15.65192467,-1.831548936,15.7254903,7.625595072,9.433483923,8.914626128,9.125653564,12,-97.28275,32.47805,22,9
11.33856017,13.63073399,1.889714975,14.44208194,7.938802248,8.972717499,8.717845705,9.491979221,9,-97.96281,32.7646,22,11
12.87429681,14.56654922,0.340955988,14.39892546,7.440733707,9.155567346,8.965462329,9.437475945,11,-97.30199,32.4681,22,9
11.70615399,14.43683408,0.904375106,14.42592592,7.860185057,8.954156967,8.719970757,9.014325488,8,-97.90298,32.9871,22,11
12.44469577,15.11624703,0.913165781,15.15706903,7.884199934,9.403931521,9.073718494,9.282381925,4,-97.15518,32.36385,22,9
9.693630346,12.79732552,2.858704827,13.47610563,7.939871576,9.09728365,9.062768008,9.144948153,12,-97.48148,33.29645,22,14
13.24301341,14.29652027,0.197451875,15.08286033,8.149023868,9.29320985,8.95040316,9.085570485,8,-97.37736,32.50518,22,9
13.86879158,14.4328091,1.499373278,15.15649317,8.052614819,9.159783648,8.853808275,9.587063011,8,-97.52492,32.94264,22,13
13.36912189,15.62903152,1.322276386,15.56629073,8.054840221,9.37585481,9.010913347,9.329899607,9,-97.15202,32.47414,22,9
11.55090502,13.82822933,0.780648907,13.98240371,7.793586803,9.121509158,8.881836305,9.299266581,9,-97.45814,32.20417,22,9
12.30205987,14.00662666,1.880044574,14.21107212,7.608374474,9.053920453,8.860782896,9.31784858,12,-97.6196,32.94952,22,11
12.7706248,14.05187828,1.638076035,14.90426239,7.085064294,9.119320974,8.87696334,9.451481,2,-97.40892,32.40661,22,9
12.64809788,15.31517825,0.65921031,15.04557383,8.140023952,9.075779879,8.554296279,9.261508659,7,-97.87109,32.22906,22,12
11.90274888,15.50645472,1.8220968,15.22369654,8.197814032,9.161255164,8.714567551,9.185022564,5,-97.66289,32.33033,22,7
11.89076583,14.97991059,0.629408812,14.70879466,7.395721609,8.997147152,8.722091302,9.11018849,6,-97.792,32.53232,22,7
12.03159425,14.71020986,1.157477406,15.37388294,6.939253946,9.418410894,9.066239028,9.137769679,11,-97.20265,32.14956,22,6
12.15965167,15.3151336,0.654159713,15.05087505,7.676937146,9.028218795,8.644706512,9.075207698,8,-97.70831,32.36807,22,7
12.28781391,15.09655551,0.722564254,11.40837573,8.307705967,9.38538552,9.079206104,9.090880932,10,-97.20475,32.14871,22,6
12.77907275,15.12762002,1.23518072,15.32097632,7.520234556,9.342683559,9.052399184,9.173780117,12,-97.23418,32.07243,22,6
13.27755523,14.86353106,0.4875012,14.65155563,7.864035659,9.225524507,8.849083519,9.01225522,2,-97.49246,32.43596,22,9
12.67164459,15.11133302,0.287578032,15.16158066,8.104099056,9.428913495,9.085683767,9.037771107,9,-97.20519,32.14861,22,6
12.80539529,15.59205486,1.374340754,15.37542918,7.826443135,9.269363712,8.854093908,9.272187775,9,-97.59431,32.37006,22,9
13.98754943,15.96906186,1.548490777,15.81413215,7.585788822,9.437953918,8.995784838,9.299723933,4,-97.25291,32.50143,22,9
11.35790774,12.2057576,1.177874345,14.23451559,7.252053952,9.044521887,8.518392472,9.172119159,10,-98.13339,32.39537,22,5
11.80625158,14.76283473,1.335005265,14.80039408,7.249925537,9.205729759,8.556221578,9.073489189,14,-98.22772,32.89831,22,10
13.01236099,14.48561427,2.636192545,14.85829296,8.379309484,9.195531256,8.961879013,9.483111832,7,-97.38173,33.16164,22,3
13.17276938,14.63902789,-0.043577129,15.01655488,7.873217055,9.220290703,8.966994113,9.148464968,4,-97.25528,33.08444,22,3
12.94909749,14.27113632,0.984106098,14.72946657,7.747164967,9.217415286,8.95040316,9.201097791,6,-97.38164,32.51983,22,9
12.71990774,15.67471058,1.907198363,15.43818843,6.49677499,9.185125123,8.683554729,9.085343882,2,-97.71586,32.44757,22,7
12.68534258,13.9825831,2.473316655,14.78781331,8.040124664,9.142703723,8.860782896,9.275285061,14,-97.55724,32.25919,22,9
12.63283273,14.82419814,-1.217644081,14.94490356,8.303257121,9.391661428,9.156095357,9.150590368,4,-97.12365,33.1446,22,3
11.85717453,11.5715528,2.207400023,13.99173859,7.754910272,9.240481529,8.990939807,9.060098709,8,-97.29691,32.11622,22,6
11.79549951,15.42750719,2.474402133,13.39774106,8.156797047,9.089414904,8.669914278,9.124128675,6,-97.91145,32.75971,22,11
13.41095154,13.74578528,2.035204542,14.6270859,8.033334016,9.121618442,8.911529942,9.207235557,6,-97.30666,32.53253,22,9
12.78028144,14.12719745,1.705464723,14.91823637,7.235619141,9.356516482,9.078293591,9.256269304,4,-97.1902,33.0933,22,3
12.2222855,12.1281111,2.913418462,13.47863824,7.724888439,8.998136761,8.769817872,9.234447447,7,-97.80243,32.67545,22,11
13.31142053,13.88275417,1.302259669,13.94825664,7.826044014,9.204624065,8.992308733,9.061724348,11,-97.20911,32.49929,22,9
13.45654012,14.84434395,1.688720279,14.79764071,7.663877259,9.228082053,8.895218584,9.20532783,9,-97.38385,32.39109,22,9
13.00585428,15.03208364,0.760375758,14.96572746,7.816013839,9.147932912,8.877660934,9.166910814,12,-97.43348,32.54402,22,9
13.00590821,14.03113793,0.393055348,14.59003125,7.315883505,9.344783849,9.076694687,9.154510487,6,-97.08336,32.5524,22,13
13.15928915,14.7368931,1.281574018,15.28307195,7.757906208,9.212936998,8.829811749,9.204121072,6,-97.68084,33.24856,22,14
12.66083573,14.19363873,0.495031122,14.90893542,7.597897951,9.154933365,8.958668737,9.160204302,8,-97.67963,33.25117,22,14
12.95826673,14.55168131,0.96485424,15.17657172,7.819636302,9.21949831,8.830543011,8.939843124,7,-97.68078,33.24849,22,14
12.28604304,14.95267026,1.130731038,14.68281103,8.345217927,9.016755623,8.716699573,9.147400572,2,-97.77564,32.4551,22,7
12.14502668,14.70348412,1.119112374,14.83022081,7.804659297,9.288226911,9.043813421,9.183482918,4,-97.28816,32.11494,22,6
12.52538782,13.88503662,2.287829788,15.08979233,8.075271546,9.152181458,8.873468055,9.312084356,8,-97.58593,32.68494,22,11
12.45070368,13.87923625,0.931931196,15.10324291,8.271292653,9.198773736,8.895629627,9.20532783,9,-97.58596,32.68486,22,11
12.42305727,14.1539808,0.560223035,15.22518496,7.898039691,9.185535253,8.824677891,9.197457746,12,-97.5798,32.69025,22,11
13.39959352,14.07725925,2.14056999,15.30194388,7.185387016,9.318746246,8.868554041,9.354873523,10,-97.60706,32.72362,22,11
14.04779857,15.81612532,1.247022145,15.72730416,8.374015422,9.388486557,8.963800243,9.190137665,9,-97.25297,32.50139,22,9
11.29119342,14.01272073,1.151268164,14.22977682,7.880048201,9.097619502,8.773384597,9.298534383,2,-97.90506,32.99547,22,11
13.31683746,14.35434038,1.923103675,14.76068258,7.216709487,9.265964276,9.069698042,9.212338375,7,-97.23507,32.6146,22,13
13.51562364,15.54113022,3.178332176,13.2918327,7.497207223,9.214830277,8.935245415,9.331584079,10,-97.19078,32.7304,22,13
11.89398175,14.77132965,0.845654105,14.55229465,7.622663951,9.151651376,8.924789361,9.401373869,9,-97.39746,32.16904,22,6
12.38659258,15.16098292,2.207202116,14.90716067,7.864419905,9.089414904,8.78186249,9.230142999,9,-97.66215,32.48768,22,7
12.72877546,14.13614373,2.032767204,14.91617008,7.880804345,9.110741007,8.894258825,9.319194777,2,-97.32174,32.78646,22,13
11.3239176,14.76716843,1.646590708,14.4481463,7.054449658,9.02352875,8.687273462,9.329189506,9,-97.74743,32.37025,22,7
11.57192052,14.57163254,0.053239832,14.20981765,7.559038255,9.014690385,8.767329148,9.286745703,12,-97.7474,32.37021,22,7
12.04267686,14.74451335,0.898711223,14.64999062,7.740664402,9.068776808,8.703340753,9.126958763,4,-97.73235,32.36869,22,7
12.84162249,14.91658648,0.435579591,14.77205685,7.303170051,9.1902397,8.853665428,9.032170186,2,-97.60387,32.30997,22,9
12.75199221,14.47189001,1.753044001,15.39118277,8.142063283,9.243388226,8.986071187,9.124237673,7,-97.29232,32.99633,22,3
12.50762434,15.75168778,1.977035936,14.29348236,7.842671475,8.997765772,8.655214489,9.003439196,8,-97.70827,32.36809,22,7
11.85490394,14.76343328,2.018122145,14.48666056,7.930925372,9.031572493,8.892748769,9.18584274,8,-97.73233,32.36865,22,7
13.43099154,15.17443372,2.22122472,14.96441094,7.990915463,9.31784858,9.005650499,9.27799902,4,-97.21204,32.46884,22,9
12.75279423,15.06947281,0.16220178,15.01379863,7.738488122,9.350102314,9.04274978,9.394743095,11,-97.13995,32.4938,22,9
12.01752374,12.33448345,2.087159958,14.19392782,7.401231264,9.23960787,9.030016818,9.255600503,10,-97.23449,33.09548,22,3
11.97294189,13.72339527,0.619372313,14.51835358,7.770223204,9.266248004,8.872066513,9.292381082,12,-97.45931,32.36161,22,9
12.69371357,12.26904744,1.149896162,12.73667148,7.718240952,9.230437074,9.01005849,9.260558088,4,-97.09831,32.7973,22,13
11.97875163,15.56223779,1.255400142,15.22729575,7.384610383,9.143345503,8.756210092,9.216322444,5,-97.62058,32.37995,22,7
12.80344104,15.1970436,0.15581822,15.09997511,7.856706793,9.348797115,9.048409505,9.157677719,10,-97.14009,32.49374,22,9
12.9280745,15.43132808,0.369013985,15.33115019,8.101980732,9.363061459,9.025214888,9.188401464,9,-97.14002,32.49377,22,9
13.02370921,14.8941276,1.54685569,15.25807702,7.970049305,9.287671715,8.942460927,9.090993614,3,-97.28011,33.07612,22,3
13.05012811,14.49708958,1.997413977,15.15181288,8.032684876,9.436200231,9.030495745,9.224440496,9,-97.06581,32.87115,22,13
13.7101356,14.63087537,1.134578446,15.40822623,7.43838353,9.417760963,8.889446165,9.267287652,11,-97.43793,32.35048,22,9
13.30406641,15.70761298,0.987832595,12.99927328,7.869401713,9.384377709,8.980927208,9.455167134,5,-97.21924,32.69869,22,13
11.35759242,13.90333827,1.793095131,10.37173965,8.196161139,8.977651408,8.698681067,9.168997408,6,-98.12111,33.06442,22,8
13.17103734,14.27464407,1.400486954,15.07639645,7.440146681,9.326878188,8.855805993,9.190137665,6,-97.46498,32.37552,22,9
13.128741,15.12411361,2.257825285,14.98902251,7.944846711,9.307467083,9.027618735,9.359363643,6,-97.20586,32.47741,22,9
12.96446903,14.05436997,-0.848221006,15.22369654,7.53796266,9.31379908,8.854379459,9.163248764,7,-97.60719,32.72346,22,11
12.83019392,14.17303114,1.400703177,14.89851569,7.871311203,9.226508953,8.921190556,9.335032816,5,-97.32477,32.77641,22,13
11.32844959,15.04789588,1.618547688,14.15559626,7.794823152,8.999619341,8.767017621,9.158204618,3,-97.83754,32.91722,22,11
11.53544988,15.05214414,0.957155453,14.15245268,8.01268093,9.042631528,8.747034264,9.107199613,4,-97.83754,32.91717,22,11
12.47132121,14.34539383,2.222403226,15.05132674,6.165417854,9.204624065,8.872206756,9.242807562,6,-97.56647,32.9158,22,11
12.55759886,13.81484133,0.987271984,15.03164274,8.14031554,9.132378831,8.833462721,9.240966566,2,-97.60072,32.71226,22,11
11.66006016,13.98651835,1.598081625,14.91661773,8.081784207,9.076808979,8.747987402,9.212338375,4,-97.82392,32.87086,22,11
12.75580836,15.56206343,1.718655998,15.30274151,7.251344983,9.197356444,8.751316247,9.082507,12,-97.64234,32.44123,22,7
12.5142593,13.52609365,1.094864051,14.26575781,7.635303886,9.092344814,8.876684167,9.2023082,10,-97.44252,32.68784,22,13
10.89807177,13.31856976,1.869421398,13.40884673,7.151485464,9.021356672,8.814330423,9.279773147,4,-97.90157,32.99604,22,11
11.59784549,14.25762898,-1.392959705,15.02399557,8.004699511,9.135077887,8.829958044,9.175541866,12,-97.61235,32.49882,22,9
13.59428891,14.63469109,1.581137367,14.80247818,7.9683195,9.166179476,8.864605368,9.08873755,13,-97.49411,32.64165,22,13
10.95873991,13.55544365,2.244990796,13.66531305,7.614805365,8.974111581,8.790877754,9.07932011,9,-98.05786,33.14455,22,8
12.81502539,14.685932,1.69705894,15.10787878,7.862112212,9.222762892,8.852950887,9.112617283,8,-97.50075,32.63413,22,13
12.34061665,13.0960194,-0.235230031,14.37054444,7.835579247,9.152711259,8.991811158,8.826441042,4,-97.15772,32.52546,22,9
10.37345993,14.41720013,1.122795482,14.39924904,7.603897969,9.201904893,8.802372134,9.175231195,2,-98.07141,33.03964,22,8
12.71957568,14.57959279,0.421850649,14.93507579,7.736743682,9.275659838,9.017968479,9.111624399,2,-97.17449,32.40895,22,9
12.95777879,14.76136009,1.492241417,14.73995278,8.158516245,9.099185323,8.959311617,9.282661034,8,-97.19738,32.7273,22,13
12.89603727,14.85049769,1.090256523,14.98618673,7.570443252,9.286745703,8.964311948,9.17781718,8,-97.60304,33.1715,22,14
12.83849004,14.28332429,0.380567966,15.08043527,8.033009499,9.273315171,9.007121989,9.28126471,8,-97.34062,33.09695,22,3
12.61453659,13.91987057,3.164480304,14.88718321,7.18690102,9.076808979,8.874867636,9.248599084,9,-97.69402,33.2531,22,14
12.4704541,14.21696764,1.228357961,14.95146102,7.793586803,9.266909723,8.892886141,9.30063801,8,-97.44475,32.62083,22,13
12.00132141,14.95871373,0.64985132,14.68609489,7.718240952,9.149634497,8.803724602,9.197964101,4,-97.57117,32.37989,22,9
10.85880667,11.68013338,2.16192958,12.84531259,7.918628653,8.980927208,8.888756748,9.373988664,12,-97.55282,32.06568,22,1
13.02722378,15.24476862,0.775075057,14.75498721,7.24636808,9.256746745,9.037771107,9.215825302,8,-97.19742,32.4272,22,9
12.51980982,15.03160954,2.18684386,14.80918669,7.844632644,9.222268943,8.961879013,9.056956065,6,-97.26085,32.99031,22,13
13.00244632,14.5675161,1.417269492,15.44533093,7.997999318,9.298351249,8.975883061,9.386308455,11,-97.4472,33.07065,22,14
13.35972063,14.37075107,1.576106784,14.77814045,7.668093709,9.126741348,8.953898535,9.300181076,12,-97.30269,32.58603,22,13
12.44514073,13.48213353,1.152255933,14.19023188,7.959625305,9.25922577,8.942460927,9.30846477,4,-97.39846,32.37729,22,9
12.36768967,13.63457963,0.843868402,14.39666864,7.602900462,9.14665482,8.909235279,9.212338375,9,-97.44661,32.38584,22,9
11.58494841,13.97641183,-0.275820027,14.55926625,7.997663127,9.01833205,8.832003931,9.195226734,12,-97.71868,32.97377,22,11
12.74876896,14.6773016,1.184087713,15.58064675,7.913521017,9.22768901,9.043813421,9.16356318,8,-97.24479,33.10951,22,3
12.80372713,14.00359796,2.271717265,14.88735578,8.102283624,9.069582934,8.813587204,9.353401215,10,-97.63143,32.59319,22,11
12.53091321,14.15198279,2.129764243,14.82559541,8.116118432,9.348884181,8.874028123,9.168997408,11,-97.44379,32.29813,22,9
12.7100096,14.30715336,1.386219751,14.9409264,7.894318064,9.154721948,8.885994315,9.09728365,11,-97.46598,32.9608,22,13
12.51270404,14.25827145,0.342534304,14.8649326,7.566828479,9.059866259,8.817297784,9.030615441,9,-97.52678,32.81129,22,13
13.03307086,14.35434038,-1.035292706,14.75963744,8.007367068,9.227885551,9.057305736,9.270682601,9,-97.10485,32.5497,22,13
12.08122912,14.274074,0.333511527,14.20944949,7.286191715,9.17802377,8.828494129,9.235910648,2,-98.061,33.16721,22,8
13.11402672,14.38103514,1.658517783,15.11160884,7.955425089,9.274347502,9.014325488,9.327234123,4,-97.15801,32.59896,22,13
13.1115572,14.6592306,2.359313368,15.44181857,7.592366129,9.321881747,8.972083183,9.229456489,2,-97.30361,32.39342,22,9
12.78340205,14.7205381,-0.965761251,15.38962342,7.952966791,9.401126007,8.992059976,9.086363192,12,-97.26265,32.29943,22,9
12.10569414,14.85557523,0.745238676,14.65540911,7.24636808,9.184612223,8.913684825,9.000853147,12,-97.33456,32.21156,22,6
13.02144188,15.07283454,1.768130812,15.80987367,7.58171964,9.294957218,8.975124239,9.302007561,8,-97.36536,33.01417,22,3
11.69814282,14.3094138,2.409972972,14.37513435,7.639161172,9.019179867,8.695506727,9.151757415,7,-98.00678,33.08071,22,8
12.6705171,14.37426884,1.939554841,15.17053404,7.839525582,9.252441548,9.031333316,9.205930663,3,-97.28049,33.16484,22,3
12.46248461,15.22942009,-0.711166476,15.00773037,7.40731771,9.241645222,8.82511897,9.224243277,9,-97.59125,32.53834,22,9
13.20842364,13.37669547,2.089149196,14.61304658,7.137278437,9.12782795,8.954673629,9.24425859,7,-97.31734,32.63332,22,13
13.01212655,14.94813773,2.270175444,15.18032231,7.360103973,9.361687124,9.083529205,9.229162126,6,-97.13604,32.50515,22,9
10.36056424,14.38299417,1.93906046,14.46446131,7.598900457,9.271153211,9.085343882,9.251962047,13,-97.24254,31.88609,22,6
12.83297051,15.57128009,0.613451128,15.32206488,8.032684876,9.160204302,8.708639656,9.31352853,4,-97.71583,32.44753,22,7
11.70117939,14.98535144,1.427740151,15.08898666,7.72841578,9.296151028,9.05017162,9.137769679,13,-97.16666,32.21921,22,6
12.23032614,15.09502673,0.711529579,15.17716842,8.41803562,9.333000385,9.05017162,9.193702731,12,-97.16661,32.21924,22,6
13.33103633,15.0172208,1.460288984,14.83963706,7.798112629,9.282661034,8.924922401,9.200290036,11,-97.31328,32.48383,22,9
12.83050727,14.99404247,0.735534541,14.66902335,7.673223121,9.162095059,8.951828677,9.380336279,4,-97.28151,32.47734,22,9
12.54179103,14.93588434,1.429994346,14.70403454,7.776954403,9.041566628,8.755264763,9.087268374,9,-97.6164,32.39798,22,7
11.86324425,14.816363,0.467819471,14.44191198,7.943072717,9.104757609,8.611957768,9.032409163,7,-98.11805,32.43132,22,5
11.373353,14.92367706,2.685648459,14.52929237,7.763446389,9.086929027,8.561975334,9.36091323,9,-98.13511,32.34784,22,5
12.50656975,14.89656969,1.537931143,14.50547468,8.0730912,9.091556836,8.603370888,9.169518377,4,-98.17475,32.98073,22,10
12.28401931,15.18638667,2.034412002,14.77640671,7.634820678,9.202106567,8.536995819,9.266248004,8,-98.13502,32.42273,22,5
12.1749689,15.77473172,1.592227911,15.50578754,7.508787171,9.236787542,8.662504923,9.267382112,12,-97.66449,32.34363,22,7
11.94191828,15.31716279,2.349026751,15.04545106,6.021023349,9.047821442,8.678631537,9.091331585,12,-97.71378,32.3325,22,7
11.96344679,13.47470896,2.062165725,14.85966666,8.016317899,9.318746246,9.115919796,8.999001866,8,-97.1719,32.05583,22,6
12.6925523,14.60282363,1.032300362,15.28067802,7.288927695,9.347141413,9.039789271,9.051110146,3,-97.13685,32.46977,22,9
13.08473627,13.99783211,0.842412692,14.34623292,7.61085279,9.118444357,8.92305822,9.230731062,4,-97.42503,32.46145,22,9
12.39450052,14.36853323,1.559285839,15.1966984,7.499423291,9.162409838,8.968141414,9.431161228,10,-97.36884,33.04804,22,3
11.46188477,13.37859348,0.997767212,14.58186731,7.651120176,9.214332393,9.022322623,9.412055976,8,-97.24747,32.95027,22,13
13.06018793,14.14481431,1.27618075,15.0421466,8.160803921,9.159678457,8.830543011,9.248117736,6,-97.53434,32.37049,22,9
12.44476272,13.83538181,1.701226737,15.37284811,7.164720379,9.276221741,8.892199092,9.074291528,12,-97.38545,32.28673,22,9
13.2889061,14.181072,-0.879954845,14.91674341,7.776954403,9.407139948,8.910585718,9.254357257,12,-97.3855,32.28674,22,9
12.77102844,15.59519745,1.402507473,15.47871215,7.666221926,9.382190629,9.029058275,9.381600981,12,-97.14026,32.47251,22,9
13.33283984,14.4547294,2.028107297,14.57042336,7.666221926,9.227885551,8.976767625,9.138414632,4,-97.36433,32.51247,22,9
12.44984985,14.3908872,1.606979747,15.53738175,8.124446856,9.254835612,8.806873267,9.262743051,7,-97.61442,32.6366,22,11
12.24796766,14.00695702,0.530817411,14.53266329,7.990915463,9.088624613,8.942460927,9.296151028,8,-97.58429,32.97868,22,11
12.76405281,14.35929889,0.686652601,15.0183351,8.149023868,9.185432736,8.914222821,9.183071945,10,-97.39507,32.48682,22,9
13.378756,13.66990658,2.124170983,14.94423295,8.125630988,9.250233936,8.938531649,9.108861203,3,-97.28358,32.55866,22,13
12.91484216,15.17897018,1.715853901,15.54661728,7.615791072,9.36091323,8.945723572,9.38185373,11,-97.22762,33.02798,22,3
12.59856058,14.0705248,0.063595792,14.85320868,7.521859252,9.212737497,8.918650278,9.388988523,11,-97.28751,32.70553,22,13
12.41709098,15.67180855,1.081905512,15.35820592,7.926602599,9.246768729,8.766705998,9.130214327,3,-97.62596,32.41885,22,7
12.25352859,14.689857,1.26195558,15.46261297,7.964850887,9.396736948,9.037652264,9.163248764,7,-97.0643,32.88479,22,13
12.63868589,15.06724443,0.581448303,14.86819897,8.42398081,9.213335881,9.042513261,9.374667665,4,-97.1229,32.49709,22,9
13.2702039,14.49213194,-0.406145161,15.15751651,8.37609035,9.334856247,8.914626128,9.34749021,8,-97.40121,32.6019,22,13
12.19671399,14.02617659,2.274378377,14.99686345,7.724004657,9.280985212,8.99342737,9.33600339,9,-97.25173,32.40069,22,9
13.363438,14.25376549,2.565219757,14.84848933,7.598399329,9.097955241,8.871926251,9.320091236,6,-97.51885,32.97058,22,13
13.09391452,14.08915709,1.370303854,14.44703018,8.383661799,9.193906066,9.025575834,9.192787213,9,-97.21313,32.4816,22,9
12.67941445,14.0182228,0.931604242,14.51150867,7.14440718,9.218308542,8.980298079,9.160519677,11,-97.33087,32.40481,22,9
12.45755873,13.93329359,2.610759822,13.87014267,7.799753318,9.042158379,8.860782896,9.144734615,4,-97.55988,32.91681,22,11
13.06434648,13.92541374,1.687139448,14.59499414,7.6989362,9.287579152,8.956737613,9.18049953,6,-97.42392,32.32605,22,9
12.94910225,15.04321942,0.68433708,15.06212552,7.33432935,9.241160514,9.094143578,9.296518068,9,-97.32849,33.22836,22,3
12.41916586,13.51440547,1.544898983,14.18196869,8.655214489,9.120415664,8.830543011,9.218308542,13,-97.49835,32.37836,22,9
11.96327471,14.98346232,1.811248158,14.49452636,8.104401308,9.118882761,8.663887571,9.128045129,12,-98.14688,32.32085,22,5
12.81602842,15.18374278,1.46792378,15.05673175,7.847371836,9.235325625,9.012986392,9.249561085,8,-97.19669,32.42886,22,9
12.33443508,14.11030627,2.380039417,14.7003874,7.43838353,9.10242103,8.758412389,9.258654232,4,-97.83056,32.72202,22,11
12.63779662,15.76512811,2.517654957,15.36220801,7.690286021,9.286004276,8.664923303,9.154298981,12,-97.7415,32.37502,22,7
12.26460095,13.58427183,0.54863191,14.24205199,7.582229194,9.098514557,8.903135633,9.187071745,4,-97.40576,32.54784,22,9
12.34613889,14.03817399,1.838520585,14.69762715,7.61529834,9.2023082,8.915835074,9.250137842,8,-97.40576,32.54789,22,9
12.0681258,13.75517121,2.095750674,14.90720296,7.874739125,9.059866259,8.673170773,9.150696519,4,-97.95324,32.72142,22,11
11.74535378,13.20633681,1.128243767,14.08046224,8.011686729,9.245997049,8.878358041,9.20532783,6,-97.4464,32.26503,22,9
13.0083298,14.30715336,-0.245646288,14.98246724,8.16251625,9.285911559,8.927977461,9.296976679,11,-97.39738,32.54644,22,9
13.37096725,15.29018203,1.643057465,15.93210987,7.442492723,9.299175086,8.935903526,9.142061531,9,-97.38467,33.04438,22,3
13.09249575,15.02566422,0.532569707,15.18234173,8.011023379,9.185022564,8.818926087,9.267098706,9,-97.51051,32.2964,22,9
12.86541224,14.68702566,1.775475791,14.86826737,8.145259567,9.229456489,8.973351414,9.092457331,8,-97.31334,32.48451,23,9
12.34118903,14.98007942,0.377209733,14.92522697,7.937374696,9.137769679,8.809862805,9.40820714,8,-97.5816,32.40193,23,9
11.08344939,13.9026016,0.751544453,14.63551944,8.13446757,9.09907356,8.874867636,9.261318617,3,-97.37733,32.1407,23,6
13.80399551,12.92269218,2.553302688,14.04788814,7.568379268,9.292288955,9.049819445,8.907206195,8,-97.28227,32.76296,23,13
13.21696603,14.09296728,1.92152093,14.87205424,7.405495663,9.154298981,9.004545459,9.111624399,4,-97.20028,32.32369,23,9
11.25607,12.76411863,1.881472177,14.00930109,7.17472431,8.839276691,8.678461339,9.217812387,9,-98.17728,32.107,23,5
13.02363416,14.12827322,0.625567354,14.87469363,7.092573716,9.130539302,8.837826364,9.167432871,11,-97.7294,32.71738,23,11
11.94609004,13.31809462,2.005198283,14.47532637,8.247743887,9.411156511,9.214531577,9.209139651,7,-97.18699,33.24719,23,3
13.82332296,15.33250418,1.493431805,15.24572324,7.957177323,9.235520671,8.834191318,9.162829389,8,-97.52878,32.40274,23,9
12.37778395,14.17052412,1.723051214,15.36604736,8.29654652,9.152393412,8.866863661,9.105202054,6,-97.71467,32.66392,23,11
12.3043738,13.75150523,1.225189358,14.70082071,7.547501683,9.070158341,8.942460927,8.990316948,6,-97.40054,32.95472,23,13
12.79602086,14.5285535,1.864648421,15.19378132,7.387090236,9.218506935,8.817297784,9.211639528,8,-97.72831,32.71868,23,11
13.0253788,13.59042763,2.083639606,14.9728844,7.262628601,9.291459423,9.091556836,9.294221856,7,-97.16901,32.33756,23,9
12.09357002,14.33065245,2.011167848,15.01430297,7.642044403,9.175955945,8.824677891,9.247539813,6,-97.78721,32.71273,23,11
12.07871075,14.45438105,1.235084511,15.1136407,7.243512975,9.241063545,8.833462721,9.194922119,7,-97.7845,32.71409,23,11
12.9336285,14.72001207,2.186880223,15.26933505,7.997663127,9.1616752,8.869960511,9.113939598,3,-97.67123,32.50662,23,7
12.2462016,14.43501766,1.439413931,15.09549062,8.166216269,9.268892259,8.975630184,8.976514972,8,-97.30768,32.28053,23,9
12.08334553,13.83678269,1.358654854,14.95786027,7.111512116,9.344871265,9.093806556,9.192481854,4,-97.26891,33.30356,23,3
12.19306339,12.56187121,1.940312567,11.60389898,7.899153483,9.083642719,8.808369153,9.112727543,7,-97.88616,33.13643,23,14
12.43998204,14.63529039,2.031144294,15.28114369,7.664815785,9.157572306,8.787983396,9.115809888,8,-97.63361,32.48625,23,7
12.46726314,13.6750984,1.43691835,14.53887652,7.185387016,9.071767722,8.869819953,9.106090351,7,-97.4475,32.5523,23,9
12.62592049,13.81120129,1.243314995,14.59093978,7.779466967,9.115590035,8.890410552,9.306286713,6,-97.44741,32.55227,23,9
11.93788596,14.46820078,1.608020699,15.17924945,8.166216269,9.214929824,8.849370504,9.204825191,8,-97.44646,32.85696,23,13
13.43349436,13.59336651,1.840257571,14.93171126,7.139660336,9.201097791,8.948455992,9.223848722,7,-97.33914,32.51685,23,9
13.02180022,13.30568443,-0.055285558,14.64472591,6.866933284,9.1902397,9.008468956,9.100748695,7,-97.22594,32.49358,23,9
11.79521301,14.37498519,1.50082507,14.90768215,7.092573716,9.215526899,9.005773206,9.216819338,8,-97.29497,32.02097,23,6
12.90698956,14.35149795,1.065658774,14.93869057,7.621684999,9.275566157,9.076808979,8.940891068,12,-97.19931,32.35032,23,9
13.09897192,13.63520257,0.469128238,14.78250961,7.474204806,9.046644279,8.822174761,9.222367752,12,-97.52012,32.32023,23,9
12.75042685,14.13781142,1.383895498,15.0038758,7.315883505,9.118005761,8.831127635,9.170559502,7,-97.61323,32.59931,23,11
13.22993265,13.44673411,0.424169106,14.77921451,7.974532844,9.232786561,8.967631665,9.211339872,8,-97.39301,32.84602,23,13
13.0112128,14.50464972,2.381887631,15.40318741,7.368970402,9.328123408,8.974364842,9.104646467,8,-97.34246,33.07448,23,3
11.02490449,14.45135961,1.042278209,15.44008257,8.26821888,9.29007534,9.106977859,9.181323423,7,-97.24715,33.30076,23,3
13.5705137,13.75987628,0.814843859,10.96597167,7.89319887,9.21592475,9.077722847,9.13884437,11,-97.08443,32.56737,23,13
11.99636961,13.94047044,1.173881352,14.57975719,7.720461695,9.068661594,8.878358041,9.168163293,8,-97.6804,32.74372,23,11
11.93937551,14.64772379,3.44892044,14.20978664,7.556950572,9.069813137,8.631235907,9.127393451,9,-98.04909,32.44744,23,5
13.70435216,14.15796487,1.322215644,15.0132385,7.395721609,9.294129898,9.084096645,9.134214982,12,-97.08835,32.55664,23,13
13.1795959,14.40736394,2.077704773,14.93782765,8.190908881,9.258368341,9.077951184,9.002208578,4,-97.09769,32.55323,23,13
13.13739582,14.19668297,2.52928827,15.15916982,7.458186157,9.275940829,9.077722847,9.347664563,3,-97.17169,33.08328,23,3
12.72514021,14.94186771,-0.134502685,15.0935452,6.91770561,9.134754385,8.838116598,9.167745974,8,-97.51149,32.22563,23,9
13.44582564,14.83788954,-1.25815076,15.29475869,7.813591553,9.224243277,8.86220033,9.140239744,12,-97.44037,32.51598,23,9
11.73658888,14.86275937,1.752408926,14.39596709,7.665753432,9.103868127,8.575650761,9.269552232,10,-98.07865,32.34187,23,5
12.96909797,14.93196276,1.676886748,12.29225034,7.843456404,9.236495329,8.995288991,9.047233034,3,-97.14812,32.54284,23,9
12.22616445,12.09277516,-0.718064586,14.1640497,7.617759577,9.202207389,8.836664586,9.238733446,5,-97.59871,32.51283,23,9
12.50693621,13.77666577,2.202715136,11.77264778,7.650644551,9.384293679,9.156939595,9.263407093,4,-97.11026,32.38018,23,9
12.60829584,14.24400771,1.930461456,14.68256399,7.364547014,9.107753783,8.918650278,9.328656599,12,-97.25596,33.06888,23,3
13.33452363,13.81551056,1.750951623,14.59465377,7.257707677,9.108418382,8.923324744,9.198571388,12,-97.32244,32.55506,23,13
13.08958189,14.68127402,1.14245894,15.45423306,7.315883505,9.270117576,8.925720274,9.166388484,7,-97.39174,32.46764,23,9
11.71391338,13.86793222,1.957327926,14.46460867,7.770645234,9.048174321,8.867850063,9.493637846,9,-97.64721,32.86359,23,11
13.16855398,14.49329026,1.689368108,14.51311977,8.045588281,9.024131268,8.830689199,9.428029073,12,-97.47067,32.56998,23,13
13.05394962,15.59350911,0.803202415,12.54753242,7.720905252,9.210540352,8.809862805,9.082279702,8,-97.60367,32.43993,23,9
12.99005409,13.75094644,1.832050369,15.24611171,7.051855623,9.227295813,8.846496939,8.92585319,7,-97.58975,32.66756,23,11
11.42622313,15.19880041,2.341625002,14.23938909,8.01301211,9.043104453,8.777709596,9.142168592,2,-97.61666,32.32658,23,7
12.37920629,13.55523741,1.270251853,14.45534873,7.766416898,9.165343006,8.935377072,9.161465204,12,-97.42171,32.97631,23,13
12.13938782,14.32353225,0.784763893,14.38199868,7.567345676,9.030136571,8.808369153,9.350276212,10,-97.51059,32.30781,23,9
13.49488372,15.18947927,1.271510358,15.24659136,7.95927596,9.412055976,9.014568767,9.273784545,7,-97.21782,32.37137,23,9
12.08977476,12.36442164,1.001896273,13.30063675,7.901747519,9.039196116,9.006386515,9.054855469,8,-97.50205,32.9433,23,13
12.09567167,13.34669023,0.447409435,14.45652198,7.186144305,9.099520537,8.948975608,9.168997408,6,-97.5964,32.85816,23,11
12.67796511,15.09633329,0.929672735,14.83867921,7.496652438,9.048056709,8.725832057,9.002701007,6,-97.63879,32.32997,23,7
11.96779008,14.53393555,0.953520982,14.54332193,7.534228326,9.017968479,8.835210464,8.958025443,6,-97.60873,32.67651,23,11
12.73913323,13.90881874,1.114319494,14.51755306,7.436617265,9.009691898,8.861491864,9.170559502,10,-97.49349,32.94686,23,13
12.98774339,13.81930336,1.338086591,14.61246625,5.529429088,9.186662245,8.919586921,9.251962047,10,-97.37832,32.54931,23,9
12.2214439,14.41455473,2.753627637,14.87499941,7.491087594,9.109635668,8.885994315,9.266248004,11,-97.58194,32.7525,23,11
12.54502751,14.85118305,2.465375141,14.93182392,7.898782357,9.069928218,8.845057054,9.295600216,7,-97.57105,32.9099,23,11
12.78913428,14.07417568,1.326811786,15.16675063,8.104099056,9.213236175,8.93616665,9.157677719,6,-97.28751,32.70561,23,13
12.81341681,14.03488702,1.162098744,14.80118928,8.188966864,9.137662146,8.946505026,9.143345503,12,-97.39615,32.43651,23,9
12.64453078,13.87966776,1.518606038,14.66360039,7.372118028,9.235520671,8.931948346,9.17781718,5,-97.44116,32.37033,23,9
12.2605845,13.48366759,2.328869981,14.86161829,8.02289687,9.13583232,8.849370504,9.090317329,8,-97.53542,32.80964,23,13
11.51593094,13.21456509,1.990354357,13.70993669,8.10832229,9.017119634,8.718009331,9.193804403,13,-98.03893,33.01976,23,8
11.47661412,14.74653225,1.746272996,12.66191396,7.912789221,8.900003609,8.617943095,9.144414222,8,-97.85513,32.51771,23,7
13.96700342,14.72341462,0.345809237,15.43646866,7.656810091,9.213335881,8.875985891,9.14259672,11,-97.46826,32.96302,23,13
12.61760597,14.09880803,0.424993319,15.02137058,7.210818453,9.195226734,8.980423936,9.250522162,8,-97.40518,33.0997,23,14
12.58642163,15.31007619,0.85185187,15.05566234,7.937374696,9.107310472,8.744169389,9.031213706,4,-97.66961,32.45602,23,7
11.54088104,14.45710125,1.376938558,14.20045862,7.013915475,9.044403844,8.812099109,9.17781718,5,-97.55871,32.18643,23,9
12.8276728,14.61571681,2.099627462,14.70504655,7.607878073,9.131080691,8.858937222,8.992308733,6,-97.54947,32.94981,23,11
11.29981887,14.26070907,0.881363186,14.10746648,7.996990406,9.000976444,8.77801781,9.088511664,7,-97.56112,32.18452,23,9
12.54010978,15.44776616,1.636707895,15.24057505,7.411556288,9.1378772,8.724369949,9.129672469,6,-97.63215,32.35231,23,7
12.1451064,14.75551782,0.181787764,14.53323717,7.882314919,9.075665469,8.853236765,9.1787465,4,-97.63784,32.47923,23,7
11.92461781,10.27073145,1.816886708,15.68310451,7.955775782,8.93616665,8.681011277,9.138092208,8,-97.74796,32.43453,23,7
12.54991409,15.30751537,1.324486914,15.05954353,7.636752112,9.119320974,8.761236807,9.01005849,4,-97.64356,32.39702,23,7
12.78105547,13.71447401,1.606152258,15.00955847,7.75319427,9.460164802,9.198369,9.146335042,8,-97.16328,33.24047,23,3
11.91441602,14.83616131,0.420154001,14.56844719,7.784889296,8.950532836,8.612503371,9.107199613,8,-97.82809,32.22118,23,12
13.07522355,13.61583936,2.033215842,14.88555189,6.778784898,9.165343006,8.853236765,9.07532216,11,-97.55521,32.94486,23,11
12.50946442,14.18014673,1.802348372,15.08579119,7.856706793,9.276128113,8.712759975,9.209840247,8,-97.422,33.27068,23,14
11.91334453,15.00182843,0.577063498,14.53549439,7.926963545,9.12858787,8.636929873,9.360310899,6,-98.05165,32.42406,23,5
12.69383638,14.86318037,0.857099088,14.87852607,7.591861715,9.1616752,8.728587996,9.197660319,12,-97.70304,32.497,23,7
12.06515979,14.65170948,1.007429677,14.49652949,7.553286606,9.061840364,8.744647438,9.191361405,6,-97.65969,32.43962,23,7
12.63516639,14.03464609,0.672868651,15.27954205,7.914983006,9.122383093,8.817297784,9.098067129,11,-97.55657,32.76942,23,11
11.46492149,14.9057546,1.601361246,14.51772947,7.445417557,8.993178892,8.695004593,9.186662245,6,-97.85809,32.46783,23,7
12.52233124,14.1605786,1.596744493,14.68812523,7.918628653,9.132811169,8.987196821,9.066470002,6,-97.19308,32.31451,23,9
12.67348542,14.14550471,1.939158277,14.94981362,7.400620577,9.28952117,9.084890521,9.288781798,8,-97.04896,32.95129,23,13
13.01262663,14.44045705,-0.830192592,14.56362356,7.74543561,9.207937487,8.910180778,9.225426009,10,-97.42247,32.55366,23,9
12.91935573,14.34496165,2.013952424,15.12764264,7.986844901,9.354354132,8.9226583,9.186252576,12,-97.41373,32.37923,23,9
12.97267937,14.07015278,0.928707989,14.95638508,7.837554361,9.121509158,8.867286524,9.270023374,11,-97.54115,33.06959,23,14
11.85570633,10.17454469,2.196255857,14.56622923,7.811568489,9.151651376,8.924789361,9.291459423,12,-97.39755,32.169,23,6
12.24361406,15.00072859,1.449127518,14.90416746,7.944137491,9.105090961,8.740816628,9.1787465,7,-97.6781,32.45792,23,7
11.25990244,15.00594209,2.166470747,14.71934564,7.883823215,9.026417534,8.760453046,9.065198986,6,-97.678,32.45779,23,7
11.93742166,13.98651835,2.444035534,14.80508893,8.048468744,9.04581944,8.843615092,9.13583232,7,-97.52029,32.83228,23,13
13.07603458,14.454031,1.87237479,14.81589682,7.630461262,9.216918687,8.980927208,9.136909094,6,-97.24103,33.07255,23,3
12.59952253,14.27293541,1.406621808,15.09515691,7.761744985,9.323222529,9.079092085,9.162724518,11,-97.11671,33.04202,23,3
12.77274916,14.19142738,1.007822362,14.42311619,8.312380597,9.161990111,8.973478149,9.233079859,8,-97.32235,32.81972,23,13
11.74165339,15.26195884,0.407937687,15.04199526,8.087947555,9.12554472,8.675563527,9.392245175,7,-97.63107,32.35209,23,7
13.49991312,14.55627626,0.545600879,15.14582328,7.718685495,9.186150133,8.899867211,9.053569596,12,-97.51636,32.96407,23,13
13.62798267,15.12411361,1.594006028,15.11950425,7.919356191,9.264828557,8.965590067,9.423837546,8,-97.24143,32.49063,23,9
13.33829055,15.17010783,2.327284557,15.08314638,8.269244521,9.363318937,9.090655529,9.248214024,4,-97.09595,32.53394,23,9
13.57779256,15.46835273,0.850202619,15.34851657,7.636269603,9.370160663,8.966228514,9.261508659,5,-97.24614,32.5043,23,9
13.13538621,14.96652553,-2.331292506,11.28820567,7.499423291,9.20532783,8.888756748,9.093581811,12,-97.3806,32.52367,23,9
12.24720499,13.43131759,-0.713849091,14.04638892,7.724004657,9.097507564,8.881697406,9.087720658,7,-97.41443,32.25269,23,9
13.56449209,14.5513321,0.170376126,15.26949534,8.211211362,9.272375763,8.923724398,9.105979357,11,-97.52374,32.9468,23,13
13.23850952,14.35434038,1.709587238,14.75731464,7.230563153,9.183071945,8.99305463,9.106090351,5,-97.194,32.56308,23,13
12.97827358,13.97056454,2.211007827,14.70526428,7.918628653,9.212737497,8.961879013,9.27967985,3,-97.31498,32.95738,23,13
13.69800998,14.23490881,2.480796267,15.18795343,7.862882035,9.275566157,8.878358041,9.21880445,10,-97.38138,32.814,23,13
12.09383856,14.51115462,0.454118491,14.96399243,8.179760494,9.176576742,8.948715834,9.094480486,10,-97.53206,32.97675,23,13
11.87203943,13.83089166,1.710828024,14.64155005,7.839525582,9.291274989,9.151863442,9.248310303,4,-97.13864,33.11197,23,3
13.49842027,14.70340182,0.460563033,15.63427119,8.126518169,9.28859687,9.000359807,9.345308232,2,-97.31071,33.0123,23,3
12.99615596,14.27641037,1.188577876,14.46791699,7.396335294,9.118882761,8.97373157,9.153029005,2,-97.27638,32.58049,23,13
12.98654595,14.33430435,2.020471422,15.25571197,8.118505068,9.130755893,8.923324744,9.240869577,3,-97.3105,33.01223,23,3
13.56662475,14.40572206,1.157174996,15.20801112,8.198089249,9.175748927,8.875566692,9.357207448,13,-97.45208,32.86178,23,13
13.51399187,14.55592293,2.397954224,14.94137608,8.006367568,9.21473072,8.953381472,9.255313738,8,-97.33459,32.50455,23,9
12.90102569,14.12886038,0.722825832,14.87389234,8.120291314,9.082961443,8.911934336,9.245997049,9,-97.45978,32.94671,23,13
11.95171574,14.60853022,1.243806973,15.24956455,7.436617265,9.210740292,8.937875265,9.19786285,13,-97.38718,32.90885,23,13
12.8978589,14.08258678,1.433327254,14.84573051,8.028455164,9.262932822,8.933796044,9.34696697,3,-97.35992,32.43801,23,9
11.69007534,15.0964444,0.192725711,14.75606923,7.575584652,9.184099061,8.780480107,9.190851695,7,-97.59646,32.23766,23,9
13.57532512,15.15235204,0.60805859,14.95319163,7.574045005,9.255218131,9.033483855,9.329988334,7,-97.24257,32.49007,23,9
12.65920348,12.28506865,0.678697524,14.41243204,8.144679183,9.162199997,8.634086943,9.128045129,9,-97.86533,32.48793,23,7
11.28775486,14.63924731,2.375658201,14.21313702,8.045908742,9.069698042,8.713088868,9.120415664,2,-98.09812,32.36676,23,5
11.78737031,13.64427374,2.61640599,15.4855249,7.910590612,9.089527752,8.641709066,9.204422898,9,-97.88737,32.33801,23,7
13.93594607,11.56123933,2.616093208,15.73442765,8.23004431,9.380167531,8.942460927,9.400960732,7,-97.20987,32.72382,23,13
12.19910342,14.98243549,0.093097384,14.79229866,8.250620082,9.34696697,9.007489524,9.229946902,4,-97.34734,32.11156,23,6
12.74409117,14.2272559,1.89913008,15.0249484,6.023447593,9.2623634,9.005895898,9.29376198,7,-97.39337,33.14643,23,3
12.49569658,14.03102508,1.109734538,14.81898105,8.304247465,9.214332393,9.005282288,9.156834104,13,-97.34778,33.09378,23,3
12.49333963,14.35783485,-0.493778585,15.23683079,7.554858521,9.159573255,8.984192312,9.238441802,14,-97.36325,33.02058,23,3
12.79916189,15.4455351,3.777378978,13.57244997,8.357962966,9.115040192,8.930361884,9.232982102,7,-97.43771,32.97308,23,13
12.98401354,14.45208739,1.56113563,15.43717561,7.77569575,9.268986567,8.885994315,9.120415664,12,-97.69586,33.27315,23,14
13.33675514,14.61209165,1.026981386,15.2961444,7.684324068,9.2023082,8.99342737,9.08182495,8,-97.62649,32.70912,23,11
12.21742299,13.63936986,1.635152453,14.79828991,7.731053144,9.173157581,8.925454387,9.171079658,13,-97.71062,33.21986,23,14
11.44777876,13.30867696,1.360674115,14.64493536,7.87245515,9.082507,8.853236765,9.158520623,6,-97.43754,32.60752,23,13
12.50742831,14.4263625,1.923073228,14.41327726,7.536363938,9.078864009,8.912473274,9.272375763,7,-97.51435,32.3221,23,9
13.31127153,15.02566422,0.444358045,15.18231267,7.285506549,9.158836529,8.774467601,9.245514447,7,-97.53198,32.38838,23,9
12.09976724,13.33119541,1.845184653,12.49874226,8.273081334,9.324293862,9.094705028,9.220389708,11,-97.18414,32.05557,23,6
12.74099754,14.850828,1.45551575,15.08891614,7.360103973,9.271905728,9.08375622,9.186559843,3,-97.12365,33.14452,23,3
12.4565356,15.67341663,1.193422931,15.41265441,7.803843304,9.256078264,8.757783656,9.207837242,8,-97.6422,32.42717,23,7
12.1122893,14.09805445,0.193892579,14.91589128,8.289539485,9.26435496,9.037889935,9.078179468,14,-97.33957,33.09697,23,3
12.76445911,13.39152296,0.435516787,14.36815007,7.776954403,9.316950107,9.162724518,9.225228984,7,-97.20229,32.25946,23,9
12.27982948,13.99335544,2.343350761,14.67175825,7.668093709,9.076351732,8.823206221,9.172846168,9,-97.59426,32.66035,23,11
12.6687495,14.19230455,1.434107938,15.12132887,7.230563153,9.141204633,8.927977461,9.322239464,10,-97.53726,32.71767,23,13
12.50982613,14.42052573,0.30018579,15.07569393,7.322510434,9.302190026,8.899867211,9.0932446,4,-97.45476,32.44962,23,9
13.11882713,14.96100643,1.960995743,15.08302138,7.957527402,9.20532783,8.939187601,9.258654232,6,-97.30334,32.81929,23,13
12.51873144,14.35437538,1.231025077,14.68645658,7.988203597,9.179468708,8.976135873,9.228278517,11,-97.23513,32.61459,23,13
12.56174158,15.39562264,2.073138611,15.1171094,7.928766322,9.376701909,8.945593271,9.150059441,8,-97.41303,32.1585,23,6
14.02568558,14.68108888,0.901964201,15.20642374,7.744136628,9.267854278,8.98794654,9.165865882,12,-97.21516,32.5585,23,13
13.55302829,14.29174474,1.788973025,15.30385145,7.841492924,9.31343833,8.929964875,9.359880439,4,-97.28358,32.55871,23,13
12.74515039,14.96848476,0.531573947,15.14738886,8.068402959,9.384713759,9.065776921,9.266626183,10,-97.205,32.14738,23,6
12.86028927,14.92473962,1.645608,15.56750442,7.990238186,9.441055189,8.992184362,9.194718991,8,-97.30828,32.37366,23,9
13.45679353,13.98006267,1.838668803,15.29314678,7.723120092,9.313257906,9.011645501,9.314249835,10,-97.19694,32.55242,23,13
13.13742143,14.80257657,1.010650324,15.66684845,8.035278911,9.328123408,8.947155771,9.478533768,6,-97.4438,33.12057,23,14
12.9181299,14.16193313,1.553608581,14.98695501,7.890208213,9.146548239,8.855235623,9.28859687,8,-97.59945,33.09983,23,14
13.52415374,14.52708687,1.025771119,14.75981715,7.498315871,9.13583232,8.881419552,9.301094735,8,-97.45485,32.9814,23,13
13.2486788,13.93069466,0.766455921,14.75629876,8.282483004,9.163039099,8.885717652,9.389323028,8,-97.57073,32.76695,23,11
12.57914885,15.01436026,0.463292758,15.03230225,7.747164967,9.132595023,8.921591064,9.143666239,12,-97.23915,32.68436,23,13
13.08877764,14.91272187,1.589393447,14.66192717,7.965892735,9.206934579,8.873468055,9.409191231,9,-97.43286,32.52299,23,9
13.96491887,15.1883906,2.183679135,15.32249705,7.118016204,9.350276212,8.949754525,9.320986892,9,-97.34052,32.57721,23,13
11.58748548,13.17115354,1.689463217,14.00621686,8.261009786,9.122164681,8.815963561,9.285076718,9,-97.61861,32.48939,23,7
11.48544121,13.42531872,1.031999735,13.84221286,7.601402335,8.947676062,8.890135108,9.059052258,11,-97.65118,32.91499,23,11
13.16561059,14.66223683,0.24548732,15.48516906,8.453401058,9.413281216,9.075207698,9.3017338,7,-97.3276,33.11828,23,3
12.9608557,14.46783574,1.520695431,15.27793784,8.483429561,9.267193184,9.028938392,9.159047078,7,-97.29999,33.17291,23,3
12.16376517,15.16077457,0.973973948,14.91058058,7.622663951,9.078864009,8.767484875,9.053803514,6,-97.63752,32.37151,24,7
12.9098803,13.98204143,0.243535954,14.97698622,7.725771442,9.356948392,9.0932446,9.136370852,5,-97.05453,32.94572,24,13
13.17361907,14.3886347,1.236841213,15.27069599,8.201385955,9.337413455,9.03025631,9.213933907,12,-97.0576,32.93082,24,13
12.98837016,13.99549605,1.766590887,14.88716472,7.01301579,9.343821763,9.041329829,9.305286849,5,-97.05755,32.93082,24,13
13.08109337,13.80899941,1.860838192,14.5790724,7.95927596,9.179881164,8.89123643,9.273315171,6,-97.44623,32.61779,24,13
13.13694455,14.43544168,1.729771084,14.68636868,7.795234929,9.1372319,8.945202264,9.277531622,13,-97.29675,32.54549,24,9
13.03202502,14.87895877,0.729878741,15.26849394,7.817625443,9.304103902,8.99342737,8.985946039,11,-97.39803,33.20237,24,14
13.12675373,14.78173366,0.799890821,15.07000802,8.351138607,9.250522162,9.084550366,9.238150073,7,-97.49719,33.16015,24,14
13.16942443,14.87337029,-0.732651698,14.788512,7.527793988,9.220290703,9.00944743,9.484177038,2,-97.20633,32.47718,24,9
12.26398772,10.1266311,0.806893687,13.13033155,8.202208436,9.002701007,8.744966011,9.388486557,2,-97.81046,32.69113,24,11
13.02443076,15.47175572,2.936141901,15.33054372,7.544861069,9.494691904,9.047821442,9.239413619,6,-97.2301,32.10072,24,6
12.31662516,14.20586203,1.562696188,15.0786792,7.697575347,9.192685437,8.974111581,9.254739959,12,-97.4474,33.09147,24,14
11.48508139,14.07538712,-0.174527556,14.64410255,6.946013991,9.019421968,8.822469572,9.174920427,4,-97.63798,32.59803,25,11
13.65682193,13.90113764,0.891595056,14.79807206,7.878155337,9.311722986,9.245224774,9.247250726,9,-97.46398,32.38351,25,9
11.24423523,13.25418957,2.149608493,14.69092929,7.807510042,8.894944461,8.436200032,9.26860928,8,-98.20969,32.105,25,5
12.28145374,14.2175478,2.616502798,15.2827234,7.874739125,9.142061531,8.815815204,9.160729871,11,-97.55481,32.57896,25,11
12.38879829,13.7352805,1.40161586,14.83541292,6.522092798,9.271435471,8.490849216,9.161150128,4,-97.18786,33.00799,25,3
13.54502248,13.87895473,0.697591469,14.96878905,7.146772179,9.225031921,9.026297334,9.152711259,6,-97.59023,33.16365,25,14
12.95738496,14.13824602,0.641914572,14.89677321,7.877017896,9.244065241,8.883640233,9.161150128,8,-97.54212,32.70228,25,13
12.35774597,15.479751,2.453924078,13.83878753,7.767263997,9.119101892,8.894533136,9.229652683,8,-97.55871,32.6815,25,11
12.60993313,14.45275383,1.589882296,14.9247759,7.677863501,9.03503415,8.699181359,9.159678457,12,-97.80467,32.37168,25,7
13.95575065,15.01450378,0.827424621,14.9131824,7.424761762,9.371438292,9.238927829,9.15334665,6,-97.3075,32.41143,25,9
12.40853582,14.28826041,0.613344089,15.30091741,7.550661243,9.237858258,8.802372134,9.239219332,14,-97.60948,32.64553,25,11
12.78754777,14.58654428,-1.153060245,15.10592763,8.297045149,9.188401464,8.94910547,9.29007534,9,-97.29993,32.49144,25,9
13.14745981,14.39342083,1.725334114,14.24705658,7.496652438,9.165447603,8.961879013,9.252345666,10,-97.31012,33.03267,25,3
12.41131288,13.62940023,1.46255259,14.48393053,8.140607043,9.071537969,8.87626526,9.061608318,11,-97.56937,32.75105,25,11
11.60183338,14.43231651,0.823198614,14.33607184,7.666221926,9.173883835,8.706159291,9.453678631,9,-97.91086,32.81335,25,11
12.8239816,14.11857373,1.801645244,14.94006736,7.795234929,9.262932822,9.018695488,8.983188799,8,-97.35069,33.10027,25,3
12.17943088,15.20778699,0.829028249,14.94287744,8.28273588,9.239899174,8.854236693,9.353141171,4,-97.49247,32.43859,25,9
13.07503065,15.09366276,0.44031718,14.84191195,7.857480787,9.21413317,8.938794081,9.14174028,9,-97.3704,32.5211,25,9
13.35148741,14.1301023,1.171333067,15.1015845,8.467372496,9.270305953,8.927844826,9.318297513,11,-97.34144,32.42525,25,9
12.79603195,12.75042975,-0.116592453,14.77255928,7.857867559,8.968396191,8.643649615,9.26492325,12,-97.71953,32.22716,25,12
12.58537514,14.34607998,0.671114944,15.4102449,8.232440158,9.384041546,8.983314293,9.383621184,7,-97.25771,32.40213,25,9
12.16912335,14.16616743,1.771964176,14.4770649,7.403061091,9.066700922,8.877660934,9.063115652,6,-97.73356,32.66252,25,11
12.79372041,13.9727365,-0.941288382,14.6351124,7.922985959,9.16753725,8.905172985,9.379745537,12,-97.39009,32.4891,25,9
11.80143719,13.589914,1.772252072,14.42945543,6.840546529,8.921324077,8.655214489,9.091556836,7,-97.77704,32.50451,26,7
12.27067991,14.33537521,1.688615082,15.3365434,7.845807503,9.199683792,9.000606508,9.062420242,4,-97.26131,32.29355,26,9
12.2050271,14.12054373,2.113744945,15.0260881,7.806696373,9.157045075,8.863615759,9.283590834,4,-97.62423,32.61823,26,11
13.17689702,13.42141556,1.061444772,14.79180831,8.059908335,9.159678457,8.909775674,9.27902653,11,-97.42178,32.97632,26,13
11.41216546,13.95457661,1.099333712,14.33215204,7.882314919,9.078293591,8.893298144,9.239510749,8,-97.52589,32.83232,26,13
12.26202283,14.4211808,1.079945033,14.77892607,7.477604243,9.069582934,8.812843434,9.002085433,6,-97.73621,32.62726,26,11
12.8682115,14.0406585,1.687866152,14.63348435,7.779466967,9.214232787,8.884333185,9.242807562,10,-97.54075,32.51091,26,9
12.59978563,13.71015004,0.684882665,14.46774095,7.33432935,9.165761329,8.945853857,9.245417899,7,-97.21089,32.79337,26,13
13.02845042,13.8924716,0.95869736,14.13968607,7.551712215,9.147932912,8.91650608,9.178952899,8,-97.38811,32.49359,26,9
12.52556584,13.4886579,1.6059374,14.27828185,7.257707677,9.169726689,8.907883014,9.220092663,9,-97.41732,32.31957,26,9
12.20011493,14.42733922,2.446460543,14.51574258,7.387090236,9.056956065,8.653121709,9.139703292,12,-97.97318,32.88185,26,11
13.24307723,14.5775418,2.667702312,14.9866035,7.823645931,9.243968553,8.97866049,9.266248004,8,-97.23978,32.60688,26,13
11.19556738,13.44318086,1.771714118,14.05647359,7.153051635,8.80282316,8.648221454,9.241645222,9,-97.94149,32.87659,26,11
13.21294604,14.94335797,1.511088689,16.29472655,8.155936338,9.504501411,9.164296433,8.859221394,8,-97.11256,33.1588,26,3
12.49995048,13.82298257,2.07190758,15.05808985,8.227375507,9.223947375,8.999619341,9.214332393,6,-97.5152,33.17574,26,14
12.17676226,14.47341391,0.383532978,15.02567495,8.169619562,9.14889041,8.881836305,9.073489189,12,-97.63294,32.87527,26,11
12.74564023,14.22775265,1.840327462,15.28400683,7.52131798,9.278933163,8.91891798,9.287394001,14,-97.43137,32.89216,27,13
12.04778007,14.39335911,1.825892648,15.32129583,7.955074273,9.266720705,8.990316948,9.239219332,14,-97.30088,32.18781,27,6
13.83028192,14.58172231,1.071958835,15.53744931,7.60190196,9.291920359,8.935903526,9.157466882,4,-97.23981,32.77975,27,13
12.20664748,14.20663939,1.723722962,14.46951246,7.43838353,9.146335042,8.803273983,9.102532419,6,-97.72497,32.5925,27,11
12.91878223,15.51149307,1.899447934,15.33424885,7.996317232,9.291920359,8.823942327,9.048997222,9,-97.57336,32.48771,27,9
12.56437277,11.25803322,1.991093403,14.22363612,8.187577396,9.116578992,9.056606272,9.197964101,9,-97.6958,32.86033,27,11
12.65611589,14.44739385,1.660163678,15.38917372,7.365812837,9.295600216,9.041448235,9.244741799,11,-97.26391,33.14025,27,3
12.57669783,14.23241861,1.95854602,15.16750691,8.047509511,9.306650052,8.994296558,9.208638925,3,-97.21762,32.61861,27,13
12.98783034,13.60391013,1.199986525,14.83536748,7.663407665,9.136155474,8.99019233,9.199279425,9,-97.23976,32.60637,27,13
13.17630975,14.56330784,1.17060297,14.96372601,7.387090236,9.169934957,8.980927208,9.335915195,7,-97.40063,33.16934,27,14
11.99984152,14.32158089,1.156547209,14.87489749,7.367708572,9.219002745,9.011889433,9.114269903,8,-97.1532,32.37447,27,9
12.21734883,14.78928461,0.674510118,15.24510001,8.093156698,9.123910644,8.768729817,9.38345299,9,-97.72999,32.55259,27,7
12.35565146,14.40897441,1.022974622,14.74634777,8.28172399,9.075894275,8.461680481,9.25292082,4,-97.75529,32.7198,27,11
13.30814561,14.1096716,2.29000912,14.84390351,7.129297549,9.152181458,8.936561205,9.171807422,4,-97.31332,32.7619,27,13
11.82768511,13.64561152,1.45092867,14.48925471,7.602900462,9.014690385,8.847934753,9.281450999,11,-97.68664,32.82222,27,11
13.18393249,14.72763261,1.418941654,14.8419836,7.257707677,9.210340372,9.012864567,9.236495329,5,-97.12598,32.53969,27,9
13.67154203,15.3497938,1.594327669,15.97128795,7.674152921,9.129997619,8.801168402,9.21662061,2,-97.53601,32.40293,27,9
13.17127353,14.18084787,1.105020962,14.88499403,7.798112629,9.134862231,8.815221556,9.372884301,7,-97.50399,32.79655,27,13
13.22023754,14.01041923,2.028450704,14.91160568,7.78113851,9.237858258,9.002454823,8.984192312,8,-97.24723,32.5189,27,9
12.49765585,13.50079981,1.203092292,14.28539543,7.467371067,9.177300518,8.909235279,9.254165852,12,-97.4173,32.31954,27,9
12.99097141,14.23422089,1.966098257,14.99778546,7.594884387,9.312445595,8.910855587,9.203416457,8,-97.44735,32.39233,27,9
13.47481582,13.64665986,2.101642115,14.42799851,7.027314514,9.134430778,8.962391702,9.162724518,10,-97.36299,32.51626,27,9
11.91339143,13.91318159,1.606180129,14.03357081,7.955074273,9.086476385,8.812843434,9.185022564,12,-98.06521,33.1604,27,8
10.88481668,14.45214823,1.065169043,14.2275818,8.013343181,8.834773814,8.556413905,9.194718991,4,-98.1892,32.54383,27,10
12.85743383,14.33144312,-0.04819145,15.0313564,8.112827479,9.18440699,8.937481228,9.156623089,7,-97.53526,32.80964,27,13
12.06592513,13.92436496,1.302958127,14.44268779,7.913521017,9.141847376,8.908829792,9.352534138,6,-97.38725,32.18977,27,6
13.36198167,14.30121651,0.488305896,15.05778673,7.701652363,9.133675287,8.901638932,9.096387492,9,-97.51878,32.97054,27,13
13.539678,14.22097567,0.864651611,15.00253779,7.126890809,9.262173521,8.903543436,9.235423152,2,-97.29633,32.74788,27,13
12.83715557,13.59207821,0.678016301,14.35459997,7.445417557,9.142061531,8.854807633,9.251482315,7,-97.47876,32.40156,27,9
12.34601283,13.3977198,2.253622112,14.70762498,7.531552381,9.246190025,8.985194818,9.090768237,12,-97.28108,32.33535,27,9
11.95187048,13.99549605,0.661240394,14.43532547,7.732369222,9.133567313,8.818778169,9.29035231,8,-97.70177,32.57966,27,11
11.84209971,14.50263967,1.540827788,14.64537156,7.889833751,9.263122557,9.059517482,9.135401285,8,-97.21798,32.14729,27,6
12.36686408,14.28738743,0.694339664,14.32112261,7.436617265,9.118773178,8.782936356,9.128045129,10,-97.69146,32.51076,27,7
12.67537916,13.80949249,1.654770492,14.73765055,7.908754739,9.116029693,8.941937914,9.201299627,11,-97.48438,33.06805,27,14
12.06424407,10.1514798,0.644947021,14.89757061,7.497207223,9.127067453,8.772300418,8.960596139,4,-97.67532,32.45898,27,7
11.97453143,10.71063284,2.308686174,15.05456803,7.793174347,9.120415664,8.762958921,9.159152335,8,-97.67512,32.4592,27,7
12.72090324,15.11540245,1.720835529,14.75593804,6.222576268,9.091106284,8.740336743,9.101083386,7,-97.60816,32.2227,27,9
12.12522044,15.448665,1.982713754,15.1531366,7.651595574,9.155989777,8.751632702,9.118334726,4,-97.63153,32.3746,27,7
13.10484889,14.76036542,-0.795794063,14.90387047,7.860956365,9.336091577,9.089979015,9.229162126,8,-97.11685,33.04169,27,3
12.71553134,13.72777164,1.754200167,14.68515487,7.896552702,9.134322886,8.883778861,9.278466201,8,-97.4561,32.32967,27,9
11.63302581,13.87283562,1.428583168,13.89700022,7.918264686,8.855520849,8.560252681,9.158204618,6,-98.05604,32.86836,27,11
13.54574044,14.55965974,2.66802417,15.32904179,7.657282793,9.2060311,8.912473274,8.865029187,7,-97.36791,32.55068,27,9
13.58785936,15.24059285,1.18838997,15.22056239,7.62754439,9.382190629,9.002577923,9.34171945,6,-97.2461,32.50424,27,9
11.66677896,14.25865673,1.758432506,14.25682918,7.213768308,8.913415718,8.700181193,9.119758994,11,-97.78677,32.53476,27,7
12.04096213,15.18719877,-0.102706839,14.96231283,8.38935982,9.066585468,8.712266432,9.098849996,3,-97.6547,32.32202,27,7
12.13319545,15.51652441,1.858067221,15.23745918,7.497761701,9.172638505,8.699848026,9.094368196,11,-97.67908,32.33331,27,7
13.39221798,14.38592497,0.826118445,15.20995462,8.383433201,9.16136019,8.924390132,9.116139577,9,-97.36743,32.58674,27,13
13.40537607,14.51598582,0.694788302,15.40057422,7.813995675,9.245997049,8.836228572,9.239899174,6,-97.51082,32.92119,27,13
12.65193726,14.33215323,0.940351271,14.8901846,8.077136639,9.240481529,8.884056062,9.377548291,12,-97.48289,32.68319,27,13
12.8525317,13.58844934,0.527892275,14.43717677,7.594884387,9.032648084,8.900821605,9.24425859,8,-97.51884,32.97049,27,13
12.83909024,14.59634805,2.611294964,15.01463221,7.893945138,9.210540352,8.915969311,9.157466882,6,-97.52359,32.5967,27,13
13.29860147,15.28912875,0.858841564,15.27384275,8.583916823,9.153981638,8.809116258,9.1372319,13,-97.52111,32.39163,27,9
12.1633478,13.98525333,0.682530322,14.93322327,7.864419905,9.105424202,8.895629627,9.232688776,12,-97.68135,33.25658,27,14
13.01239671,14.07834548,2.976579267,15.04075021,8.139148679,9.122055457,8.888756748,9.237955539,12,-97.68331,33.2537,27,14
13.01315324,14.4837501,1.667612723,14.84038373,8.000014094,9.16136019,8.974618038,9.091331585,9,-97.27019,32.49463,27,9
13.55954677,14.56669077,0.511494454,14.8724776,7.550661243,9.106090351,8.819665349,9.219894585,12,-97.51621,32.39292,27,9
13.32786258,15.20267954,2.332923495,15.85589963,8.593227878,9.286745703,8.941152882,9.22690246,12,-97.34277,33.0655,27,3
13.09724657,14.89289921,2.276852755,15.57550791,8.030409562,9.268986567,9.02220193,9.161885152,12,-97.34278,33.06539,27,3
12.12436898,13.15718983,1.861609914,13.00183508,8.01268093,9.000853147,8.946374826,9.169205829,9,-97.36383,32.52547,27,9
12.23101401,14.92285461,2.495003209,15.01819633,7.516433303,9.35357454,9.104979856,9.114930187,9,-97.27923,33.25575,27,3
12.68565834,14.39550024,1.59824664,15.22875839,8.26898821,9.327767789,9.047350743,9.498297407,12,-97.36229,33.11526,27,3
11.67074939,15.56970661,1.087698126,15.79923824,7.845416037,9.181426362,8.702842538,9.112948026,8,-97.79175,32.53244,27,7
12.79155388,14.58487776,-0.219149853,16.07863148,8.077136639,9.213734605,8.947676062,9.231612507,5,-97.37796,32.99129,27,3
12.79826625,14.42391651,0.993384897,15.02820125,7.92984643,9.132703102,8.860782896,9.277531622,8,-97.60666,32.83338,27,11
12.80339426,14.50678098,1.464114207,15.31350415,7.696667082,9.332558005,9.016270068,9.011523513,8,-97.33566,33.14232,27,3
12.03779008,13.66426898,2.037237556,13.99809708,8.57753542,9.128045129,9.048644633,9.317219734,12,-97.30899,32.4709,27,9
13.61992989,13.32154205,0.755388736,15.53184149,7.443078374,9.303739636,8.943114308,9.312084356,9,-97.39353,32.94062,27,13
12.42710998,14.93372938,2.224205221,14.82886339,7.863651265,9.258273026,8.732304571,9.236397906,10,-97.79762,32.37169,27,7
13.57825921,14.62198642,1.996838332,15.01384691,8.148445666,9.170247278,8.887514597,9.340491056,9,-97.47277,32.98797,27,13
11.51010148,13.3326243,-1.071381223,14.53928393,7.580699752,9.071308163,8.927314111,9.251482315,6,-97.63557,32.70183,27,11
13.06550304,14.7457042,1.939533087,15.67647048,8.269500767,9.255504924,8.985946039,9.257891674,9,-97.33981,33.08028,27,3
12.44341492,14.88933276,0.348779147,14.91762271,7.913886715,9.273596822,9.01978501,9.092569836,4,-97.17449,32.4089,27,9
12.63050997,14.68387076,1.697157591,14.77394542,7.592870288,9.135616826,8.785998208,8.980675604,2,-97.51101,32.35412,27,9
13.16335944,14.34247328,0.957509245,14.92805928,7.623641947,9.168788945,8.838841813,9.12858787,13,-97.59982,32.57973,27,11
11.95080613,14.28194094,0.460600661,14.83857353,8.254008591,9.238247325,8.892473968,9.324650718,8,-97.49753,32.69866,27,13
13.18231389,14.6184086,0.085918182,15.50228722,7.924434185,9.29825967,8.810608796,9.199885914,8,-97.53427,32.37049,27,9
13.1900781,14.06276118,1.72145598,14.85681148,8.275885669,9.229162126,9.006509132,9.31379908,10,-97.35409,33.09796,27,3
12.66409858,14.38456735,0.559643453,14.03529166,8.151044946,9.153875835,8.853236765,9.135401285,14,-97.57329,32.79598,27,11
12.35640461,14.60940764,1.390589358,15.45729213,7.73280753,9.206733876,8.994792897,9.233568498,2,-97.28352,33.06594,27,3
12.6726454,14.14486035,0.901324155,15.03717877,8.631057448,9.123583508,8.809116258,9.264828557,7,-97.48591,32.3631,27,9
12.93252161,15.09132186,1.673525611,15.47762706,7.550135342,9.346879736,8.968268811,9.278933163,13,-97.36729,33.19046,27,3
12.50036408,14.28863431,1.079562949,15.42226848,7.972466016,9.194617412,8.957381736,9.217613856,3,-97.34787,33.05526,27,3
13.51643179,13.79684239,2.806443798,15.451006,7.146772179,9.292565312,8.941021984,9.135940049,4,-97.31853,32.17699,27,6
13.23643464,14.21153457,2.10453333,14.66634715,6.907755279,9.421411342,8.909235279,9.428672366,12,-97.38555,32.28674,27,9
12.18000071,14.7958647,1.480419875,11.00419764,7.578656851,9.083642719,8.76499033,9.198065341,11,-98.02048,33.1306,27,8
12.8685673,13.82546089,2.669812684,14.25795027,7.788626066,9.126306376,8.885440912,9.201703179,12,-97.40792,32.58808,27,13
12.71319743,14.16143795,2.484053436,15.06303583,8.259716961,9.181426362,8.980927208,9.111514018,7,-97.44086,33.1228,27,14
12.94467587,14.18058413,1.529819307,14.67546202,8.311398278,9.366489054,8.877102898,9.185022564,4,-97.44584,32.3073,27,9
12.79858424,14.11745864,2.254179097,14.81212113,8.30474227,9.139810606,8.989194823,9.102755161,9,-97.25531,33.08442,28,3
13.67027552,14.33002975,-0.718722545,14.9033753,7.711996507,9.217812387,9.015176707,9.247636157,5,-97.20434,32.32941,28,9
11.73568494,14.35897373,0.766051665,14.75591227,6.987490247,8.971321472,8.743531634,9.309189736,8,-97.84973,32.82538,28,11
12.21804074,14.69762384,1.080562096,15.08298084,7.576609767,9.040619097,8.772920093,9.12314716,3,-97.63036,32.46659,28,7
13.38166758,15.1212698,1.708377569,15.26942245,7.274479559,9.103645633,8.794976432,9.032050676,11,-97.59241,32.40022,28,9
11.87744357,13.72311562,-0.707384824,15.07417011,7.141245122,9.249945627,8.97373157,9.000729835,3,-97.26986,33.02028,28,3
12.4546344,14.33192056,0.503362805,11.26768967,7.878534196,9.116359309,8.927977461,9.144734615,6,-97.73468,33.1252,28,14
12.48816789,15.04204688,1.183971628,15.45757673,6.860663671,9.111845125,8.773384597,9.228278517,6,-97.62565,32.37788,28,7
12.56737686,14.57801588,1.300785659,14.94663069,7.645875825,9.086136769,8.826000545,9.09403125,12,-97.58536,32.34594,28,9
13.61934116,14.79679958,1.678777625,15.36955964,6.536691598,9.240190394,8.942853007,9.294865327,8,-97.30058,32.61449,28,13
12.99605838,14.4308043,0.910027265,15.32115695,7.371489295,9.249561085,9.053218616,9.282847063,7,-97.2845,33.14864,28,3
12.81275466,14.11339046,1.869359176,15.0951519,8.125630988,9.319463799,8.88322423,9.109635668,4,-97.53936,32.64472,28,13
13.59141781,13.73538451,1.906565835,14.67734933,7.881182202,9.22818029,8.888204871,9.398063978,13,-97.45576,32.41263,28,9
12.98583779,14.4295063,0.538060275,15.02437179,7.50714108,9.173883835,8.879472402,9.287116211,3,-97.40341,32.87573,28,13
11.61311463,14.0036485,2.706160246,14.76854278,7.412764017,9.076808979,8.603370888,9.298351249,9,-97.87803,32.28319,28,7
12.58445771,13.7221884,0.796314828,14.73895246,8.006367568,9.077037525,8.798605651,9.2490802,7,-97.75528,32.79302,28,11
13.04987655,13.75659566,0.490242183,14.95851669,7.446585099,9.245804036,8.817297784,9.198976042,10,-97.55796,32.76192,28,11
12.20917283,13.69757013,1.332926866,14.87488293,7.734121303,9.18860588,8.92598609,9.290536914,8,-97.54402,32.98699,28,11
11.25990244,14.44027183,1.265387834,14.82710856,7.524021415,8.93458687,8.622093601,9.044285788,2,-97.78308,32.1031,28,1
13.16252788,15.22400663,1.523048498,15.58569495,7.380255788,9.196444267,8.833462721,9.293301893,4,-97.59717,32.44009,28,9
12.4427206,14.58654428,1.367213901,14.98570463,7.619233416,9.002947131,8.705331134,9.258177701,12,-97.66782,32.40005,28,7
12.74097411,15.15224696,1.998788922,15.52924146,7.497207223,9.130430989,8.753055515,9.202610574,9,-97.64763,32.47035,28,7
12.45126727,14.70299021,2.25590748,15.0619375,7.716015267,8.977020214,8.670257567,9.199279425,6,-97.74494,32.35667,28,7
12.12522044,14.49242673,0.798558637,14.93497982,7.608870629,8.937875265,8.690810308,9.195226734,11,-97.75679,32.36375,28,7
11.65936938,13.27579666,2.468436156,14.64875006,7.896552702,9.196545661,9.064505024,8.948975608,10,-97.16264,32.40281,28,9
12.91891215,14.00819903,0.923713987,14.64595316,7.892452044,9.166283986,8.967376693,9.01371703,9,-97.32228,32.81984,28,13
11.93732354,13.72273716,1.492714715,14.53295027,7.984121959,9.229652683,9.104979856,9.140775909,10,-97.20557,33.08318,28,3
10.53974687,13.65789605,1.326514141,14.62852128,7.037027615,9.078407701,8.870522545,8.989070065,8,-97.84206,32.54079,28,7
13.30607896,13.85746311,0.674346604,14.76918262,7.090909822,9.053218616,8.887376485,9.203315757,6,-97.44972,32.86461,28,13
12.19851919,13.92091417,0.935249883,14.56348961,7.093404626,9.072686207,8.943506132,9.173676388,12,-97.32521,32.8747,28,13
12.13359335,14.27004516,1.99196494,14.52260798,7.746300662,9.100748695,8.837826364,9.246479419,6,-97.65591,32.5716,28,11
11.73482024,13.91118431,-0.274350924,14.58704554,7.700295203,9.058237594,8.867568333,9.087155271,12,-97.66508,32.58385,28,11
12.05872047,14.05499979,1.525264255,14.74851444,7.467371067,9.096835671,8.854379459,9.225721474,7,-97.65691,32.58932,28,11
12.08958377,14.29744276,1.553873856,14.92898387,7.408530567,9.085683767,8.857941985,9.061608318,6,-97.65681,32.58932,28,11
13.54924419,14.66537042,2.054861367,15.31771153,5.424950017,9.21820933,8.884471718,9.122273893,5,-97.49973,32.95063,28,13
11.73822669,13.23456643,0.877610649,14.05828731,7.50659178,8.999372397,8.839566504,9.081256219,9,-97.58652,32.73342,28,11
11.52327176,13.55414579,2.2952238,14.49312574,7.059617628,9.066816362,8.952605376,9.179674958,12,-97.35201,32.24503,28,9
12.16517773,13.83550924,-2.487643374,15.11873087,7.281385664,9.233568498,9.029417836,9.11316846,4,-97.23467,32.21831,28,6
12.39970499,13.15773052,0.986477436,14.93394051,7.635303886,9.195226734,9.057189192,9.265491216,9,-97.19469,32.21615,28,6
12.08430041,13.70234186,0.422753351,14.83738002,7.661997559,9.211739393,8.963416292,9.015176707,11,-97.24755,32.2749,28,9
12.32829913,14.63902789,2.556293004,13.90787458,7.895063498,9.29899207,8.936035097,9.214332393,12,-97.28076,32.99202,28,3
12.73928285,14.51765613,2.057272826,15.30624736,7.863266724,9.078407701,8.839421608,9.220290703,11,-97.50506,32.45275,28,9
12.62734876,14.51588158,2.299892057,14.8573747,7.973155433,9.238150073,8.987196821,9.089414904,3,-97.26114,32.28591,28,9
12.45085244,14.25007676,0.472759156,15.35647646,7.694848072,9.392661929,8.999619341,9.224539091,7,-97.18787,33.00791,28,3
13.10080669,13.93632012,1.759212694,15.14146079,7.311886164,9.15408743,8.9226583,9.324561516,7,-97.46698,32.92856,28,13
12.65604893,13.83916849,0.813075474,14.93021074,7.861727078,9.080117785,8.857515151,9.158520623,4,-97.51703,32.62932,28,13
11.70811389,13.84234721,-0.041297395,15.00889409,7.669961995,9.089527752,8.824677891,9.318297513,3,-97.68826,32.68187,28,11
12.9895266,14.11749486,2.274024183,15.22371708,7.547501683,9.131838144,8.848652886,9.258654232,3,-97.50845,32.62439,28,13
12.78930172,14.03211759,0.878996797,14.77759497,7.577121931,9.042158379,8.926384681,9.419790596,8,-97.49,32.30206,28,9
12.06318909,14.72543185,0.521772372,14.66970629,7.740664402,9.098067129,8.832003931,9.416134285,9,-97.56944,32.39404,28,9
12.60511048,14.8217206,0.735985247,13.71015004,7.311886164,9.289151552,9.037414537,9.332911924,6,-97.48452,32.44179,28,9
11.95318484,14.74230988,1.570333286,15.08593437,7.828834528,9.172742342,8.864746661,9.296059247,3,-97.71924,32.627,28,11
9.819779803,13.56784375,1.807451262,14.12542466,8.230843564,9.026297334,8.643297068,9.020389788,3,-97.91284,32.68474,28,11
12.03530212,14.41185384,1.370683438,14.89206945,7.977625099,9.082507,8.637639344,9.208338369,14,-97.9113,32.41541,28,7
11.60397202,14.04497012,1.307840881,14.52034715,8.268731832,8.895903562,8.655911111,9.149953222,9,-97.87867,32.31067,28,7
11.79786378,14.26467352,1.390603276,14.72065379,7.577121931,9.019421968,8.649974303,9.058586817,8,-97.88426,32.31369,28,7
12.68377469,14.6909793,0.516717251,15.44377415,7.468513271,9.32527491,9.056373009,8.891374009,12,-97.22436,32.44911,28,9
10.68985181,14.3126465,1.016291288,14.79309129,7.645875825,8.959825624,8.748939632,9.185227671,14,-97.75999,32.51537,28,7
10.65652968,14.42978768,2.384463577,14.74642346,7.631431665,9.065545787,8.77183541,9.037176753,8,-97.62791,32.32119,28,7
12.0410152,14.49172112,-1.311498891,14.83437593,7.731930722,9.147187557,8.6850777,9.097955241,11,-97.8094,32.39141,28,7
13.90389957,15.00751604,1.596311848,15.38153646,7.624618986,9.33273498,9.074520649,8.912742635,8,-97.60688,33.21329,28,14
12.19090317,13.63739534,0.498275276,14.44463748,7.418780883,9.122601458,8.890272839,9.043695295,12,-97.54933,32.72859,28,11
13.03470743,14.1531093,1.379545242,15.24593424,7.604894481,9.211639528,9.007612005,8.970813341,7,-97.28149,33.01794,28,3
12.08280837,13.85423596,-0.003747795,15.20832412,5.743003188,9.241354426,9.055205875,9.077837022,9,-97.16645,32.38753,28,9
13.77130472,14.3795275,2.455864373,15.19446908,7.785720897,9.099855639,8.962647948,9.1787465,14,-97.3025,32.58616,28,13
13.5149175,14.70757253,-0.263984467,15.3509109,8.109224953,9.262553243,8.949235314,9.340491056,6,-97.34343,32.83608,28,13
13.65692154,13.39621221,2.032952877,14.80491717,7.134890852,9.112507012,8.981430226,9.130322664,8,-97.31082,32.58496,28,13
13.38977182,14.21666372,1.777779517,15.17718533,7.367708572,9.109414453,8.942983666,9.378901014,9,-97.31067,32.5902,28,13
11.36727522,13.77875321,1.054687167,14.46124532,6.779921907,9.069352679,8.883501584,9.213933907,4,-97.55863,32.68142,28,11
12.27325454,13.86096182,1.437284947,14.50066589,8.658692754,9.072571442,8.893984439,9.121181236,3,-97.64117,32.58863,28,11
14.14016683,14.61542656,1.274041374,15.26183172,7.467371067,9.158309964,8.891098831,9.07760866,11,-97.47597,32.97705,28,13
14.02718701,14.37406807,1.764082413,15.06992416,7.746300662,9.102198213,8.877242436,9.037889935,12,-97.47603,32.97716,28,13
12.80383164,13.79869598,2.426032887,14.82689472,7.784057003,9.18440699,8.946244609,9.200895913,5,-97.28652,32.64911,28,13
12.81381988,14.7286736,2.338025735,15.42401884,7.487733761,9.185535253,8.92651751,9.023890305,3,-97.33017,32.62689,28,13
12.31374249,13.15613659,2.745478179,14.0166784,7.511524648,9.190545745,9.0653146,9.166179476,8,-97.18559,32.30413,28,9
12.68077149,13.77009469,1.170642783,14.50888771,7.787796878,9.173676388,8.853093836,9.109414453,10,-97.53364,32.74086,28,13
12.71146755,14.51632824,2.665043285,14.51629252,7.595889918,9.15334665,8.852807918,9.165238398,9,-97.53815,32.74088,28,13
12.37976962,12.57922115,1.333158941,14.63112578,7.440733707,9.173780117,8.871365005,9.11018849,11,-97.52303,32.72808,28,13
11.99600572,14.08033334,0.979667938,14.96882881,5.730099783,9.180396496,8.974618038,9.195125206,3,-97.26676,32.9795,28,13
8.798605651,13.43727776,0.827005018,14.44535366,7.687997166,9.153134898,8.909100135,9.198773736,2,-97.93261,32.76556,28,11
12.32440664,13.9426902,0.842139018,14.96672668,7.884952946,9.225721474,8.860782896,9.049702026,2,-97.5958,32.93454,28,11
12.16307641,13.05782486,2.191643224,14.48897326,7.786551806,9.161150128,8.902455592,9.189933562,12,-97.59041,33.13916,28,14
12.24985027,13.42961276,2.476388138,14.64143973,7.479864131,9.11712799,8.9226583,9.035748861,6,-97.66404,33.29264,28,14
10.76578662,13.74293987,1.208751355,14.92970088,7.138867,9.14974075,8.87626526,9.180911561,6,-97.60694,32.88569,28,11
11.54446289,13.63638389,0.634940135,14.81702367,7.971085754,9.190341725,8.853665428,9.214830277,12,-97.58962,32.95456,28,11
11.47861348,13.91774941,1.538301171,14.57962027,7.745002804,9.085683767,8.831273738,9.22818029,11,-97.51427,32.39308,28,9
12.83947778,14.19401548,0.60545378,15.1961389,7.406103381,9.175748927,8.949365142,9.222071295,7,-97.34514,32.39088,28,9
12.43296118,13.95039104,-0.22970191,14.99950634,8.245646901,9.182455168,9.03539157,9.15324078,7,-97.2782,32.25028,28,9
11.39157106,13.98862318,1.556828112,14.07365207,7.828436359,9.059866259,8.947676062,9.15641203,5,-97.29056,32.39255,28,9
12.88625616,14.15803587,2.004379026,14.48880497,8.073714641,8.977020214,8.799209242,9.2023082,10,-97.51661,32.33944,28,9
11.47575305,13.90168825,0.169055812,14.71728524,7.318539549,9.025214888,8.665613197,9.226705726,12,-97.87012,32.35751,28,7
12.59224959,13.82704379,2.44322932,14.46811383,7.827240902,8.991064332,8.847934753,9.18440699,6,-97.64155,32.59449,28,11
12.3464431,14.35550656,2.091222213,15.01463221,7.827639546,9.232982102,8.835210464,9.192990734,8,-97.66499,32.5838,28,11
12.10513566,14.08155726,1.96438018,14.77115507,7.870929597,9.225426009,9.005773206,9.068776808,11,-97.18014,32.30572,28,9
12.34509954,14.04605228,1.709361853,14.74326335,8.222822131,9.000236434,8.824236617,8.98757175,9,-97.57457,32.28523,28,9
12.94920927,13.16542287,1.381213366,14.30860185,7.851661178,9.10242103,8.968905551,9.050523671,9,-97.48354,32.92416,28,13
12.16229838,13.97728921,1.717449107,14.72128297,8.242756346,9.010669177,8.761706768,9.071078305,6,-97.79106,32.6831,28,11
13.07839477,14.5554459,1.080404418,15.4885169,8.061486867,9.224736252,8.947025656,9.217216676,8,-97.27187,33.0115,28,3
13.30141794,13.96220494,1.499741037,15.00961483,8.202482447,9.192685437,9.019179867,9.061608318,9,-97.19333,32.32892,28,9
12.28468048,14.22695774,1.624219198,15.35873174,8.207401833,9.234837844,8.974618038,9.255791635,3,-97.15858,32.80038,28,13
13.35801557,14.31142557,0.06755282,15.44239656,8.090095783,9.234545061,8.959311617,8.793005091,4,-97.26001,32.77207,28,13
13.75918568,14.50565323,2.644801422,15.40323891,7.515889085,9.259130536,8.964439834,9.110961928,3,-97.26022,32.77209,28,13
13.98283945,14.173185,1.37622314,15.2383403,7.989560449,9.163248764,8.966994113,9.235618179,7,-97.2915,32.75652,28,13
12.01309451,14.35855959,0.454603277,13.83158074,6.91968385,9.168997408,8.711937268,9.200290036,6,-98.0247,33.12379,28,8
12.31304636,14.52195839,2.275486975,11.28978191,7.409741954,8.94428932,8.637107288,9.249561085,12,-97.94204,32.96213,28,11
11.86788293,14.72461956,2.343778343,15.18196286,7.419380583,9.257605564,9.011645501,9.2490802,12,-97.25381,32.63154,28,13
12.33642085,13.65674927,1.288872471,14.7986671,7.729295674,9.242710752,8.87961161,9.265869682,6,-97.53875,32.68208,28,13
11.45812075,14.39945652,1.041366979,14.61975179,8.118802997,9.196444267,9.048644633,9.230142999,8,-97.13794,32.44153,28,9
12.28517491,13.68005388,1.765818129,14.74588406,7.876638461,9.260748275,9.103756887,9.166388484,8,-97.14056,33.13906,28,3
13.59574255,14.73378332,1.210333373,14.68348629,7.879291485,9.109635668,8.894258825,9.251482315,7,-97.35521,32.41501,28,9
13.10558948,14.12549214,0.079183785,14.99951491,7.821242084,9.151651376,8.890135108,9.234447447,4,-97.38904,32.92092,28,13
12.01141329,14.29770211,0.699109575,14.39397165,7.512071246,9.028338764,8.760609848,9.261318617,7,-97.86156,32.83001,28,11
12.09550973,13.93949654,0.602199139,14.75778945,7.809947086,9.231416698,9.024733424,9.357984214,6,-97.29659,32.25673,28,9
11.89147148,14.01771644,1.496775498,14.53551289,7.893572074,9.242323418,9.087042156,9.126958763,6,-97.2108,32.25031,28,9
12.37337785,14.12446477,0.465571163,14.63091342,7.588829878,9.057538782,8.865029187,9.231612507,2,-97.56767,32.6733,28,11
12.67161007,14.21830544,0.286746867,15.22736837,7.45007957,9.26860928,9.029537661,9.263881139,5,-97.43812,33.24491,28,14
10.66883911,13.99783211,2.598009039,14.92779693,7.815207062,9.070733418,8.87626526,9.350710825,3,-97.53114,32.98452,28,13
12.98163817,14.04046447,1.866186849,15.02643852,7.702556113,9.350102314,9.047821442,9.161465204,9,-97.23446,33.09541,28,3
12.62548668,13.74955664,1.890725562,14.90730163,8.229511119,9.18338019,8.920121752,9.362202721,5,-97.19517,32.78836,28,13
12.60455006,14.6921303,1.143359767,14.93201384,7.592366129,9.314700387,9.15377002,9.089866219,2,-97.19176,33.24601,28,3
12.42152268,14.60704545,1.756357494,15.2047082,7.895063498,9.16293425,8.842171049,9.366916679,9,-97.71552,32.69127,28,11
12.84771335,14.38445414,1.640834275,15.19544172,7.594381243,9.263881139,9.041448235,9.308374112,6,-97.30068,33.15646,28,3
12.75089672,13.41078518,1.512569493,14.32180152,7.668561108,9.138522084,9.010913347,9.178643285,3,-97.47204,32.57663,28,13
12.44789663,14.14556223,1.547993285,15.07602739,7.207859871,9.362803915,9.052516287,9.055089087,6,-97.31707,33.18574,28,3
12.91924547,13.89472554,1.413970894,15.11511894,7.207859871,9.257223958,9.016755623,9.372884301,9,-97.23791,32.59271,28,13
13.08404865,13.68557953,2.067383662,14.61276907,7.72001794,9.157045075,8.946895524,9.302098797,4,-97.29497,32.58119,28,13
12.69123886,14.13707218,1.255401303,15.13313949,7.630461262,9.220389708,8.869960511,9.167328481,4,-97.46185,32.90706,28,13
13.13063309,14.87385625,1.919903782,12.03292092,7.96276393,9.343559216,8.95312284,9.13884437,7,-97.3416,32.98558,28,13
11.31566893,14.44603738,1.002929988,15.51499573,6.749931194,9.297251744,9.010669177,9.164924508,4,-97.2033,32.78106,28,13
11.28125819,14.40329722,1.373133111,14.49197027,7.720461695,8.988570876,8.958925939,9.223947375,3,-97.94961,32.60173,28,11
13.57228419,13.32276058,1.057961919,14.97133081,7.659171368,9.261793654,9.007734472,9.226508953,6,-97.24815,32.63627,28,13
13.53575168,13.5148297,1.437882412,14.96141856,7.538494999,9.241935934,8.990067696,9.350623917,11,-97.24188,32.64262,28,13
12.90212809,13.59487636,1.28195774,14.9131764,7.691656823,9.112948026,8.869538777,9.076808979,7,-97.45685,32.32949,28,9
13.34627943,12.91039218,-0.713477291,15.15542689,8.040768994,9.260653186,8.990441551,9.310095205,8,-97.27694,32.58915,28,13
13.34103936,14.40191683,0.920591689,15.00673849,7.125283092,9.148464968,8.93485034,9.002701007,9,-97.43785,32.87186,28,13
12.83332572,14.48933831,1.531558916,15.67778348,7.937374696,9.287856814,9.128045129,9.139381283,12,-97.12703,33.1367,28,3
12.09312789,13.71569022,1.960956797,14.51155055,7.177782416,9.282661034,9.077837022,9.185022564,4,-97.15811,32.33483,28,9
11.81649811,13.43134695,1.312404312,14.25180744,6.982862751,9.247636157,8.953898535,9.198065341,9,-97.43614,32.22325,28,9
12.92072444,13.62713069,2.731622992,14.38380741,7.306531399,9.130214327,8.979920412,9.194922119,12,-97.29938,32.68641,28,13
12.86956699,14.3763827,1.374483344,15.13333548,8.278936002,9.178436823,8.935903526,9.274253698,12,-97.3982,32.47686,28,9
12.85753287,14.05610102,0.037610157,14.80633643,7.006695227,9.157993892,8.963800243,9.294865327,12,-97.13257,32.79852,28,13
12.49204451,13.75452837,1.785244672,14.52064757,8.040768994,9.161255164,8.882391706,9.296701538,8,-97.49075,32.74709,28,13
11.82843669,14.56711531,2.216183548,14.07512181,7.35372233,9.02989705,8.690810308,9.274253698,7,-98.0355,32.97949,28,11
13.06006874,14.26817727,1.604038339,14.99035214,7.317212408,9.244741799,9.046173026,9.238441802,11,-97.29875,33.14319,28,3
13.32973683,14.09767745,1.402079747,15.00487356,7.426549072,9.195632743,8.965717789,9.08000387,12,-97.48917,33.07317,28,14
12.17363726,13.55653255,1.396705812,14.52970665,7.299797367,9.215128889,8.948975608,9.170559502,7,-97.53435,33.00388,28,14
12.44342675,14.55866431,0.773757211,15.53816215,7.640123173,9.291920359,9.005773206,9.073947747,4,-97.30643,32.35563,28,9
12.56264858,14.62565647,1.567286581,15.18395302,7.983440063,9.09963225,8.768729817,9.241354426,12,-97.77292,32.60332,28,11
12.6274964,14.07348057,1.113760774,14.75883652,7.972810784,9.172015258,8.958797346,9.237469039,10,-97.43315,32.4546,28,9
11.77793239,14.15126825,1.411679264,14.72892756,7.132497552,9.030016818,8.771680359,9.38185373,3,-97.61434,32.28937,28,9
12.00818253,13.11231304,1.641442526,13.92177686,7.841099765,9.141954459,8.895081532,9.235032985,6,-97.57464,32.4601,28,9
12.18028806,13.33419519,2.063414514,14.13179029,7.443078374,9.202005735,8.903543436,9.29880902,6,-97.57459,32.46016,28,9
12.46943641,14.05373975,0.305680803,14.99179691,8.055792451,9.156834104,8.928640371,9.059401196,4,-97.54774,32.76977,28,13
13.53099414,15.09772137,1.828332198,12.40901349,7.467371067,9.270776741,8.97055918,9.158625936,10,-97.33257,32.46708,28,9
12.78961978,14.81724477,0.775033585,11.85026161,7.738052298,9.252441548,8.921324077,9.371438292,4,-97.41324,32.61379,28,13
12.17035738,13.44500469,1.032672236,14.24742673,7.454719949,9.189933562,8.834191318,9.212338375,6,-97.50615,32.35045,28,9
12.60144701,13.98843645,0.919125335,14.0097508,7.494430215,9.224539091,8.99342737,9.120415664,11,-97.38721,33.09149,28,3
13.10965294,14.27220666,1.352780518,14.93569254,6.964135612,9.259701802,8.977651408,9.364691032,8,-97.2103,32.54344,28,9
12.2719072,14.56576465,2.246204677,14.82038124,7.7419679,9.137769679,8.859363449,9.283869605,8,-97.69576,32.62596,28,11
12.01949605,13.90493893,1.438436808,14.62098592,8.216358332,9.095266164,8.888756748,9.261508659,6,-97.38873,32.59336,28,13
12.87874923,14.17760459,1.760094353,14.84946058,7.548555979,9.118444357,8.832733592,9.192685437,10,-97.52534,32.62634,28,13
13.24027974,14.34688559,1.461587963,15.0772412,7.718685495,9.206231944,8.882252885,9.231710398,11,-97.54549,32.57915,28,13
12.02824896,13.61302466,1.669771433,14.47530466,7.487173694,9.091331585,8.885855993,9.267665439,8,-97.56055,32.63652,28,11
11.71485355,13.48533565,1.17197806,14.45950426,8.218517577,9.104201776,8.87542692,9.171495588,14,-97.53881,32.68208,28,13
11.45618579,13.3056861,0.661082616,14.64005962,7.438971592,9.076580382,8.831419819,9.213335881,8,-97.53289,32.25103,28,9
13.07210954,14.24378293,-1.592745857,15.24318772,8.167351987,9.258463647,8.915029272,9.107421318,11,-97.46016,32.89038,28,13
11.97447471,14.37376027,1.259940917,15.42079345,7.933796875,9.333442569,8.938794081,9.129997619,12,-97.46016,32.89042,28,13
13.26282594,13.30568443,1.815450566,14.59655322,8.183676583,9.093357016,8.913953859,9.225228984,3,-97.26337,32.64254,28,13
13.47598486,13.66160968,1.324657211,14.91972711,8.090708716,9.185637759,8.962647948,9.099185323,4,-97.32523,32.51602,28,9
13.41600416,13.92282387,1.433807746,15.02817627,7.951559331,9.182557991,8.920522687,9.115040192,7,-97.44468,32.86932,28,13
11.66209519,13.83619319,2.370106168,14.68060315,8.153349758,9.097731428,8.905037291,9.085343882,12,-97.50522,32.72031,28,13
10.98473324,13.8499545,2.085910352,14.62061048,7.475339237,9.188810253,8.998507612,9.266720705,7,-97.36281,32.9014,28,13
12.6298818,13.07315843,2.29697836,14.52552371,6.959398512,9.138307169,8.945853857,9.340051978,12,-97.24205,32.64265,28,13
11.55506499,13.14510286,0.558852144,14.52548241,7.592870288,9.123038044,8.940105213,9.205830216,5,-97.40037,32.87385,28,13
11.65291347,13.55461192,0.496429295,14.87809559,7.247080585,9.2950491,9.082507,9.190137665,13,-97.12693,32.42659,28,9
11.36932065,13.92436496,1.628364755,14.74700985,7.682482447,9.044521887,8.681181042,9.097731428,7,-97.91177,32.72889,28,11
13.23840801,13.30568443,0.786097369,14.60020083,7.614312146,9.208338369,9.017483513,9.196140023,6,-97.20298,32.4507,28,9
12.79855936,12.950027,1.059267725,14.30131618,8.030084094,9.114269903,8.96162257,9.145801851,10,-97.31475,32.50257,28,9
13.15772666,13.30568443,0.686661799,14.64503745,7.005789019,9.19907718,8.991811158,9.096387492,5,-97.21792,32.49845,28,9
12.94357637,14.51489723,0.255486784,15.18987858,7.951207156,9.092344814,8.932872622,9.131946305,3,-97.28644,32.64915,28,13
12.56629629,13.56487761,1.154642006,14.84679858,7.720461695,9.193499355,8.830835366,9.30164253,6,-97.55962,32.64865,28,11
11.93211595,13.51614449,-0.032294345,14.9626063,7.091742115,9.05157908,8.822174761,9.044521887,7,-97.47297,32.32234,28,9
12.31416892,14.31628585,1.381042654,15.39098292,7.092573716,9.321881747,9.077266018,9.280239499,8,-97.22832,32.44764,28,9
13.24520382,15.22106819,1.541831214,15.07747733,7.543273347,9.134538659,8.779557456,9.400960732,4,-97.58494,32.40943,28,9
13.48061248,15.39056404,1.789727519,14.9414189,7.210818453,9.140990294,8.806873267,9.331938344,12,-97.5296,32.40284,28,9
12.29550193,15.30467734,0.354673405,15.01409668,7.682482447,9.233275343,8.711937268,9.36391946,4,-97.71771,32.37805,28,7
13.07473284,15.43944292,2.782994874,14.22097567,7.882314919,9.446992273,9.065892468,9.452109387,11,-97.10563,32.47117,28,9
12.66917753,14.92209102,1.922491133,15.19627415,7.284820913,9.197457746,8.77183541,9.15324078,11,-97.64381,32.40771,28,7
12.36358908,14.81238539,1.641878497,15.24908537,7.926602599,9.168371887,8.713088868,9.398892479,7,-97.79991,32.40557,28,7
11.71644573,14.25259125,2.29326221,14.28831277,8.215547412,9.157361447,8.819665349,9.159573255,8,-97.71758,32.65074,28,11
13.25516375,14.03062194,2.586275069,15.05507886,8.02289687,9.28247497,8.873468055,9.203718496,6,-97.59456,32.71435,28,11
12.50037525,13.981025,0.865731086,15.00530817,8.122668023,9.03990786,8.840001066,9.269552232,4,-97.52315,32.59413,28,13
12.18051378,14.65059123,-0.167569964,14.80929552,7.483244416,9.323936879,9.058004711,9.142917696,9,-97.30888,32.33702,28,9
13.45084088,14.96196018,0.250063721,15.15268453,7.6118424,9.282195809,8.831565879,9.284891103,7,-97.53421,32.3705,28,9
12.99667089,15.01124956,1.208611139,14.22097567,8.133293861,9.190035619,8.836083191,9.034199674,6,-97.47133,32.47269,28,9
12.63679931,13.88503662,1.06194375,15.04787896,8.16905315,9.063694792,8.796338933,9.049232212,2,-97.63739,32.69996,28,11
13.0614811,14.24904469,1.30130035,14.15483586,8.332548939,9.238441802,8.799360083,9.1378772,6,-97.69892,32.70917,28,11
13.21844599,14.63725278,1.635948828,15.05664619,7.907651595,9.19573422,8.994668836,9.094368196,6,-97.42259,32.44229,28,9
11.74730169,14.64754974,2.642160784,14.05332201,8.091015042,9.038958755,8.597851094,8.745125259,8,-97.94736,32.43352,28,7
12.80642448,13.29598049,1.645456602,14.14148936,8.196712407,9.139917908,8.913011922,9.052399184,7,-97.41841,32.30725,28,9
13.03495629,14.28840999,2.145936945,15.39993708,8.190908881,9.267948685,8.835937789,9.293945956,4,-97.48917,32.57698,28,13
13.09609743,14.78059145,0.539979382,15.39465214,7.427738841,9.230437074,8.857941985,8.903951072,12,-97.53258,32.76084,28,13
12.77756618,14.94060248,1.332843883,15.73888058,8.050703381,9.391828248,9.074864232,9.185022564,8,-97.21848,33.1628,28,3
13.15218816,14.08820589,1.956204009,14.892233,7.70210434,9.098849996,8.922791624,9.248502833,9,-97.35532,32.9636,28,13
12.62462836,14.20822809,1.89330706,15.09737397,7.73280753,9.239899174,9.067739403,9.226016851,3,-97.25013,33.17152,28,3
10.33410045,14.48845503,1.578856341,14.80389495,7.586803535,8.945984125,8.631235907,9.278933163,12,-97.89952,32.38279,28,7
12.87153255,14.11709554,-1.121828604,14.45424379,7.669028289,9.033245134,8.853665428,9.398644,3,-97.52443,32.77031,28,13
13.07805615,14.1092244,1.875007678,15.04944014,7.735433352,9.195226734,9.048879706,9.247347098,8,-97.20478,32.30876,28,9
11.7051726,17.98898895,0.867507052,17.77034381,8.294799359,8.984066928,8.76013937,8.95635094,9,-97.89986,32.86786,28,11
13.14058829,13.86620367,2.515682738,14.80108814,8.167919363,9.022081223,8.823206221,9.043931534,9,-97.47432,32.77849,28,13
11.87703371,13.3169099,0.038800815,14.56672474,8.372860821,9.126306376,8.944028325,9.008835996,4,-97.33448,32.84689,28,13
13.85018924,15.28730578,0.136624681,15.26753086,7.976938757,9.337061125,8.977146485,9.018695488,3,-97.24404,32.43115,28,9
12.89119773,13.48425967,1.926561429,14.4574697,7.702556113,8.957896735,8.840001066,9.031692061,4,-97.51023,32.77938,28,13
13.57958187,14.74016621,1.853954168,14.7471753,7.846980982,9.095153962,8.81135423,9.134646528,13,-97.53008,32.39526,28,9
13.75679187,13.7354506,1.99701979,14.61579228,8.015987811,9.172949983,8.992433087,9.076237387,6,-97.22616,32.54956,28,9
12.6361263,13.76451196,1.964296107,15.13633957,8.046229101,9.139381283,8.819813136,9.109414453,7,-97.55727,32.25922,28,9
13.44684834,13.76835606,2.006917179,14.69550404,6.959398512,9.217713126,8.817890201,9.355565624,8,-97.55723,32.25924,28,9
12.66691885,14.12152138,0.295578204,14.97752572,7.869401713,9.168476168,8.979164649,9.031094082,12,-97.35705,33.04996,28,3
13.16781464,14.35093903,1.932480689,14.9713327,6.416732283,9.254739959,9.092682329,9.141526056,11,-97.1994,32.35032,28,9
11.72733499,14.02130447,0.402616339,14.60692355,7.492760301,9.068776808,8.864605368,9.260843354,6,-97.68194,32.59944,28,11
12.48449952,13.70582068,0.923950946,14.9543834,7.487733761,9.267571005,9.066008001,8.756525003,13,-97.15649,32.26855,28,9
13.17991694,14.28663855,2.168294079,15.22557467,7.847762537,9.212038929,9.019179867,9.384293679,12,-97.33314,32.99073,28,13
12.16914929,14.12556548,2.47235025,14.71915851,8.154212695,8.995288991,8.800867242,9.104979856,9,-97.78723,32.68581,28,11
12.56826136,14.9625955,2.531722744,14.70083639,6.931471806,9.208338369,8.827174771,9.247250726,7,-97.55912,32.3391,28,9
12.98164278,13.64051172,0.717196587,13.69275292,7.67971364,8.99342737,8.79996322,9.223256597,3,-97.68255,32.79066,28,11
13.06341984,14.31506207,2.255768038,15.30252318,7.54538975,9.304559047,8.982812222,9.080914825,8,-97.50523,32.74075,28,13
13.24515783,13.07527177,0.428839353,13.91270986,5.272999559,9.284705454,9.008224188,9.31352853,7,-97.27415,33.06707,28,3
12.4634321,13.95102174,1.794327773,13.76651147,7.692569648,9.265017933,9.014325488,9.277251077,12,-97.38148,33.07975,28,3
12.63619459,15.35224874,1.528994499,15.10103109,8.088561805,9.223256597,8.836519269,9.071308163,9,-97.57601,32.53968,28,9
12.9605783,14.56314592,2.625244648,10.30895266,7.227662499,9.285447844,9.02352875,9.237955539,12,-97.12787,32.5368,28,9
11.33727362,13.63921481,2.922423181,14.38295165,7.201170883,9.128370809,8.91449171,9.301094735,9,-97.5322,32.70433,28,13
12.89879474,15.23315823,1.011595331,15.03712955,7.377758908,9.279866435,8.871365005,9.189116736,4,-97.52824,32.41256,28,9
12.7613476,12.92440012,0.661496456,13.73058428,7.309212366,9.140347,9.046173026,9.30063801,12,-97.45346,32.39803,28,9
11.16687955,13.97234335,1.853088692,14.50850973,7.33432935,8.933268479,8.671629545,9.36091323,8,-97.95633,33.03544,28,8
12.84333443,14.35419451,2.53517899,14.85826335,7.44775128,9.11316846,8.845057054,9.23610558,8,-97.47547,32.6784,28,13
11.95089003,13.88522317,1.902990253,14.49939497,7.487173694,8.939580967,8.695339377,9.026417534,4,-97.90931,32.91484,28,11
11.42171985,13.86793222,3.265796555,14.58325209,7.82084088,8.894121641,8.662331957,9.136586183,6,-97.90431,32.72448,28,11
12.98881827,14.01476134,-0.106753101,15.1910043,7.590852124,9.299266581,9.11018849,8.964439834,13,-97.2742,33.21114,28,3
11.67155183,14.34208649,1.284864455,15.33561615,7.471363088,9.261033486,9.08545719,9.404261065,10,-97.31679,33.32024,28,3
12.98703609,14.77255928,1.424515598,14.77873373,7.229838778,9.140561477,8.816556769,8.975883061,9,-97.54531,32.20878,28,9
12.96173208,14.45841652,2.165737444,15.32121197,7.907283609,9.245128197,8.969541885,9.301825062,2,-97.34976,33.05897,28,3
12.194769,14.96473674,1.12164099,14.99201864,8.099250562,9.107310472,8.799360083,9.253974409,8,-97.53356,32.35591,28,9
12.72737519,14.11993912,2.237021057,14.98855477,8.086410275,9.319194777,9.166492972,9.031811613,9,-97.32548,33.18041,28,3
12.82660612,14.3040599,2.484983791,15.20154138,6.80461452,9.261983605,9.02352875,9.046644279,12,-97.32327,33.15957,28,3
12.34579546,14.08968937,0.455555986,15.09969079,8.104703468,9.281171553,9.035986985,9.269552232,14,-97.55,33.17005,28,14
12.90839758,14.22357429,2.699441226,15.08647487,7.457032089,9.218308542,8.95493186,9.147400572,6,-97.35681,32.97105,28,13
11.95666853,14.20645069,0.965863736,14.70803797,7.560080465,9.13905917,8.85509298,9.253399861,8,-97.67415,32.65956,28,11
12.14920595,14.10519063,2.019300442,14.086708,7.902857191,9.055089087,8.987196821,9.117896082,7,-97.20952,32.5078,28,9
12.01184449,13.60609361,2.15047763,14.44445836,7.775275846,9.05438807,8.840290669,9.270023374,10,-97.54227,32.72691,28,13
12.68162025,13.66037606,2.081296858,14.45716337,7.268920128,9.059168584,8.846209127,9.288689338,12,-97.58653,32.73334,28,11
11.71734277,13.11909805,1.300014714,14.06187207,7.686621335,9.037176753,8.881002624,9.225721474,6,-97.56851,32.73567,28,11
13.84975545,14.25549303,1.240357214,15.20786502,7.003974137,9.269646478,8.930758736,9.150059441,10,-97.47274,32.98797,28,13
13.55399903,13.73850208,1.530705725,14.89500526,7.716015267,9.230829038,9.01079127,9.061956366,7,-97.2366,32.55712,28,13
13.13634715,13.84071036,0.717732395,14.91255963,7.44775128,9.167224081,8.941937914,9.148464968,2,-97.26794,32.59378,28,13
13.35547469,13.4176713,2.347167475,14.71580117,7.401841579,9.135724579,8.942722331,9.062999784,8,-97.27987,32.56732,28,13
12.93333377,13.94230179,0.210074952,14.72230111,7.467371067,9.124237673,8.864039997,9.066700922,8,-97.58992,32.72285,28,11
10.14831431,13.00155076,-0.741128444,14.19138618,7.550661243,8.976135873,8.744328764,9.045465729,7,-97.65742,32.1581,28,1
14.10567629,14.63514765,1.533440612,15.41538892,8.263074836,9.304468035,8.954286157,9.275659838,9,-97.48404,32.92387,28,13
13.04595306,13.59628432,1.070351127,14.88572954,7.619233416,9.223750059,8.959697147,9.238539026,9,-97.2738,32.59047,28,13
13.70689363,14.28228398,0.253616728,15.12219337,7.944137491,9.210140352,8.907612341,9.177403872,9,-97.49016,32.93935,28,13
12.37158708,13.6499883,2.665972079,14.46590263,7.984462732,9.095939112,8.87416809,9.144734615,4,-97.57563,32.73678,28,11
11.6163481,13.25093248,1.647386012,14.07121733,8.193123722,8.996156562,8.844480518,9.125435865,8,-97.57601,32.73685,28,11
12.40234642,13.31179295,1.665752597,14.21532372,7.40367029,9.073145133,8.93616665,8.987196821,9,-97.31474,32.61951,28,13
13.03737613,14.23323159,2.210973957,15.0084853,7.99193052,9.181632208,8.905037291,9.315600883,10,-97.45202,32.86178,28,13
13.16092426,13.71529014,2.03893073,14.61384714,7.817625443,9.140990294,8.935377072,9.230535079,2,-97.2949,32.58088,28,13
12.43052334,13.82593602,1.400140177,14.59922304,7.879669915,9.081938657,8.882530508,9.235032985,4,-97.46357,32.90209,28,13
12.41045327,13.93265161,1.251683512,14.68023175,7.685703061,9.000976444,8.789203094,9.103868127,11,-97.54006,32.91755,28,13
13.23668264,13.73488493,0.420847682,14.65020938,7.641564441,9.150059441,8.986696696,9.00540504,12,-97.23657,32.55706,28,13
12.31347757,14.97772343,2.128061037,15.10956462,7.485491608,9.054037378,8.815073089,9.053686562,7,-97.68401,32.56112,28,11
12.45779588,12.10071213,2.53438954,13.93008846,7.33432935,9.025816392,8.823353485,8.909235279,5,-97.55227,32.61618,28,11
12.75297655,14.62644077,1.27151819,14.97323291,7.60190196,9.237955539,9.030016818,9.101083386,6,-97.20013,32.33147,28,9
10.344545,13.71181532,-0.332650626,13.79301952,8.172446818,9.035986985,8.885994315,9.015541294,8,-97.51916,32.17216,28,9
11.23511451,11.17455342,-0.05159802,13.88594479,8.166784289,9.102755161,8.881141619,9.066354521,10,-97.43197,32.0703,28,6
12.14597226,15.00311005,1.551577722,14.78967012,7.455876687,9.03025631,8.787220329,9.220290703,8,-97.63896,32.32989,28,7
12.27459074,14.48128654,1.414298041,14.75055945,7.438971592,9.068892008,8.826147399,9.030495745,6,-97.70095,32.66183,28,11
13.74734199,13.46765376,2.735737358,14.76543721,8.29654652,9.261128539,8.987071813,9.174298601,12,-97.34772,32.93889,28,13
13.32331203,13.27603509,1.116279101,14.48231479,7.687538766,9.171079658,8.999989642,9.045465729,13,-97.34773,32.93883,28,13
11.05084239,13.68997001,1.903639987,14.42809064,8.018296139,9.050054242,8.689632748,9.128045129,12,-97.81775,32.27612,28,12
12.66826774,13.76027265,0.740836571,14.63784747,7.156956365,9.198267791,8.981932991,9.038958755,3,-97.2259,32.62155,28,13
11.53928498,13.93082834,1.507945171,14.75174744,7.330405212,9.156834104,8.863191341,9.075093223,2,-97.49552,32.70653,28,13
12.27969479,14.37026139,1.354383565,15.40783812,8.036896773,9.405742668,8.947936107,9.057189192,4,-97.4756,32.87598,28,13
12.16171315,14.11762794,1.95390136,14.95575411,7.83873756,9.222367752,8.882669291,9.268326221,14,-97.48298,32.71618,28,13
12.77648423,13.62614988,2.640961259,14.81831874,8.160518247,9.227590725,8.980801414,9.178643285,13,-97.29378,33.02463,28,3
13.04057832,14.21770633,1.965873609,15.00313322,7.614312146,9.347926035,9.082393358,9.058935918,4,-97.13549,32.35663,28,9
12.95063036,14.25603453,0.911712278,15.12130611,7.783640596,9.28405541,9.005159521,9.203617826,6,-97.21361,32.63128,28,13
11.85910755,13.67053103,1.484481464,14.13670671,7.821643126,9.037533408,8.694669697,9.164296433,2,-97.91634,32.79458,28,11
12.78713117,13.42890646,0.465052584,14.36529417,7.75319427,9.043577154,8.829811749,9.411565459,9,-97.49322,32.32098,28,9
12.91116322,13.31895102,1.301915153,14.61348791,7.83991936,9.153875835,9.00393102,9.228965836,7,-97.21774,32.4986,28,9
12.2410681,13.33093731,1.842097153,14.61314748,8.037543185,9.185637759,9.040974526,9.235130541,6,-97.13339,32.47423,28,9
10.78826698,13.69320732,1.217925637,14.40722948,7.38832786,8.97525075,8.609772373,9.40162167,2,-97.97245,32.41097,28,7
11.73358594,14.84137293,0.328013393,14.57809331,7.832807517,9.167432871,8.767173397,9.173157581,13,-97.56411,32.1781,28,9
11.21377791,14.34142182,-1.898862121,14.24593751,7.321188557,9.111624399,8.832003931,9.12782795,6,-97.56398,32.17797,28,9
12.07182671,14.83770966,0.834478816,14.63246261,7.854769183,9.149528233,8.767173397,9.036819971,5,-97.56405,32.17803,28,9
12.14817867,15.35211968,2.087555097,15.0879938,7.56112159,9.096835671,8.813587204,9.059052258,5,-97.63314,32.48428,28,7
12.53437949,15.07907215,0.191495478,14.85839658,7.788211558,9.060679597,8.715880102,9.08000387,9,-97.61881,32.22893,28,12
12.20378002,14.94675137,1.889957981,11.80931948,7.977625099,8.960852845,8.592300664,9.175541866,7,-97.85514,32.51763,28,7
13.1176523,14.87538202,1.977502017,10.46310334,7.707512195,9.287301413,8.971067439,9.157150543,6,-97.18739,32.36476,28,9
12.2304335,13.3329484,1.93953266,14.56307679,7.892078421,9.16062478,9.001099726,9.165343006,9,-97.18615,32.34787,28,9
11.69961248,13.68994733,-1.157447763,14.44037462,7.870929597,9.073603848,8.811205188,9.105090961,4,-97.86215,32.29897,28,7
11.48774098,13.86999874,0.215510373,14.44152064,7.800572655,9.09403125,8.658171785,9.087494542,13,-97.89302,32.51979,28,7
12.52110234,13.92677461,-0.401155491,14.72041673,7.395721609,9.136586183,8.835937789,9.106977859,8,-97.60458,32.57239,28,11
11.14752687,13.09499218,0.846635005,14.45928365,7.182352112,9.112727543,8.988196321,8.968778235,3,-97.46326,33.03137,28,14
11.77425073,13.68739306,1.452939646,14.4237565,7.180831199,8.890410552,8.527143522,9.296426321,7,-97.90742,32.25563,28,7
11.69783534,13.42448076,2.146434618,14.05766113,7.791522819,9.071767722,8.896588072,9.207837242,13,-97.44745,32.2566,28,9
12.70036332,14.19565786,0.611314694,14.93040359,7.549082711,9.29587566,8.972590668,9.083075021,9,-97.41954,32.98442,28,13
12.95604193,14.15869663,1.469035603,14.98683785,7.636269603,9.190749722,8.818186278,9.105646301,2,-97.56048,32.63653,28,11
12.17907651,13.92939266,2.212366502,14.75235657,7.157735484,9.209940292,8.973858256,9.144627829,4,-97.55035,32.63988,28,11
12.13114973,13.22279316,1.552705384,14.19650673,7.582738489,9.087381465,8.961494323,9.131297165,6,-97.25006,32.6428,28,13
13.26807282,14.04061618,0.859691413,14.90324793,7.642044403,9.121618442,8.879193928,8.900549014,6,-97.47729,32.93109,28,13
13.31261507,13.99412525,1.143778669,15.03389324,7.676009932,9.080687164,8.84101431,9.080231687,8,-97.46032,32.87191,28,13
14.14220443,13.22672339,1.700947724,14.20737966,7.812782819,9.025816392,8.900957873,9.303010707,2,-97.39294,32.84603,28,13
12.80017543,13.64418354,-0.08943918,14.36123835,7.098375639,9.239802082,8.908018323,9.198874894,9,-97.44628,32.6178,28,13
13.66418638,13.82399447,1.893130047,15.06933696,7.663877259,9.242613933,8.95001403,9.217415286,8,-97.32519,32.51602,28,9
14.07407222,14.3005752,1.508438761,15.0593014,7.534762657,9.238927829,8.989693701,9.096499556,12,-97.21519,32.54403,28,9
12.70363672,14.03050983,1.93261951,14.89784101,8.255828427,9.196342862,8.988820502,9.128913373,2,-97.26365,32.62295,28,13
12.64611308,13.13847292,2.651396507,14.19980106,7.729735331,9.122710622,8.984066928,9.08873755,4,-97.27638,32.58055,28,13
13.26745371,14.29658456,-0.360833025,15.16986214,7.70616297,9.222071295,8.926650321,9.185227671,4,-97.52326,32.99157,28,13
13.50682682,14.20416855,0.584993275,15.23649616,6.937314081,9.18737876,8.880168248,9.251002354,7,-97.46024,32.87191,28,13
13.44563892,13.59336651,1.827227055,14.88788769,7.683403681,9.218606116,8.995536945,9.251482315,8,-97.22768,32.4924,28,9
13.55145907,12.50920598,0.658523245,14.23977387,6.898714534,9.169830829,8.996032669,9.245707516,8,-97.22889,32.53765,28,9
12.07930121,13.82551831,0.734240297,14.54832643,7.279318835,9.174609562,8.873888135,9.130430989,8,-97.44478,32.62091,28,13
12.18116501,13.92432909,1.125728835,14.43056862,7.98752448,9.110961928,8.826587831,9.230731062,7,-97.60455,32.57245,28,11
12.1768086,13.63502052,-1.207989253,14.69825278,7.97074039,9.174402265,9.012742728,9.132595023,7,-97.22595,32.62142,28,13
13.40992294,14.02217507,1.725832204,14.89474837,7.771067086,9.242517104,9.028698584,9.119320974,6,-97.22592,32.49349,28,9
12.83879815,11.65615963,0.53958919,14.39578575,7.684324068,9.280239499,8.906528918,9.235032985,9,-97.44934,32.42596,28,9
13.2451826,13.09516688,-0.501427775,14.8629748,7.591861715,9.13583232,8.87276753,9.068085324,4,-97.46147,32.5714,28,13
12.45480987,14.97796894,2.80407674,15.22554977,7.788211558,9.28405541,9.036938913,9.146335042,6,-97.10609,32.47103,28,9
13.2630032,13.58003123,2.330408994,14.29064102,7.923710334,9.061376219,8.842171049,9.196545661,6,-97.54269,32.60362,28,13
12.58943528,13.79755023,0.993255782,14.63249972,8.037220031,9.042868018,8.834628222,9.487214246,8,-97.60704,32.59765,28,11
12.25754967,12.73080117,1.566085803,13.65768647,7.765144903,9.217812387,9.043695295,9.214332393,9,-97.21215,32.18692,28,6
12.72328185,13.98636664,1.477874437,14.98715024,7.414572881,9.227295813,9.024010794,9.217812387,3,-97.16568,32.49746,28,9
12.60917496,13.56229432,0.633007592,14.97239175,8.100161447,9.266720705,8.98431768,9.295140974,8,-97.1771,32.34878,28,9
13.02355468,13.77884657,-0.645103933,15.11078552,8.070906089,9.328567753,9.018937706,9.408617296,11,-97.187,32.35672,28,9
12.9526421,14.0586724,0.938953587,15.0253368,7.58171964,9.248695326,9.043104453,9.21880445,10,-97.16084,32.49737,28,9
11.78895744,14.65492025,0.368485105,14.52841036,7.791109511,9.09403125,8.779557456,9.129347213,4,-97.59589,32.23766,28,9
12.9567715,14.93215921,1.868541736,14.68545406,8.007034012,9.143559338,8.93485034,9.335738781,12,-97.23922,32.68444,28,13
13.69216935,14.46250908,2.488765499,15.32284132,7.671360923,9.312445595,9.020268862,9.254070135,6,-97.20073,32.50123,28,9
13.05549468,13.1921879,1.600957945,14.17662663,7.439559309,9.091444217,8.992557427,9.136909094,11,-97.23914,32.53604,28,9
12.3451561,14.11982848,1.062113918,14.5102305,7.910223707,9.040856064,8.866017399,9.068546366,12,-97.41305,32.78482,28,13
12.59381157,14.14843365,-0.408968271,14.94828656,7.916807491,9.22818029,8.906528918,9.17543832,7,-97.47151,32.68997,28,13
9.932609366,13.1577421,1.977202471,14.38926591,7.952615112,9.168267596,8.951828677,9.15546171,10,-97.38314,32.21621,28,9
12.83936897,14.14750851,0.81969782,14.97381339,7.443078374,9.181838012,8.830689199,9.040974526,7,-97.55583,32.62662,28,11
13.1396039,14.19457556,1.082354884,14.82932066,7.630946581,9.08545719,8.848796451,9.318925682,8,-97.5334,32.92186,28,13
13.51668799,14.57748393,1.587997589,14.98157774,7.971776123,9.243484971,8.98431768,9.099967314,11,-97.28436,32.57821,28,13
12.7137453,13.98554021,1.087482478,14.84802578,7.757478767,9.337501518,9.088398701,9.050640993,11,-97.13073,32.35994,28,9
12.40162298,13.4461845,1.744425048,14.39683304,8.213652703,9.047703788,8.851806559,9.235423152,13,-97.46075,32.32605,28,9
12.11445066,13.9530143,1.890651891,14.90105179,7.543273347,9.036463062,8.755737539,9.175645402,8,-97.56885,32.21383,28,9
13.29370319,14.19422093,1.27973708,14.8080821,7.729735331,9.216123617,8.985445288,9.354007722,9,-97.22196,32.57214,28,13
12.97690283,13.80599543,1.096235825,14.58394794,7.534228326,9.158731238,8.914626128,9.103311799,14,-97.41735,32.31961,28,9
13.01750496,13.94662654,1.650371973,14.72781415,7.282073658,9.106866963,8.815221556,9.006631733,9,-97.52225,32.79865,28,13
12.32852919,10.73787384,0.162792046,15.11093064,7.964850887,9.154933365,8.720623711,9.069467813,4,-97.70007,32.31425,28,12
12.42055883,12.9360338,0.983350723,14.27646335,7.528331767,9.201097791,9.017604777,9.338029733,12,-97.25856,32.34571,28,9
12.49461435,15.168093,0.048565755,14.80516699,7.766416898,9.016998312,8.693664335,9.253304071,5,-97.74787,32.43457,28,7
11.89450763,14.74072139,1.52558101,14.55784782,7.825644732,9.16753725,8.936955604,9.2043223,12,-97.39258,32.16888,28,6
13.20244362,14.92684162,1.662633603,14.45707493,7.806289289,9.116798628,8.970177815,9.163353581,11,-97.19068,32.7304,28,13
13.29933398,14.19873006,1.487882275,13.14997854,7.559038255,9.208839246,8.938794081,9.210340372,5,-97.30312,32.63783,28,13
13.28733021,14.71567191,2.323888842,14.76306737,6.8134446,9.318297513,9.059517482,9.026778046,4,-97.09944,32.49487,28,9
12.34263818,14.69241535,1.285466168,14.81623655,7.636269603,9.188094763,9.000606508,9.181426362,12,-97.30136,32.25705,28,9
11.99174016,13.63936986,0.990101723,14.53159662,7.751045118,9.262837941,9.120415664,8.985570499,7,-97.12717,33.11109,28,3
13.55420943,14.01140623,1.169267815,14.88728388,7.960323629,9.203819155,8.977020214,8.979668554,6,-97.21374,32.56685,28,13
13.31183432,14.84111765,1.112850974,15.35671031,8.222016437,9.311542252,8.998878325,9.130755893,10,-97.2655,32.58618,28,13
12.93148855,13.99449321,-0.80345871,15.24241169,7.455298486,9.274066063,8.863615759,9.103868127,13,-97.53657,33.01256,28,14
12.98779144,13.91281874,1.975968791,14.95748497,7.964503364,9.257987025,8.895629627,9.211939093,7,-97.52488,33.00914,28,14
13.62126904,13.00719268,1.412312676,14.56928236,7.823645931,9.31289696,9.15345251,9.172015258,5,-97.09187,32.51411,28,9
13.00542948,14.52747949,1.161157174,14.77255928,7.814399634,9.276128113,9.058004711,9.270117576,12,-97.18705,32.35665,28,9
11.52528872,14.0192674,1.68279542,14.12593212,7.876638461,9.149528233,8.864746661,9.125218119,8,-97.67292,32.51781,28,7
12.10442744,14.57865011,1.095547603,14.64885437,7.878155337,9.193194213,8.798907492,9.167954655,8,-97.67305,32.51781,28,7
11.62378682,14.23619263,1.793871751,14.29075045,7.751045118,9.085343882,8.808369153,9.327767789,7,-97.67434,32.50187,28,7
13.03894916,14.63238441,1.707083521,14.80823775,7.80832305,9.206733876,8.963544292,9.140239744,8,-97.4036,32.43788,28,9
13.43332145,14.61502025,1.790771394,14.78067145,7.985143931,9.135616826,8.951828677,9.320091236,3,-97.4036,32.4378,28,9
12.39103654,13.82074682,0.556836694,15.03141865,7.835579247,9.16293425,8.909235279,9.295600216,5,-97.67775,33.29222,28,14
12.50582162,14.25786674,1.52679121,14.32263655,7.964503364,9.116029693,8.994668836,9.17781718,2,-97.30846,32.35033,28,9
12.64798861,14.01436142,2.16958602,15.02886304,7.559038255,9.224341892,9.075207698,9.219002745,7,-97.11715,33.04167,28,3
13.32293243,14.27071776,0.919092684,15.24188728,7.496652438,9.177197153,8.949754525,9.092007185,13,-97.4379,32.87187,28,13
13.31831824,14.05939747,1.436888024,14.87111931,8.29953457,9.108086138,8.861917004,9.211839248,6,-97.46987,32.91918,28,13
14.07539174,14.57181139,1.277552753,15.45796691,7.570443252,9.398395461,9.018574356,9.231318778,7,-97.22399,32.62751,28,13
12.49297566,13.70265536,1.061081076,14.43686094,6.91274282,9.155144737,8.965206803,9.143666239,8,-97.34563,32.96849,28,13
12.22601252,13.5305182,1.126836077,14.4443016,7.804251384,9.040263542,8.8469285,9.05157908,11,-97.59001,32.72285,28,11
12.10623574,14.34684444,1.495788557,15.11324962,7.918264686,9.138522084,8.911395107,9.159047078,8,-97.39561,32.58968,28,13
12.65479837,13.79645006,1.146457451,14.9518251,7.918264686,9.181632208,8.929302842,9.180190395,12,-97.69453,33.24387,28,14
13.00841722,14.32465978,1.72353937,15.16733303,7.572502985,9.325096609,9.169518377,9.154616223,5,-97.35948,33.36647,28,3
12.72338618,14.30409057,2.209649285,14.34613881,7.62754439,9.106534203,8.876544551,9.36048303,9,-97.49302,32.78874,28,13
12.20371487,13.34267252,2.489902835,14.9057546,7.332369206,9.166388484,8.830104318,9.310638093,4,-97.47411,32.1803,28,9
12.18195924,13.33945827,1.423346146,14.9057546,6.403574198,9.218110109,8.838841813,9.132703102,7,-97.4742,32.18032,28,9
13.42332834,14.62421608,0.817840776,14.63573082,7.71154898,9.123038044,8.822764297,9.344958674,6,-97.5339,32.95396,28,13
13.27073166,14.42200993,1.746150295,11.17043516,7.763871288,9.132378831,8.801920904,9.383284767,7,-97.5339,32.95388,28,13
12.52889138,14.33739481,0.848746992,14.65611607,7.833600224,9.101752432,8.852521917,9.260082464,12,-97.553,32.61618,28,11
12.40646739,14.29496935,-0.107859959,14.78574615,8.120291314,9.145801851,8.852235835,9.116029693,12,-97.75914,32.72127,28,11
13.06671324,14.41268634,1.590080066,14.65915576,7.153833802,9.296518068,9.075665469,9.177300518,9,-97.11828,33.0522,28,3
12.89130609,14.41725108,1.332459762,14.83577637,8.019283793,9.29880902,9.105535258,9.224243277,3,-97.53785,33.1923,28,14
12.23670369,13.20375902,1.693863886,14.46130404,7.428927195,9.061144066,8.731013415,9.134322886,13,-97.83962,32.77212,28,11
13.40470672,14.06725012,1.55050164,14.47502236,7.878155337,9.096051226,8.939449862,9.141526056,12,-97.29548,32.58057,28,13
13.77177599,14.13270532,0.33006904,14.98669464,7.929486523,9.267193184,9.005159521,9.109414453,2,-97.52334,32.99158,28,13
13.6411786,14.72796715,-0.110338462,15.12472569,7.864419905,9.293025739,8.98431768,9.152711259,9,-97.18815,32.55454,28,13
12.30708924,14.37455475,0.946500286,14.74040259,7.146772179,9.047468439,8.831711918,9.307467083,7,-97.52989,32.96314,28,13
13.82918069,14.91859616,2.972949206,15.34910922,6.909753282,9.058470423,8.998754769,9.308917935,8,-97.22404,32.62747,28,13
13.30002074,14.18431168,1.525744872,14.88447568,7.314552832,9.191972715,8.98844604,9.068315872,7,-97.12777,32.80336,28,13
13.7096766,14.47922893,1.56177642,15.25328147,7.79893331,9.207937487,8.873608102,9.103200496,8,-97.52988,32.96309,28,13
13.01445517,13.92436496,-0.078215632,14.75074237,7.697575347,9.124455633,8.853951102,9.273972232,12,-97.54546,32.6362,28,13
12.43489604,13.92436496,0.64784352,15.31169959,8.027476531,9.238636241,8.842315547,9.308827319,8,-97.57296,32.74575,28,11
12.28674439,13.95440256,2.391458077,14.89184656,7.364547014,9.166597449,8.947415951,9.055789612,6,-97.44634,32.95849,28,13
12.79368707,13.6611932,2.099366949,14.06101816,7.74586823,9.087268374,8.951569643,9.386811515,8,-97.31719,32.49086,28,9
12.35793499,13.69252903,1.799104516,14.47565199,7.696667082,9.092569836,8.875566692,9.199178307,12,-97.46517,32.32449,28,9
12.38698905,13.95091519,2.184747474,14.90800618,7.702556113,9.180087329,8.814627555,9.215825302,6,-97.48128,32.32208,28,9
13.02036166,13.5843361,1.476067189,14.02017563,7.463936604,9.114490046,9.016027202,9.133027269,7,-97.31074,32.58461,28,13
13.11491974,14.21830544,0.918060338,14.95193295,7.400009517,9.103534368,8.856091055,9.247636157,10,-97.47592,32.90891,28,13
13.54259886,14.57748393,2.011981108,14.98257184,7.421775794,9.257128533,9.017240942,9.100860271,8,-97.274,32.59055,28,13
10.92728649,13.92883924,2.143722831,14.33839597,8.144969417,9.143131622,8.86220033,9.039552051,5,-97.64006,32.64677,28,11
12.28011276,15.44610312,2.171538615,15.22524651,7.764296006,9.169518377,8.771990437,9.11107237,9,-97.63981,32.48351,28,7
13.08969141,14.23789899,1.517270857,15.01073763,8.093767758,9.256269304,8.885302513,9.308374112,8,-97.43899,32.32671,28,9
13.33892371,14.63308532,2.919240212,15.47184083,7.550135342,9.24416192,8.931287626,9.286189684,2,-97.43859,32.93606,28,13
10.45602118,13.35268113,0.40449572,13.51604736,7.99530662,8.846496939,8.606119401,9.132378831,6,-97.96222,32.39293,28,7
12.49231493,13.29799595,1.157246675,14.62650744,8.408047744,9.266531652,9.045111893,9.140668699,4,-97.27357,32.43164,28,9
13.49710258,14.82492727,1.532370827,15.11369803,7.866338923,9.191361405,8.929700114,9.193702731,6,-97.28191,32.5245,28,9
13.8926327,14.39505334,1.657209223,14.80387038,8.051978079,9.205629292,8.912473274,9.180293451,2,-97.51614,32.60155,28,13
13.59197693,15.24044854,1.870814395,15.10833015,7.736743682,9.404261065,8.992184362,9.268703615,11,-97.26197,32.49276,28,9
12.87119837,14.30409057,2.119571333,14.34613881,8.161945799,9.087042156,8.914222821,9.251290358,8,-97.31049,32.63381,28,13
12.9992484,13.09950408,0.610480991,14.32112261,8.088868789,9.07932011,8.907476978,8.853093836,4,-97.31059,32.63381,28,13
12.27379671,14.28707547,1.799550035,15.10203707,7.742835955,9.226410552,9.00944743,9.274253698,9,-97.51595,32.88351,28,13
12.33731141,13.76421726,1.409621365,14.56474124,8.075271546,9.263975921,9.056373009,9.199582715,6,-97.13232,33.1191,28,3
11.72261897,13.63668289,1.22932313,14.46203772,7.805474625,9.056489647,8.867286524,9.213734605,6,-97.62274,32.82827,28,11
13.21320723,14.35434038,-0.424686622,14.75810042,8.089482474,9.209039526,9.007856923,9.412137705,6,-97.23443,32.49833,28,9
12.37023872,13.82011992,1.803875495,14.54901242,8.24117615,9.192074563,8.868835493,9.0932446,7,-97.44519,32.62072,28,13
13.13134492,14.91395617,2.147084045,15.32078324,8.107720062,9.363233118,8.976514972,9.089640587,11,-97.25059,32.54764,28,9
13.44702616,14.56569051,1.137808493,15.3603101,8.251924714,9.248214024,8.929302842,9.25157828,12,-97.51636,32.96402,28,13
12.76107208,14.13810117,0.004909252,14.83000618,8.517193191,9.275659838,8.888342869,9.064620718,8,-97.4828,32.71629,28,13
11.02943935,13.56126326,0.587812063,10.56475699,8.145259567,8.998754769,8.757626411,9.255791635,4,-97.61078,32.32069,28,9
12.26703603,13.44008957,1.885873715,14.39558758,7.571988449,9.068892008,8.862766742,9.007612005,12,-97.45644,32.32962,28,9
11.4981062,14.18015367,1.05306407,14.42592592,7.918628653,9.186559843,8.948975608,9.155884186,6,-97.81811,32.60035,28,11
12.45277646,14.76608677,1.026832755,15.10787878,7.347943823,9.247154345,9.096051226,9.019179867,6,-97.13919,33.08322,28,3
11.94693916,14.75933863,0.758242125,14.48093396,6.811244379,9.05134464,8.792853289,9.107753783,13,-97.62632,32.46949,28,7
11.31123759,15.31555762,1.466504148,15.08267335,7.963112059,9.120525068,8.762958921,9.206834233,12,-97.63315,32.47793,28,7
12.01058074,15.4574931,2.196664439,15.21431484,8.208491752,9.159047078,8.725994381,8.930758736,14,-97.67705,32.33409,28,7
12.28450945,15.39917928,0.916868733,15.27279679,7.445417557,9.128153701,8.725020039,9.076466063,9,-97.70636,32.43938,28,7
12.14778654,15.57207454,1.376434506,15.380131,7.509335266,9.163353581,8.697679732,9.181632208,6,-97.66284,32.33033,28,7
12.78008431,13.8641369,1.484579323,14.0633155,8.228977643,9.230142999,9.159047078,9.198166571,6,-97.40029,32.41141,28,9
13.80795206,14.72391427,1.561737019,14.68021406,7.923710334,9.150802659,8.987196821,9.060098709,7,-97.60215,33.16007,28,14
12.79262522,14.06290799,1.267033315,15.18577919,6.932447892,9.236008119,8.900957873,9.117566972,4,-97.47516,32.68847,28,13
13.36058941,14.32803474,0.294410653,15.19032477,7.549609165,9.251866119,8.881836305,9.138092208,11,-97.45724,32.9449,28,13
12.57474928,14.12078694,0.75504838,14.99603826,7.89319887,9.245128197,9.000853147,9.243194709,6,-97.33546,33.13233,28,3
12.87358402,14.4306962,2.32582073,15.21957902,7.451822237,9.280332744,9.004053938,9.139166553,7,-97.33314,33.12794,28,3
12.85289051,14.15376692,1.829487869,15.04190902,8.125039097,9.211339872,8.941937914,9.152499372,8,-97.49458,33.11221,28,14
13.03263121,14.54033808,1.85974734,15.35399969,8.058643712,9.342595951,9.015541294,9.111403624,8,-97.33545,33.13244,28,3
12.35898256,13.67624849,-1.052520875,14.52200724,7.814399634,9.012742728,8.794067065,9.248599084,12,-97.52036,32.33791,28,9
13.33814711,14.49531917,1.150629675,15.28589466,8.061486867,9.308374112,9.017483513,9.25292082,7,-97.31068,33.14038,28,3
13.70117545,15.35512668,-0.140697787,15.87607887,7.640123173,9.329810872,9.023408203,9.287301413,7,-97.31422,33.02287,28,3
13.50762986,14.7600015,1.073084679,15.18526692,7.570443252,9.240869577,8.952087644,9.220290703,13,-97.25019,32.64284,28,13
12.22560563,13.44008957,2.405084446,13.93636088,8.353025845,9.061260149,8.850517622,9.349754428,4,-97.58039,32.28185,28,9
13.37616493,14.35434038,0.852563985,14.75867299,8.219595454,9.235228087,9.012864567,9.022805248,12,-97.2245,32.52806,28,9
12.07021283,13.37016052,-1.781979771,14.26765694,8.471149253,8.99019233,8.840435439,9.148464968,4,-97.49235,32.30929,28,9
13.33056708,14.06665831,0.669329129,14.47010192,7.981391582,9.185535253,9.021235863,9.315600883,2,-97.23225,32.47839,28,9
10.58228223,13.58460572,2.346276483,14.26506145,7.934871566,9.158309964,9.065545787,9.203517147,6,-97.43351,32.15791,28,6
11.7317959,14.42885667,2.268744483,14.28600906,7.385230923,9.04570155,8.681011277,9.265775079,11,-97.95758,32.87211,28,11
13.45541692,15.11782531,2.437878384,15.02369986,7.917536354,9.331584079,9.075551046,9.03539157,3,-97.09611,32.53398,28,9
11.64136265,15.16534838,1.609230857,14.91720409,8.180880942,9.012011377,8.688622307,9.320807825,12,-97.72636,32.43445,28,7
12.61533055,14.8014766,2.448590412,14.50467984,8.08085642,9.134322886,8.634442751,9.178849705,8,-97.86571,32.48293,28,7
12.91786492,14.93130767,2.569149201,14.90096263,7.720461695,9.130647603,9.002454823,9.231122911,11,-97.44598,32.50941,28,9
11.73852999,14.27823778,2.105911535,14.4412586,7.799343398,9.112948026,8.867850063,8.982184279,4,-97.71602,32.62557,28,11
13.8523814,15.82536083,-0.746209466,15.71204617,7.496652438,9.394743095,8.974491448,9.102755161,8,-97.25001,32.50289,28,9
13.03699066,14.47416981,0.598222596,14.38552354,7.708859601,9.148464968,8.885302513,9.173157581,8,-97.46201,32.50193,28,9
12.28311239,15.48340604,1.389518129,15.38291699,7.315883505,9.402694764,9.065198986,9.03085479,13,-97.21264,32.15616,28,6
11.27033147,15.15983643,1.316865287,14.88008197,8.151909873,9.052633376,8.752897525,9.141311786,5,-97.62972,32.4075,28,7
13.36341757,13.95091519,2.660816283,14.90751305,6.555356892,9.299083582,8.527539483,9.406893511,8,-97.33084,32.40483,28,9
12.25049615,13.44008957,1.154135966,14.3939638,7.973155433,9.030376035,8.815221556,9.165447603,2,-97.58257,32.45219,28,9
11.9792536,13.92839272,0.337327522,14.72011082,7.554858521,9.128045129,8.873187904,9.411156511,6,-97.54586,32.64408,28,13
10.95227915,14.14750851,0.244903842,14.97113247,7.864035659,9.072112253,8.652772486,9.061608318,13,-97.89803,32.69999,28,11
10.12008976,14.1385798,1.664595444,14.58919848,7.860956365,9.071767722,8.73777346,9.23931648,3,-97.9149,32.70268,28,11
13.20922341,13.95091519,2.077929889,14.91007466,7.58171964,9.242904363,8.855235623,9.251290358,9,-97.55719,32.25919,28,9
12.91714324,14.8456941,1.913178745,15.13187911,7.829232538,9.341894812,9.032289682,9.305104948,3,-97.19764,32.37287,28,9
12.2566802,13.72372416,2.09866539,14.60150306,7.446585099,9.239219332,9.047821442,9.044521887,7,-97.15136,32.47235,28,9
11.97932887,13.4501696,-0.868111276,14.39727915,8.086102536,9.048879706,8.838116598,9.135616826,3,-97.58258,32.45213,28,9
11.14804552,14.06665831,1.57806142,14.46708546,7.335633982,9.100190628,8.950143756,9.084210095,13,-97.34254,32.63805,28,13
12.43942788,13.68483223,0.726782943,14.41618383,8.238801166,9.143131622,8.906257878,9.081028635,6,-97.31767,32.79746,28,13
13.20592849,14.5348127,1.8674532,14.92885972,7.79399909,9.311813341,9.027858802,9.250714266,7,-97.21353,32.63116,28,13
11.90199015,14.48333993,0.348806476,14.74281482,7.754481547,9.087155271,8.590629509,9.348187439,3,-98.06427,32.42496,28,5
12.01890537,14.75980549,1.779268943,15.16453598,8.238801166,9.271717652,8.943375541,9.243388226,11,-97.31596,32.64107,28,13
11.21897043,14.06665831,2.561779739,14.4688571,8.019283793,9.094817281,8.939974177,9.061840364,12,-97.31582,32.64156,28,13
12.33379721,13.9251978,2.255053602,14.75242241,7.736307097,9.106756056,8.805674944,9.109525067,11,-97.59421,32.66039,28,11
13.04201846,14.35434038,2.252754431,14.57899411,7.977281987,9.150802659,8.960596139,9.153029005,3,-97.31148,32.6017,28,13
13.05446348,13.97251431,1.092658333,14.70593687,7.134890852,9.244355251,8.945332617,9.318656515,4,-97.38548,32.82177,28,13
12.05163276,14.3559843,2.192499331,14.80949762,7.758333467,9.147081032,8.997023381,9.096611607,8,-97.26358,32.62315,28,13
13.58254139,13.97251431,2.994909021,14.70641948,7.643961949,9.241063545,8.975630184,9.279866435,12,-97.34067,32.94531,28,13
13.50332675,14.5348127,1.661976682,14.92805928,7.813187268,9.29090602,9.01833205,9.115260166,8,-97.21358,32.63117,28,13
12.30911197,14.31045067,0.709357479,14.62643277,8.259458195,9.252729138,9.086929027,9.170143182,8,-97.14278,32.48451,28,9
13.40308881,14.75980549,-0.209196653,15.16488468,8.277920258,9.287301413,8.980172206,9.251482315,6,-97.19406,32.56305,28,13
11.66330045,13.64601559,2.160724067,14.46370849,8.300528606,9.078293591,8.906528918,9.188912425,7,-97.5882,32.68353,28,11
12.70515559,13.66235938,2.409076718,14.06233157,8.012349639,9.099297073,8.995536945,9.2490802,8,-97.26086,32.53872,28,9
11.66722471,13.63668289,1.996606076,14.46238969,7.69211334,9.097955241,8.864746661,9.259796981,7,-97.54588,32.64412,28,13
11.60370723,13.94495863,1.706375404,14.2572343,7.943427768,9.058470423,8.598404447,9.291090522,2,-97.86219,32.29903,28,7
12.63904267,14.14012708,0.257511407,14.6052471,7.888334501,9.004176841,8.779095811,9.086815886,9,-97.52045,32.33793,28,9
12.1199863,13.45954964,0.53425873,14.27069873,7.70616297,9.065661361,8.871926251,9.107532152,12,-97.45161,32.33682,28,9
13.17354877,14.91395617,2.281221383,15.31973861,7.650168701,9.318566777,8.974111581,9.249561085,6,-97.26541,32.58619,28,13
13.43443167,14.13707363,2.15171637,15.04543879,7.861341796,9.158204618,8.980927208,9.12608882,5,-97.19054,32.56777,28,13
12.27671749,15.3174078,1.522033854,15.05146098,7.715123604,9.131297165,8.778479953,9.219795531,6,-97.65517,32.49125,28,7
13.46114438,13.96393056,0.778017102,14.746414,7.129297549,9.298168082,8.902455592,9.190137665,4,-97.36258,32.55756,28,13
12.84351947,15.09655551,1.791012513,15.51270803,7.998335396,9.250522162,8.798605651,9.152499372,9,-97.49765,32.35811,28,9
12.7029251,15.01118845,1.572191888,14.98484409,7.759614151,9.263691547,8.928905412,9.325007447,5,-97.39791,32.54744,28,9
13.16493041,13.94615717,1.251026141,14.73187889,7.397561536,9.195023668,8.897408865,9.051696279,12,-97.26725,32.76884,28,13
13.12490215,14.18223484,2.119374213,14.96071059,7.176254532,9.341368634,8.931684111,9.304012848,9,-97.41105,32.36455,28,9
11.22099438,13.46493128,0.943443291,13.84086832,7.784889296,9.00675432,8.912742635,9.257700943,3,-97.3833,32.60404,28,13
10.84573839,13.92436496,1.460086953,14.74674507,7.857867559,9.016512875,8.670085938,9.273596822,6,-97.96285,32.76449,28,11
12.44318616,15.34417216,0.736592052,15.20129979,7.374001859,9.109414453,8.681181042,9.205528815,7,-97.67375,32.3359,28,7
13.22619533,14.35434038,1.584064621,14.75690513,7.957177323,9.200693995,8.960596139,9.298351249,12,-97.28437,32.57805,28,13
11.67053587,14.22097567,0.497029042,14.31911457,7.232010332,9.000976444,8.743691111,9.354873523,13,-97.90087,32.77623,28,11
12.56458939,14.13691992,0.475630078,14.96185912,7.527793988,9.17802377,8.872346979,9.122819774,5,-97.4743,32.69969,28,13
13.30595579,14.60351327,2.517086805,15.34992445,7.707062655,9.217713126,8.976641307,9.207335863,3,-97.4217,32.9162,28,13
12.39082874,14.04709836,1.465377861,15.25910874,7.731930722,9.269080867,8.802372134,9.1616752,13,-97.62674,32.74698,28,11
13.16410015,14.90659458,2.113381069,15.32666684,7.918264686,9.347315827,9.006999448,9.23122085,9,-97.21833,32.31648,28,9
12.83451062,14.37771727,0.93436562,15.327056,7.177782416,9.245128197,8.992184362,9.120743838,9,-97.54016,33.19878,28,14
12.26497814,14.14517108,1.401075228,14.94628215,7.889084407,9.151969459,8.872487182,9.325453179,6,-97.49311,32.72293,28,13
12.40964594,14.08559495,0.629099882,14.97010045,7.763021309,9.304194947,9.061608318,9.159888828,4,-97.51842,32.89386,28,13
11.98462141,14.17178542,2.810840266,14.58325209,7.845807503,9.177507215,8.96903285,9.272939514,9,-97.26887,32.39709,28,9
12.50427543,14.23356278,1.753271815,14.84625934,8.071530894,9.255600503,9.005773206,9.210340372,4,-97.27704,32.34181,28,9
12.32609761,14.77799762,1.182543022,14.82098071,7.938088727,9.097171674,8.835792367,9.390743423,9,-97.5,32.25481,28,9
12.538128,14.40051558,1.353519572,15.11417954,7.732369222,9.157888512,8.920656297,9.185637759,6,-97.36397,32.94686,28,13
12.27513685,13.92301877,1.939387267,14.71934564,7.767263997,8.973224663,8.608312785,9.131297165,8,-97.94571,32.71212,28,11
13.00982158,13.94653882,1.13471124,14.68100976,8.002694162,9.087042156,8.926118971,8.969160133,11,-97.39923,32.93073,28,13
13.58425545,14.95989258,0.19822312,15.65736601,8.007367068,9.365290732,9.025936649,9.428029073,6,-97.37207,33.07521,28,3
12.09657023,14.46501928,0.884815919,14.76324182,8.126813721,9.142275641,8.873468055,9.145801851,7,-97.67813,32.64968,28,11
12.63006833,14.2578192,2.843090047,15.20597422,7.739794458,9.218308542,8.99342737,9.09492952,12,-97.58166,33.21943,28,14
12.96485306,13.96634919,1.134794663,14.74045415,8.07121854,9.216421842,8.820994646,9.302463661,7,-97.48528,32.32776,28,9
13.48689537,13.89638523,0.354818567,14.67946998,7.460490306,9.19786285,8.93458687,9.390659926,8,-97.29086,32.75632,28,13
13.12213335,13.97428795,1.967750378,14.70908686,6.989335266,9.229750765,8.835501457,9.088624613,6,-97.4853,32.3278,28,9
11.70792465,13.60148779,0.120445103,14.75682321,7.82084088,9.085683767,8.89850221,9.209540052,13,-97.42388,32.19694,28,9
10.47663988,14.83146561,0.867652403,14.61743232,8.251142139,8.956866471,8.628734566,9.112727543,7,-97.80565,32.21406,28,12
11.63278634,14.20647098,1.991701408,14.04996747,7.370230642,9.078635881,8.895903562,9.307376334,4,-97.57703,32.54571,28,9
13.40105667,15.37281272,1.555424897,15.26126793,7.650644551,9.335650563,9.068315872,9.265775079,8,-97.09603,32.53396,28,9
11.57861957,14.7048822,1.711563763,14.55073015,7.904703914,9.135616826,8.794370279,9.28887425,6,-97.59735,32.25175,28,9
13.53330413,14.34731459,1.487542216,14.38808431,7.910590612,9.299266581,8.947676062,9.091556836,9,-97.31349,32.48991,28,9
13.71656387,13.21419296,2.066390775,15.41209542,7.918628653,9.397815294,9.16753725,9.207837242,8,-97.26074,32.4792,28,9
12.02531187,14.92288435,1.149623093,14.70170573,8.175266104,9.130539302,8.766082459,9.143880005,6,-97.59737,32.25169,28,9
13.09609127,14.73228117,2.289759531,14.64639677,8.054840221,9.287486581,8.936298185,9.497397249,5,-97.3139,32.48992,28,9
13.44676592,14.77768514,1.71765079,15.14590101,7.616775809,9.247925132,8.959311617,9.089302044,6,-97.38025,33.16363,28,3
12.81976528,14.30542281,-0.580638735,14.75459239,6.957497371,9.195531256,8.97525075,9.448569561,9,-97.25661,33.08706,28,3
12.75282028,12.77138645,0.45064364,13.5721643,8.271804031,9.296059247,8.936561205,9.203315757,5,-97.66381,33.19897,28,14
11.41350284,14.29966361,2.295454678,14.10252991,7.871311203,9.165970424,8.980298079,9.224539091,12,-97.34717,32.11182,28,6
11.93297044,14.0164085,1.966589981,14.57783859,7.592366129,9.12489141,8.78186249,9.222268943,13,-97.56883,32.22257,28,9
11.8691233,15.02572385,1.345514481,15.04634689,7.688913337,9.092794808,8.702842538,9.195937142,9,-97.70824,32.3681,28,7
12.79747222,14.25376549,2.002976926,14.84841457,7.564238475,9.083188586,8.845921233,9.129672469,6,-97.52982,32.9631,28,13
13.54935512,14.54233475,1.516232705,14.86204609,8.276394705,9.315690888,9.074062354,9.399140895,10,-97.10122,32.50496,28,9
13.73581346,15.6087689,-0.137332085,15.30831667,7.693937326,9.296518068,9.011889433,9.384713759,7,-97.21924,32.69856,28,13
13.51933788,15.33860596,1.664516619,15.03176721,7.560601163,9.331672657,9.028818495,9.092119741,4,-97.21924,32.69865,28,13
12.01757807,14.35569885,1.343528121,14.77934267,7.572502985,9.150165649,8.959311617,9.101863896,12,-97.24988,32.64281,28,13
11.7127922,14.6909793,1.984591711,14.69209908,7.660585462,9.202812106,9.008835996,9.096947685,6,-97.23264,32.16075,28,6
12.5707852,14.35582119,-0.291937672,14.78252558,7.691656823,9.249176396,9.046879823,9.322060622,8,-97.14752,32.50547,28,9
13.82669775,15.37743749,1.491472068,15.27012036,8.465899897,9.406975663,9.127284797,9.304468035,6,-97.26079,32.47918,28,9
13.35197556,15.647884,0.445708192,15.2580274,8.147577736,9.359708204,8.975883061,9.158625936,6,-97.21924,32.6986,28,13
11.70885403,14.12666499,1.682416844,14.3843794,8.043020885,9.044403844,8.61667647,9.062999784,4,-98.06489,32.43272,28,5
12.61073076,14.18534849,1.858336942,15.10390318,7.26612878,9.302098797,8.986071187,9.172638505,6,-97.25629,32.30341,28,9
12.12951012,14.94429505,1.410986528,14.97423534,8.247482004,9.361773076,9.170351364,9.294221856,8,-97.27709,33.25565,28,3
12.11367223,12.89834444,1.498366851,13.13986925,7.411556288,9.082507,8.874867636,9.276128113,8,-97.50121,32.1478,28,1
12.69524451,14.66398144,2.102681731,14.77549047,7.342779189,9.19776159,8.990316948,9.169518377,6,-97.49625,33.1535,28,14
12.2362138,14.77654518,1.327744043,14.90371487,8.174984533,9.37585481,9.099408811,9.37160852,6,-97.28712,33.25594,28,3
12.17320332,15.04257997,-0.026646233,15.03620065,8.355850041,9.368198457,9.129564062,9.237955539,7,-97.28558,33.2557,28,3
12.72647526,14.78040096,2.229784275,14.84196497,7.663877259,9.218308542,8.999619341,9.3615152,5,-97.49628,33.15356,28,14
12.31681316,14.87782429,0.08528099,14.85302374,7.809135398,9.357897936,9.132378831,9.367173166,8,-97.28243,33.25566,28,3
13.40827288,14.89782746,1.834051098,14.80680486,7.567862605,9.216819338,9.038721338,9.202812106,10,-97.36423,32.52525,28,9
13.35706863,15.13053714,1.070516297,15.01275659,7.528331767,9.226705726,9.051813464,9.378563004,8,-97.3639,32.52543,28,9
13.8316506,15.24641971,0.197416725,15.98335713,8.070906089,9.454775637,8.863191341,9.37585481,6,-97.47999,32.90295,28,13
12.98100947,14.21147939,2.267104405,14.59271852,8.24196656,9.184304357,8.994544758,9.22768901,7,-97.28573,32.4718,28,9
13.21859858,14.12038745,1.254118822,15.07487171,7.266827348,9.211739393,8.913011922,9.159573255,9,-97.45359,32.96271,28,13
13.68648329,14.07693669,2.506966912,14.54182652,8.212025805,9.141633174,8.962263554,9.230142999,6,-97.3145,32.56745,28,13
12.74068999,14.75551782,0.715155983,15.39093077,7.592870288,9.211339872,8.708969907,9.227295813,3,-97.63612,32.4013,28,7
12.33624967,14.68956162,1.835586163,14.66283442,8.161660452,9.345395603,9.032409163,9.064505024,9,-97.35981,32.38645,28,9
12.65117505,14.48333993,1.08574756,15.25895433,7.590852124,9.319732749,9.048174321,9.29825967,12,-97.04484,32.9422,28,13
13.32038438,14.4614613,1.067295352,15.33628118,7.623641947,9.438113192,9.051930635,9.279306576,4,-97.02363,32.93562,28,2
12.27732762,14.11783491,1.410214632,14.80016548,8.020270473,9.203819155,8.855948534,9.377717481,12,-97.60322,32.49104,28,9
12.58098576,14.74221369,2.011126505,15.09467784,8.43923165,9.232786561,9.007612005,9.192685437,2,-97.22486,32.25492,28,9
11.72194575,14.7012596,0.598491202,14.28272154,8.354203563,8.982184279,8.551787836,9.229554591,6,-98.13145,32.41596,28,5
12.19340778,13.59236701,1.164237922,14.74993429,7.876638461,9.156623089,9.071997422,9.338821534,12,-97.16706,33.08491,28,3
11.931991,13.80109008,0.643031504,15.02645103,8.054840221,9.13884437,8.827614751,9.21880445,3,-97.6007,32.71229,28,11
11.96721248,14.57832372,1.671283797,14.85544658,7.900266037,9.154510487,8.884610232,9.145268375,8,-97.65787,32.64461,28,11
13.0408561,14.12971966,1.760422204,14.36240578,7.35372233,9.10586835,8.954286157,9.215128889,5,-97.61841,32.82478,28,11
12.78188232,15.76792806,1.091490683,15.48522442,8.196987927,9.242807562,8.669055541,9.163772736,6,-97.71934,32.44227,28,7
12.96227209,14.4920506,1.420209004,15.12998556,7.813187268,9.203718496,8.974618038,9.333000385,6,-97.37827,32.99122,28,13
12.33237044,14.62697397,-0.318870376,15.39935986,8.347827346,9.28247497,8.905851181,9.11712799,10,-97.39761,32.49934,28,9
13.23375268,14.71891866,1.454425147,15.39207687,8.643120748,9.277438116,8.996528148,9.254548627,4,-97.43483,32.95033,28,13
13.33311527,13.93730244,1.711199377,14.81822629,8.102283624,9.157150543,9.016755623,9.208338369,8,-97.17427,32.56802,28,13
13.80134672,14.59875161,1.064047674,15.35313362,7.532623619,9.341544058,8.998754769,9.250041739,7,-97.25909,32.50522,28,9
13.29510923,14.58144341,1.853877785,15.38334992,7.897296473,9.390826913,9.017483513,9.284983915,9,-97.36228,33.0913,28,3
13.63164301,14.91411951,1.100313567,15.35873174,8.329416784,9.303375238,8.979416633,9.165029149,6,-97.19394,32.56311,28,13
12.61432719,14.31045067,0.501989687,14.62581658,7.095064377,9.243388226,9.058586817,9.350102314,6,-97.15146,32.4723,28,9
12.92214014,14.57841698,1.748532973,14.982781,7.539027056,9.270305953,9.015905747,9.265017933,8,-97.19737,32.61192,28,13
13.05079218,15.44259191,2.174924235,15.42842203,7.851661178,9.241063545,8.815815204,9.401208635,6,-97.53996,32.43326,28,9
13.53696661,14.93627565,1.062099665,15.11826297,7.112327445,9.167432871,8.802372134,9.291090522,12,-97.53774,32.38613,28,9
12.88248559,14.9664708,1.938160104,15.529703,8.16820293,9.357034751,8.987446789,9.249561085,11,-97.17739,32.77487,28,13
12.49895492,14.52846037,1.019153725,14.92474028,7.571988449,9.194718991,8.893709978,9.277251077,8,-97.40987,32.25494,28,9
13.05211686,14.3520127,0.793008139,15.07457364,7.716906135,9.160519677,8.945071894,9.248887782,11,-97.38198,32.93988,28,13
13.36885307,14.44144899,-0.380287265,14.85888494,7.640123173,9.16461052,8.845777255,9.428993858,10,-97.43802,32.80825,28,13
13.00244406,14.47948636,2.881451559,14.9207707,8.271292653,9.268797942,9.009936308,9.176886996,6,-97.11249,32.80678,28,13
12.45797468,14.1014411,1.547284682,14.56231603,7.865571758,9.045583646,8.862908295,9.363490551,11,-97.5473,32.40926,28,9
12.80694553,14.7205381,1.621856085,15.36329857,7.270312886,9.436838291,9.019664011,9.250618218,10,-97.25637,32.30343,28,9
12.14176876,14.06517919,1.357285679,15.26794372,7.580699752,9.22177475,8.824677891,9.054855469,11,-97.62623,32.6563,28,11
13.01451533,14.35434038,1.330776451,14.75577403,7.926963545,9.141097469,8.955060951,9.200895913,7,-97.25513,32.61087,28,13
12.99869405,14.5700637,2.188399262,16.60695072,8.131824785,9.169101624,8.846496939,9.116578992,12,-97.529,32.8846,28,13
13.03944036,15.71302546,-0.40534022,16.07490335,8.026170195,9.230241034,8.712924435,9.14484139,5,-97.62254,32.42007,28,7
12.71923454,14.13716135,0.430650664,15.00726158,8.041734711,9.199784858,8.940498218,9.232688776,2,-97.45357,32.96268,28,13
11.72885103,14.95334356,1.678458404,14.67314877,7.152268856,9.165029149,8.802372134,9.052399184,6,-97.75773,32.5992,28,11
12.07317534,12.55357666,-0.133218167,12.49743544,6.483107351,9.192990734,8.812396905,9.149103063,6,-97.72113,32.68473,28,11
11.86359642,14.41873303,1.981693274,14.7594577,7.937731775,9.069467813,8.775549434,9.176369852,2,-97.78286,32.60187,28,11
11.372962,14.36939567,2.394664094,14.49378367,7.785305183,9.164505836,8.77183541,9.207135241,7,-98.06369,33.212,28,8
13.08613498,14.5672167,1.696315283,14.95800767,7.45760929,9.181838012,8.893298144,9.179881164,12,-97.43633,32.97594,28,13
12.57470086,13.17992638,1.103401755,14.02318305,7.953318347,9.101863896,8.948455992,9.11712799,11,-97.32585,32.95134,28,13
12.03608472,12.59960012,2.583050588,13.33191092,7.170119543,9.212837252,9.176473302,9.200290036,8,-97.19012,33.09344,28,3
13.25963004,14.48333993,2.098039684,15.1500452,8.026496939,9.365890073,8.911799556,9.387314322,9,-97.438,32.35051,28,9
12.66657819,14.48293164,1.08385797,15.26620265,7.847371836,9.208238164,8.880585523,9.251866119,14,-97.45429,32.53478,28,9
12.90673899,13.80424737,2.759124059,14.58167211,7.98104976,9.225426009,8.896314324,9.227099156,6,-97.42549,32.32647,28,9
13.12480639,14.07905874,0.838761879,14.73631349,7.284820913,9.129455643,8.92385758,9.161150128,12,-97.3675,32.58684,28,13
13.38632022,14.06769161,2.677759725,14.13596955,7.621195163,9.205930663,8.999619341,9.190545745,12,-97.20911,32.49925,28,9
12.89615012,14.80542343,0.368996228,15.59150034,7.6118424,9.400133944,8.997147152,9.183174704,8,-97.07702,32.89352,28,13
13.53285583,14.95531757,1.888391163,15.53890589,8.123557835,9.327500992,9.13884437,9.071078305,9,-97.09762,33.12932,28,3
12.65251334,14.57680692,0.980251603,15.34958032,7.569927655,9.270494295,8.824677891,9.251002354,12,-97.61232,32.49885,28,9
11.76714899,12.20770631,0.21438811,12.34911615,7.833996342,9.159047078,9.011157458,9.251482315,7,-97.12999,32.37329,28,9
11.55835762,13.02849216,1.903550543,14.9472352,7.874358825,9.311090275,9.04274978,9.162199997,2,-97.23545,32.14504,28,6
13.13010732,14.01263944,1.319979369,14.88801704,8.017966703,9.213734605,9.007856923,9.305650552,8,-97.2454,32.57659,28,13
13.25432804,13.73060605,0.291765893,14.62654477,7.849713758,9.147932912,8.997270906,9.140347,7,-97.23184,32.62809,28,13
13.16580402,14.06276118,0.805152944,14.87060765,8.452334619,9.222762892,9.004668302,9.28042598,11,-97.35407,33.09779,28,3
13.14473525,14.63645447,1.442990271,14.93142234,6.688354714,9.228965836,8.885440912,9.273409063,10,-97.46003,32.89041,28,13
13.06043053,14.82692963,1.307488814,15.60507562,8.200837258,9.233470789,8.978912601,9.213834261,4,-97.33981,33.08017,28,3
12.92479985,14.37897607,1.710377361,15.20369214,8.07059354,9.317399444,9.006509132,9.320449595,7,-97.38838,33.09397,28,3
12.395738,16.3341743,1.465802315,15.30926957,7.407924323,9.242226561,8.93458687,9.270305953,12,-97.42676,33.01713,28,14
13.30257438,15.12201712,2.14311852,15.79563081,7.368339686,9.331849789,8.960596139,9.251098364,8,-97.42081,33.0553,28,14
11.73431548,14.17248546,-0.329309986,13.95928358,7.529406458,9.178849705,8.989693701,9.463431,6,-97.26085,32.99018,28,13
12.86976012,15.36625947,1.197675704,15.31413802,7.379008128,9.354613861,9.042986242,9.447386828,8,-97.12694,32.47704,28,9
12.45244432,14.88959105,0.835360421,14.72962773,7.114769448,9.207436159,8.884333185,9.2950491,5,-97.41347,32.10015,28,6
12.95029785,14.96627244,0.414051256,14.69366153,7.532088144,9.154510487,8.970432074,9.230829038,9,-97.28158,32.47731,28,9
12.15048594,10.39781787,0.959693938,14.73365078,7.847371836,9.173365136,8.940629185,9.223256597,9,-97.4133,32.1457,28,6
12.92340499,15.2060957,1.556546366,15.26986816,7.180831199,9.502636782,9.157993892,9.185637759,11,-97.21856,32.14502,28,6
11.31664291,13.70841298,1.102053238,13.88894502,7.592870288,9.143131622,8.88930832,9.47193511,4,-97.45859,32.20437,28,9
12.86423234,15.77043708,2.449725469,15.51355917,7.951207156,9.274253698,8.828201089,9.363490551,9,-97.64794,32.42458,28,7
13.12879068,15.42294647,2.211691306,15.31175917,7.89319887,9.424887076,9.009202901,9.213335881,8,-97.17008,32.48924,28,9
12.60350894,14.30531681,-0.583332622,14.70123651,7.600402335,9.169101624,8.907070776,9.174713194,6,-97.4099,32.25493,28,9
12.58955114,14.36073761,0.576769478,15.34742229,7.988542983,9.220686664,8.907883014,9.127176131,13,-97.69092,33.27312,28,14
12.84257011,14.13323675,2.53423522,14.53767367,8.282988693,9.068085324,8.908694593,9.278653012,6,-97.532,32.38844,28,9
12.63891619,13.98946387,2.532705838,15.24545188,7.308542798,9.26926944,8.997394646,9.249272582,6,-97.25247,32.22834,28,6
13.29142069,13.96070122,1.916176133,14.67603062,6.988413182,9.233666197,8.908153613,9.19258365,11,-97.37014,32.81232,28,13
13.29477095,14.43854638,0.616316515,15.11180417,7.601402335,9.30136867,8.925587339,9.229652683,2,-97.37758,32.50525,28,9
13.23786648,14.33386378,1.774731698,15.32128651,7.632885505,9.244645176,8.891374009,9.113829472,7,-97.46677,32.92255,28,13
13.07469718,14.28826041,1.220333702,14.99784248,7.504942068,9.14772001,8.939187601,9.216223035,13,-97.30509,32.97664,28,13
13.61536306,14.96760042,2.249646469,15.40337625,7.513163545,9.358070484,9.098290868,9.27967985,11,-97.1875,32.5776,28,13
12.54616689,14.20077296,1.087380074,15.18890051,8.123854263,9.254357257,9.017968479,9.005773206,6,-97.23692,32.23295,28,6
12.50851155,14.63272896,1.318393546,14.67925837,7.90617884,9.231808279,9.005650499,9.398146859,9,-97.23991,32.41579,28,9
11.93441483,14.21520505,1.795762798,14.75215906,8.081784207,9.331141072,9.058819564,9.087607607,10,-97.11349,32.44768,28,9
12.80770469,14.8908996,1.445117775,15.30704158,7.595387279,9.398395461,9.082166033,9.144200569,11,-97.04702,32.58712,28,13
12.69645165,14.04783583,1.317820627,15.00819226,7.585788822,9.261508659,9.047233034,8.708969907,5,-97.221,32.21433,28,6
12.11753101,15.03166882,1.415181851,15.47382663,8.009695358,9.368027648,8.879054662,9.355306142,3,-97.5312,32.85054,28,13
13.82473984,14.67046191,2.087883464,15.26326449,7.53369371,9.222861653,8.876823763,9.069928218,4,-97.48723,32.96399,28,13
13.25115933,14.14576853,1.645336501,14.80147585,7.988203597,9.071997422,8.847359875,9.426419026,9,-97.48723,32.96406,28,13
13.76408989,15.03560599,0.231244234,15.79703878,8.054840221,9.359794325,8.865593999,9.472396897,3,-97.48006,32.90371,28,13
13.43062572,14.00161993,1.245901283,14.66745688,8.639410824,9.25157828,8.939187601,9.301459965,8,-97.39958,32.3971,28,9
12.98280701,14.27103487,2.202517907,15.39342189,7.944846711,9.334679646,8.939843124,9.031213706,6,-97.36901,32.96344,28,13
12.23607795,15.16654037,1.455681108,14.93067903,8.326274787,9.253495642,8.952993499,9.166910814,8,-97.29171,32.12513,28,6
12.14887247,13.49157935,1.164212882,14.84655753,7.731930722,9.267948685,9.104535313,9.340929942,12,-97.18419,32.05569,28,6
13.60940724,14.57804946,2.084234048,14.8412876,7.457032089,9.220587688,8.998754769,9.261033486,8,-97.25837,32.53528,28,9
12.72619591,15.25126391,0.716918265,15.29843241,8.140607043,9.335474103,9.062999784,9.187583385,10,-97.13305,32.47246,28,9
13.2881083,14.44518532,2.183809955,15.22753114,7.928766322,9.211539653,8.881280595,9.193499355,2,-97.52824,33.08196,28,14
12.99195624,14.29180685,1.246841295,15.06070496,7.870165946,9.210640327,8.942460927,9.347664563,8,-97.40869,32.39609,28,9
12.23378508,14.37683916,1.764081361,15.02780147,8.55217416,9.404013917,9.097171674,9.341807135,2,-97.03745,32.92132,28,13
13.09959821,13.9789041,1.569522085,15.05344991,7.986504939,9.38965742,9.002208578,9.332380998,11,-97.21408,32.34643,28,9
12.969648,14.3641538,-0.238715201,15.43100012,8.04462628,9.334591334,8.992681751,9.430679996,6,-97.19961,32.33738,28,9
13.9421062,14.53507861,1.73501881,14.97999298,7.77317368,9.203617826,8.929037906,9.117676687,3,-97.27373,32.63291,28,13
12.80063629,13.09807068,2.032890926,14.66566149,7.932003152,9.182249492,8.919720656,9.230927006,14,-97.55931,32.86767,28,11
13.47973008,14.43167518,1.588703952,15.47440946,8.236950048,9.423191134,8.956479848,9.197255132,6,-97.34146,32.40684,28,9
13.37655588,14.40218549,1.688282909,15.46255249,7.871692664,9.403601869,8.951569643,9.226410552,5,-97.34153,32.40684,28,9
11.58660334,14.51677371,2.635485696,14.95222948,8.480114183,9.246961555,9.027738776,9.126415137,7,-97.37271,32.2254,28,9
11.50195551,14.38818359,-0.269370727,11.60049669,5.758901774,9.003316203,8.73809423,9.224046019,11,-97.8328,32.81673,28,11
12.80128445,14.03031141,1.785877094,14.94871942,8.310414994,9.182969175,9.022805248,9.277344601,2,-97.20278,32.58084,28,13
11.82588047,14.97778598,0.257672865,14.70566099,7.765569081,8.937218451,8.687779492,9.233079859,9,-97.7959,32.53036,28,7
12.18246107,10.69044379,2.372133431,15.05719236,8.320691571,9.046762058,8.655737001,9.254548627,6,-97.74039,32.3773,28,7
12.19660295,13.84971873,1.171274314,14.36633582,7.295056416,8.999989642,8.809862805,9.15377002,11,-97.75355,32.7744,28,11
13.07682193,13.28787782,1.739724873,10.50523191,8.01763716,9.005895898,8.901094122,9.141847376,2,-97.29868,32.57254,28,13
12.47104888,13.71248066,0.757855126,14.65130248,8.135639903,9.174920427,8.923324744,9.191870856,7,-97.42559,32.46907,28,9
11.33131965,13.93329359,1.824150333,12.2565994,8.152198016,8.98757175,8.74846363,9.337413455,8,-97.8143,32.83217,28,11
12.98847992,14.43096643,2.467071173,15.53612735,7.862882035,9.299723933,8.945853857,9.176266392,8,-97.37839,33.03882,28,3
12.7325777,14.08721568,1.603231297,14.87448973,8.055157732,9.22768901,8.996032669,9.019179867,4,-97.38322,33.09966,28,3
12.40331976,14.06393192,1.419960563,15.19417287,7.729295674,9.271435471,8.812843434,9.150802659,8,-97.58497,32.5991,28,11
12.88454518,14.45099155,0.340901417,14.29413319,7.776535028,9.345919666,9.139917908,9.056722883,3,-97.23451,33.08672,28,3
12.66318415,15.31268642,1.279900878,15.28842059,8.04462628,9.380589348,9.015298251,9.184509612,2,-97.23987,32.41585,28,9
12.14638633,13.79421848,1.985176347,14.71143857,7.733245647,9.121509158,8.998013113,8.996156562,10,-97.22691,32.43914,28,9
13.05954711,13.96730933,0.981137309,14.63797665,7.805474625,9.210340372,8.842893331,9.306195858,8,-97.47877,32.4015,28,9
13.21749354,14.8575525,1.751839255,15.06687655,8.140023952,9.287671715,8.895218584,9.355306142,9,-97.44449,32.96876,28,13
13.1839024,14.47690904,2.454168044,15.07619408,7.503840747,9.289613553,9.050758302,9.389741,11,-97.52084,32.93712,28,13
12.9615019,14.24089136,1.615850971,14.61792192,8.288534459,9.105757332,8.950792139,9.217018027,3,-97.45365,32.96273,28,13
12.90361017,14.25717901,1.549467293,14.65326704,7.75319427,9.261698664,9.004791129,9.256269304,9,-97.21363,32.63101,28,13
13.29479115,14.22775199,2.634185325,14.74374488,7.581209826,9.218110109,8.980046317,9.189525232,6,-97.21409,32.57936,28,13
13.07143212,14.8693141,0.629959487,15.71858418,8.30201781,9.474165108,9.129347213,9.19421099,12,-97.13255,32.36613,28,9
13.15069619,14.68820879,-0.602045803,15.02399557,7.843064017,9.274628862,8.996899596,9.245031612,12,-97.33424,32.46131,28,9
12.6244803,14.11205326,2.036967553,15.236202,7.23417718,9.28042598,8.924789361,9.282661034,4,-97.42353,32.46517,28,9
12.9182133,13.70178179,1.976487619,14.84751712,8.436850439,9.190545745,8.982184279,9.191667107,6,-97.35526,32.9636,28,13
13.09522648,14.25376549,-0.04302554,14.85281537,7.355001921,9.272563715,9.061144066,9.130539302,12,-97.52008,32.93684,28,13
13.17541303,14.79233179,0.990026295,15.39795418,7.888334501,9.243194709,8.907883014,9.304377014,4,-97.38615,32.91278,28,13
12.81045418,14.27720791,1.998882961,15.24265531,8.089175679,9.304012848,8.93115543,9.299358068,12,-97.35917,32.31261,28,9
12.6868802,14.88752559,2.514612176,15.3273524,7.707961532,9.375176614,9.029417836,9.013473544,7,-97.15915,32.57006,28,13
11.60791741,13.71174876,1.194916903,14.3852826,8.16251625,9.130972437,8.950662496,9.055789612,9,-97.19278,32.78089,28,13
12.46045126,13.97514333,0.94393755,14.70339935,7.740664402,9.369649154,9.129455643,9.239413619,6,-97.22267,33.24372,28,3
12.97176604,14.25046974,1.535320755,15.47206524,8.235360644,9.309189736,8.915969311,9.04192172,4,-97.44283,32.40341,28,9
13.36238922,14.99108389,0.56194384,15.20273798,7.069874128,9.376617232,8.924123892,9.418492105,8,-97.44445,32.96878,28,13
12.51224398,14.23933935,1.326980684,15.36566333,8.251924714,9.226705726,8.833462721,9.314159701,5,-97.58095,32.60927,28,11
10.74350181,13.0960194,1.783940349,14.51662591,7.875499292,9.002454823,8.910855587,9.168371887,10,-97.50822,33.03613,28,14
13.49052391,14.84076331,1.748496955,15.0807079,8.202756382,9.14484139,8.934323331,9.124782484,11,-97.19738,32.72726,28,13
13.48947151,14.06866718,0.779985844,15.05326315,7.98752448,9.235228087,8.927314111,9.466144706,8,-97.31869,32.51638,28,9
9.780302452,14.39492897,0.845974713,14.76584323,7.559038255,9.115150185,8.635864721,9.283126042,13,-97.94434,32.69077,28,11
12.50557335,14.2562791,1.584650569,14.63416817,8.188966864,9.201501423,8.984066928,9.452109387,7,-97.27385,32.59033,28,13
13.08621171,14.45219479,2.293981959,14.50800553,8.15564927,9.238344568,9.08148375,9.454070557,6,-97.29389,32.52185,28,9
12.42099852,14.97018807,-0.174340654,14.76590586,7.85902698,9.179365568,8.760609848,9.262743051,9,-97.59561,32.2603,28,9
12.28925503,14.73913434,1.65988694,14.71556296,7.646831391,9.095266164,8.848365695,9.027618735,4,-97.54926,32.42247,28,9
12.91599582,13.72427208,1.148475057,14.84207317,7.825644732,9.098961784,8.968523555,9.36048303,11,-97.22054,32.52724,28,9
13.16035449,14.20789043,2.544554844,14.78255752,8.185628891,9.172638505,9.046055178,9.312084356,14,-97.22919,32.46162,28,9
10.78900975,13.57662119,0.511625707,13.73350843,7.98616486,8.957639268,8.710289821,9.006631733,9,-97.98076,32.98332,28,11
13.17618846,14.57951035,2.083167544,15.00408055,7.666221926,9.256173788,8.997642079,9.008224188,6,-97.20664,32.59336,28,13
13.623112,14.36086166,1.492642963,14.70858834,7.818430272,9.227000813,9.021115039,9.32527491,11,-97.22908,32.52866,28,9
12.37517809,14.25762898,1.084905575,14.47029833,7.9490915,9.156517565,8.92598609,9.179056082,9,-97.52689,32.5095,28,9
12.20529735,14.35748595,2.339415704,14.5982443,8.268731832,9.150165649,8.91798071,8.968268811,8,-97.52695,32.50951,28,9
12.42681732,15.24983289,1.356182093,14.98106722,7.871311203,9.1111828,8.736168066,9.263122557,13,-97.61615,32.24057,28,12
10.78421328,15.40942866,0.310362038,15.25580009,5.056245805,9.363576348,8.830981511,9.234056899,9,-97.58055,32.33459,28,9
13.25365126,14.45405899,1.461717633,14.72487576,8.259716961,9.217812387,9.010302809,9.403354558,7,-97.23441,32.49827,28,9
12.64168214,14.95718234,-0.182069932,14.77814274,7.973155433,9.208438565,8.845057054,9.050992879,7,-97.67255,32.48427,28,7
12.91312027,13.8615159,0.775838744,14.67338034,7.944492164,9.223355309,8.951569643,9.21592475,8,-97.28751,32.70557,28,13
11.24855619,14.43720094,1.081475379,14.56887098,8.167351987,9.282381925,9.133999139,9.108307646,12,-97.24667,31.88372,28,6
13.04886968,13.42594341,2.940613983,14.69087679,7.551186867,9.079434102,8.946505026,9.155356064,6,-97.22242,32.531,28,9
13.97451231,16.09105328,2.171612644,15.89720082,7.62754439,9.451873788,9.05134464,9.083529205,11,-97.22066,32.7041,28,13
13.81828371,15.83425951,2.196712259,14.84959499,7.568895663,9.228376734,8.99305463,9.198773736,10,-97.22913,32.52859,28,9
12.61465622,15.73175647,1.215187244,15.50947637,7.395107547,9.258273026,8.74671635,9.236787542,6,-97.64465,32.42604,28,7
12.88891946,12.53918209,1.586801246,14.52761491,8.217978203,9.104979856,8.888756748,9.185125123,8,-97.43725,32.54387,28,9
11.70325653,14.59575245,1.272914273,14.32217032,7.440733707,9.209540052,8.644882553,9.225622996,6,-97.94442,32.44709,28,7
12.2709283,14.62109317,0.851896526,14.87034022,7.921898411,9.213435577,8.81135423,9.373054282,6,-97.66757,32.48693,28,7
13.17985651,15.37192737,1.957780555,15.32694659,8.194781638,9.37160852,9.03085479,9.144734615,12,-97.15196,32.47418,28,9
12.19504203,14.59369717,-1.410125827,14.76725492,8.110427238,9.056606272,8.708639656,9.141633174,7,-97.73089,32.46324,28,7
12.63560253,14.41725546,1.475051372,14.75854214,8.181160858,9.007367027,8.70417056,9.104312967,9,-97.73586,32.4941,28,7
13.77391535,14.99046641,0.908512396,15.13760554,7.666221926,9.343209045,9.076808979,9.327056172,9,-97.10671,32.72518,28,13
13.85169301,14.98489192,1.171273696,15.13522912,7.374001859,9.341982481,9.104424146,9.361773076,8,-97.10674,32.7252,28,13
13.14788881,15.08695508,0.724724776,15.02197406,8.08671792,9.414178772,8.988570876,9.3733092,2,-97.22435,32.61386,28,13
12.70541357,14.82303043,0.716039532,14.6321047,8.349247801,9.183996397,8.850660919,9.224834818,3,-97.59247,32.49095,28,9
13.89508208,14.89119534,2.021063746,15.45532209,7.718685495,9.38345299,8.915969311,9.03705784,5,-97.43789,32.8719,28,13
11.94414928,14.97966087,0.608051137,14.7088978,7.571473649,8.984818996,8.728264161,9.2623634,12,-97.79603,32.5303,28,7
11.61074159,13.41601907,3.094601123,14.22938818,7.467371067,9.106977859,8.895766604,9.273315171,4,-97.39788,32.5092,28,9
13.16566039,13.69424647,1.969519442,14.43382643,7.845416037,9.156939595,8.933004592,9.381685238,7,-97.39876,32.38485,28,9
12.20259159,14.04634446,1.118300281,15.00269767,7.796057974,9.29376198,8.99751837,9.272845577,14,-97.25167,32.40069,28,9
12.58235608,14.25666451,2.689526814,15.06662417,7.568895663,9.296518068,9.007734472,9.119540008,8,-97.36923,33.13004,28,3
13.02064068,13.92380875,2.250630033,14.67544425,7.922985959,9.192380047,8.910585718,9.256746745,7,-97.57074,32.76693,28,11
13.48675785,14.37206796,2.060800058,15.11158586,8.143517406,9.406400455,9.023769801,9.153981638,6,-97.11558,32.80792,28,13
13.47176876,15.15165623,0.660568256,15.34626883,8.422003004,9.298351249,8.989693701,9.034914982,5,-97.20885,32.54412,28,9
12.51751641,14.30444634,3.209411782,15.04676501,8.125926803,9.294129898,8.962904128,9.287579152,4,-97.43113,32.37534,28,9
13.10463719,14.70132641,2.452293863,14.98863274,7.694392803,9.142275641,8.860782896,9.162304923,9,-97.6205,32.71071,28,11
13.12236738,15.31198132,1.623084477,15.29068492,8.244334048,9.201097791,8.820847033,9.127719343,11,-97.51266,32.33966,28,9
13.33518504,14.13245042,-0.892035536,14.79282038,8.5201887,9.21662061,8.929302842,9.129780864,9,-97.3109,32.51461,28,9
12.52682918,13.59983902,1.629182277,14.28082446,7.499976541,9.219894585,8.867850063,9.35296777,8,-97.45873,32.35298,28,9
12.75056029,14.33430435,2.024320187,15.1463847,7.765569081,9.299358068,8.938006576,9.523324627,9,-97.42163,32.51105,28,9
11.94385687,14.71689068,1.220719425,15.41719368,8.301025254,9.254261559,9.038365107,9.165865882,9,-97.2449,33.12546,28,3
11.47333188,14.5781838,0.32974462,14.72358926,8.096817471,8.914894909,8.669055541,9.14665482,10,-97.68222,32.29141,28,12
12.80768551,13.98449355,2.120397703,14.85131083,7.572502985,9.131729971,8.853665428,9.37551577,6,-97.53013,32.39483,28,9
13.03928824,14.95622402,1.10174722,15.35392132,8.361474616,9.276315361,8.792549614,9.140561477,8,-97.53391,32.38412,28,9
11.9059063,13.65045901,2.184792404,14.47550005,8.4740769,9.062188331,8.849944227,9.155672971,2,-97.57587,32.73697,28,11
13.23890653,13.91785322,1.845606316,14.58784131,7.765144903,9.098179005,8.951440101,9.416134285,11,-97.52528,32.6263,28,13